caller_nonexact_bytes	unit	symbol	ours	map	delta	nonexact_callers(size,fuzzy)
6280	mario/Enemy/Koopa	getAnmEnd__6TKoopaCFv	44	72	-28	execute__16TNerveKoopaTurnLCFP24TSpineBase<10TLiveActor>(408,99.9);execute__16TNerveKoopaTurnRCFP24TSpineBase<10TLiveActor>(400,99.9);execute__15TNerveKoopaWaitCFP24TSpineBase<10TLiveActor>(2268,99.8);execute__17TNerveKoopaTumbleCFP24TSpineBase<10TLiveActor>(464,99.9);execute__16TNerveKoopaFlameCFP24TSpineBase<10TLiveActor>(2740,99.9)
6280	mario/Enemy/Koopa	laugh__6TKoopaFv	120	104	16	execute__16TNerveKoopaTurnLCFP24TSpineBase<10TLiveActor>(408,99.9);execute__16TNerveKoopaTurnRCFP24TSpineBase<10TLiveActor>(400,99.9);execute__15TNerveKoopaWaitCFP24TSpineBase<10TLiveActor>(2268,99.8);execute__17TNerveKoopaTumbleCFP24TSpineBase<10TLiveActor>(464,99.9);execute__16TNerveKoopaFlameCFP24TSpineBase<10TLiveActor>(2740,99.9)
5252	mario/Enemy/fireWanwan	reset__11TTailRubberFRCQ29JGeometry8TVec3<f>RCQ29JGeometry8TVec3<f>	292	280	12	perform__19TFireWanwanTailNodeFUlPQ26JDrama9TGraphicsRCQ29JGeometry8TVec3<f>RCQ29JGeometry8TVec3<f>(496,97.3);init__18TFireWanwanTailHitFv(1240,96.9);perform__18TFireWanwanTailHitFUlPQ26JDrama9TGraphics(1628,99.0);behaveToWater__11TFireWanwanFP9THitActor(904,99.9);bindPoint__11TFireWanwanFPQ29JGeometry8TVec3<f>RCQ29JGeometry8TVec3<f>RCQ29JGeometry8TVec3<f>fP18TBGWallCheckRecord(984,99.9)
5248	mario/Enemy/bosswanwan	pullTail__8TBWLeashFRCQ29JGeometry8TVec3<f>	200	196	4	perform__8TBWLeashFUlPQ26JDrama9TGraphics(1332,98.7);moveRequest__9TBWPicketFRCQ29JGeometry8TVec3<f>(440,99.8);perform__9TBWPicketFUlPQ26JDrama9TGraphics(1328,99.6);perform__11TBossWanwanFUlPQ26JDrama9TGraphics(2148,99.8)
4536	mario/Player/WaterGun	init__13TNozzleButtonFv	4	12	-8	animation__11TNozzleBaseFi(1208,99.7);animation__14TNozzleTriggerFi(1396,98.5);animation__13TNozzleDeformFi(1932,99.7)
4432	mario/Enemy/enemyMario	kill__11TEnemyMarioFv	4	76	-72	initEnemyValues__11TEnemyMarioFv(4432,99.8)
4176	mario/Enemy/fireWanwan	bindBody__18TFireWanwanTailHitFv	268	288	-20	perform__19TFireWanwanTailNodeFUlPQ26JDrama9TGraphicsRCQ29JGeometry8TVec3<f>RCQ29JGeometry8TVec3<f>(496,97.3);perform__18TFireWanwanTailHitFUlPQ26JDrama9TGraphics(1628,99.0);bind__11TFireWanwanFv(2052,99.6)
4132	mario/Enemy/bossgesso	performInContainer__10TBossGessoFUlPQ26JDrama9TGraphics	260	256	4	perform__10TBGBeakHitFUlPQ26JDrama9TGraphics(1624,99.8);perform__10TBossGessoFUlPQ26JDrama9TGraphics(2508,98.3)
3836	mario/Enemy/bosspakkun	vomitFinished__8TBPVomitFv	64	60	4	perform__10TBPTornadoFUlPQ26JDrama9TGraphics(1836,99.9);perform__11TBossPakkunFUlPQ26JDrama9TGraphics(2000,100.0)
3168	mario/GC2D/Guide	mmarkPattern__6TGuideFP7TExPanesUl	316	320	-4	linkSelect__6TGuideFv(3168,99.5)
3168	mario/GC2D/Guide	shinePattern__6TGuideFP10TBoundPanesUl	284	320	-36	linkSelect__6TGuideFv(3168,99.5)
2648	mario/Enemy/bossgesso	inSight__10TBossGessoFv	388	380	8	doAttackSingle__10TBossGessoFv(2648,93.3)
2648	mario/Enemy/bossgesso	inSightAngle__10TBossGessoFf	196	364	-168	doAttackSingle__10TBossGessoFv(2648,93.3)
2588	mario/Player/MarioRun	broadJumpSlip__6TMarioFv	112	328	-216	moveMain__6TMarioFv(2588,100.0)
2588	mario/Player/MarioRun	ultraJumpSlip__6TMarioFv	88	304	-216	moveMain__6TMarioFv(2588,100.0)
2588	mario/Player/MarioRun	uTurnJumpSlip__6TMarioFv	120	348	-228	moveMain__6TMarioFv(2588,100.0)
2588	mario/Player/MarioRun	secJumpSlip__6TMarioFv	88	304	-216	moveMain__6TMarioFv(2588,100.0)
2588	mario/Player/MarioRun	landSlip__6TMarioFv	88	304	-216	moveMain__6TMarioFv(2588,100.0)
2588	mario/Player/MarioRun	jumpSlip__6TMarioFv	88	304	-216	moveMain__6TMarioFv(2588,100.0)
2540	mario/GC2D/Option	getValue__16TOptionSoundUnitCFv	80	84	-4	update__17TOptionRumbleUnitFv(964,99.8);update__19TOptionSubtitleUnitFv(644,99.7);update__16TOptionSoundUnitFv(724,99.6);isChangedSetting__14TOptionControlCFv(208,98.8)
2484	mario/Enemy/bossManta	startWalkAnim__10TBossMantaFv	216	212	4	execute__15TNerveMantaMoveCFP24TSpineBase<10TLiveActor>(2484,98.9)
2428	mario/Player/WaterGun	animation__12TNozzleTurboFi	4	1252	-1248	emit__11TNozzleBaseFi(716,94.2);emit__14TNozzleTriggerFi(776,94.6);emit__13TNozzleDeformFi(936,93.9)
2396	mario/Enemy/Koopa	set__11TKoopaPartsFRCQ29JGeometry8TVec3<f>ff	108	132	-24	control__11TKoopaFlameFv(240,94.3);setUpHitActors__6TKoopaFv(1176,98.1);updateAnmSound__6TKoopaFv(200,99.5);calcRootMatrix__6TKoopaFv(780,81.7)
2332	mario/GC2D/Option	hide__16TOptionSoundUnitFv	4	48	-44	update__17TOptionRumbleUnitFv(964,99.8);update__19TOptionSubtitleUnitFv(644,99.7);update__16TOptionSoundUnitFv(724,99.6)
2332	mario/GC2D/Option	show__17TOptionRumbleUnitFv	4	12	-8	update__17TOptionRumbleUnitFv(964,99.8);update__19TOptionSubtitleUnitFv(644,99.7);update__16TOptionSoundUnitFv(724,99.6)
2332	mario/GC2D/Option	updateScale__13TArrowControlFv	228	268	-40	update__17TOptionRumbleUnitFv(964,99.8);update__19TOptionSubtitleUnitFv(644,99.7);update__16TOptionSoundUnitFv(724,99.6)
2232	mario/Enemy/Kazekun	getAroundQuat__8TKazekunFRQ29JGeometry9TQuat4<f>RCQ29JGeometry8TVec3<f>f	992	984	8	flyAroundMario__8TKazekunFv(916,97.3);doAttackPose__8TKazekunFb(1316,87.6)
2124	mario/Enemy/fireWanwan	checkBalloonHelpBoss23__18TFireWanwanManagerFv	124	128	-4	perform__19TFireWanwanTailNodeFUlPQ26JDrama9TGraphicsRCQ29JGeometry8TVec3<f>RCQ29JGeometry8TVec3<f>(496,97.3);perform__18TFireWanwanTailHitFUlPQ26JDrama9TGraphics(1628,99.0)
2124	mario/Enemy/fireWanwan	checkBalloonHelpBoss22__18TFireWanwanManagerFv	232	228	4	perform__19TFireWanwanTailNodeFUlPQ26JDrama9TGraphicsRCQ29JGeometry8TVec3<f>RCQ29JGeometry8TVec3<f>(496,97.3);perform__18TFireWanwanTailHitFUlPQ26JDrama9TGraphics(1628,99.0)
2052	mario/Enemy/fireWanwan	emitEffectsOnHittingWall__11TFireWanwanFRCQ29JGeometry8TVec3<f>RCQ29JGeometry8TVec3<f>	656	684	-28	bind__11TFireWanwanFv(2052,99.6)
2020	mario/Enemy/enemyMario	canJumpToNode__11TEnemyMarioCFv	112	108	4	emReplayJumpToNearestNode__11TEnemyMarioFv(2020,98.1)
1968	mario/MoveBG/MapObjCorona	isCracking__12TBathtubGripCFv	32	40	-8	perform__8TBathtubFUlPQ26JDrama9TGraphics(772,99.6);control__8TBathtubFv(1196,99.0)
1936	mario/Enemy/bosswanwan	changeBck__11TBossWanwanFi	320	324	-4	init__11TBossWanwanFP12TLiveManager(1936,99.7)
1936	mario/Player/MarioRun	changePlayerCatching__6TMarioFv	104	108	-4	running__6TMarioFv(1936,99.6)
1836	mario/Camera/cameralib	CLBCalcNearClipAngle__FPQ29JGeometry8TVec3<f>P6S16VecRCQ29JGeometry8TVec3<f>RCQ29JGeometry8TVec3<f>sf	332	340	-8	CLBCalcNearNinePos__FPQ29JGeometry8TVec3<f>P6S16VecRCQ29JGeometry8TVec3<f>RCQ29JGeometry8TVec3<f>sfRCQ29JGeometry8TVec2<f>(1836,92.0)
1780	mario/Enemy/Kumokun	checkWalls__12TWallAtGraphFPQ29JGeometry8TVec3<f>f	164	176	-12	bind__8TKumokunFv(1780,99.5)
1768	mario/Enemy/fireWanwan	updateHitPoint__11TFireWanwanFv	252	232	20	moveObject__11TFireWanwanFv(1768,98.9)
1768	mario/GC2D/Option	update__13TArrowControlFv	316	340	-24	loadSetting__14TOptionControlFv(1232,100.0);movementOption__14TOptionControlFv(536,100.0)
1676	mario/Animal/BeeHive	setBoidParamOnWaiting__8TBeeHiveFv	196	192	4	doWait__8TBeeHiveFv(1676,95.5)
1676	mario/Animal/BeeHive	setBoidParamOnAttacking__8TBeeHiveFv	224	220	4	doWait__8TBeeHiveFv(1676,95.5)
1636	mario/Map/MapWire	initTipPoints__8TMapWireFPC16TCubeGeneralInfo	500	496	4	init__8TMapWireFPC16TCubeGeneralInfo(1636,98.9)
1632	mario/MoveBG/MapObjMonte	findNextFluff__13TFluffManagerFv	244	280	-36	control__11TSwingBoardFv(756,99.9);control__13TFluffManagerFv(876,99.6)
1628	mario/MoveBG/MapObjCorona	getDir__9@unnamed@FPA4_fRCQ29JGeometry8TVec3<f>RCQ29JGeometry8TVec3<f>	300	360	-60	getNearGrip__8TBathtubCFRCQ29JGeometry8TVec3<f>fPf(460,99.9);getNextJuncture__8TBathtubCFRCQ29JGeometry8TVec3<f>RCQ29JGeometry8TVec3<f>(576,99.5);getNextGrip__8TBathtubCFRCQ29JGeometry8TVec3<f>RCQ29JGeometry8TVec3<f>fPf(592,99.5)
1628	mario/MoveBG/MapObjCorona	getDir__9@unnamed@FPA4_fRCQ29JGeometry8TVec3<f>	116	156	-40	getNearGrip__8TBathtubCFRCQ29JGeometry8TVec3<f>fPf(460,99.9);getNextJuncture__8TBathtubCFRCQ29JGeometry8TVec3<f>RCQ29JGeometry8TVec3<f>(576,99.5);getNextGrip__8TBathtubCFRCQ29JGeometry8TVec3<f>RCQ29JGeometry8TVec3<f>fPf(592,99.5)
1584	mario/MoveBG/MapObjBall	rotting__11TResetFruitFv	160	172	-12	control__11TResetFruitFv(1584,99.9)
1508	mario/Enemy/cannon	entryObjCollision__7TCannonFv	100	88	12	init__7TCannonFP12TLiveManager(1508,99.8)
1508	mario/Enemy/tinkoopa	makeCoasterDistanceTable__9TTinKoopaFv	388	364	24	init__9TTinKoopaFP12TLiveManager(1508,95.0)
1440	mario/Enemy/wireTrap	behaveHitWireTrap__9TWireTrapFP9TWireTrapRCQ29JGeometry8TVec3<f>RCQ29JGeometry8TVec3<f>	688	600	88	checkHitActors__9TWireTrapFv(1440,99.0)
1400	mario/Map/MapMakeList	addCheckDataToList__17TMapCollisionDataFiiiiP12TBGCheckData	624	636	-12	addCheckDataToGrid__17TMapCollisionDataFP12TBGCheckDatai(1400,93.1)
1392	mario/Enemy/koopajr	makeDirection__17TKoopaJrSubmarineFv	296	396	-100	makeRelativeAngle__17TKoopaJrSubmarineFv(504,99.6);checkNerve__17TKoopaJrSubmarineFv(888,99.6)
1260	mario/MoveBG/MapObjSirena	getSlotResult__13TItemSlotDrumFv	228	140	88	generateItem__13TItemSlotDrumFv(1260,96.0)
1232	mario/Enemy/koopajr	checkKillerLaunch__17TKoopaJrSubmarineFv	268	256	12	perform__8TKoopaJrFUlPQ26JDrama9TGraphics(1232,99.9)
1232	mario/Enemy/koopajr	checkNerve__8TKoopaJrFv	1572	1184	388	perform__8TKoopaJrFUlPQ26JDrama9TGraphics(1232,99.9)
1196	mario/MoveBG/MapObjCorona	marioIsOn__12TBathtubGripCFv	8	160	-152	control__8TBathtubFv(1196,99.0)
1192	mario/Enemy/Koopa	isTumbling__6TKoopaCFv	240	236	4	perform__6TKoopaFUlPQ26JDrama9TGraphics(1192,99.9)
1176	mario/Enemy/Koopa	breathFlame__6TKoopaFv	692	448	244	setUpHitActors__6TKoopaFv(1176,98.1)
1164	mario/Enemy/cannon	calcObjCollision__7TCannonFv	376	300	76	calcRootMatrix__7TCannonFv(1164,99.9)
1012	mario/Enemy/Amenbo	checkMarioWaterIn__7TAmenboFv	708	724	-16	control__7TAmenboFv(1012,99.9)
1004	mario/Enemy/graph	getNthT__11TSplineRailFi	20	36	-16	calcSplineSpeed__12TGraphTracerFf(624,98.1);traceSpline__12TGraphTracerFf(380,99.1)
996	mario/MoveBG/MapObjCorona	trample__8TBathtubFRCQ29JGeometry8TVec3<f>	76	84	-8	receiveMessage__12TBathtubGripFP9THitActorUl(804,98.9);receiveMessage__8TBathtubFP9THitActorUl(192,95.7)
956	mario/Animal/Bird	checkChangeToItem__11TAnimalBirdFv	236	272	-36	moveObject__11TAnimalBirdFv(956,97.8)
932	mario/Enemy/limitkoopajr	calcTargetDirection__13TLimitKoopaJrFv	172	156	16	moveRun__13TLimitKoopaJrFv(932,99.6)
920	mario/Animal/BeeHive	setShakePower__8TBeeHiveFRCQ29JGeometry8TVec3<f>	720	724	-4	receiveMessage__8TBeeHiveFP9THitActorUl(920,98.8)
920	mario/Animal/BeeHive	behaveToEat__4TBeeFv	248	252	-4	receiveMessage__8TBeeHiveFP9THitActorUl(920,98.8)
920	mario/Animal/BeeHive	SMS_EmitWaterHitParticleAndSound__9@unnamed@FPQ29JGeometry8TVec3<f>	168	156	12	receiveMessage__8TBeeHiveFP9THitActorUl(920,98.8)
916	mario/Enemy/Kazekun	getAroundRate__8TKazekunCFRCQ29JGeometry8TVec3<f>	188	192	-4	flyAroundMario__8TKazekunFv(916,97.3)
808	mario/Map/MapWarp	loadWarpPointPos__FR20JSUMemoryInputStreamiP3Vec	196	300	-104	init__8TMapWarpFR20JSUMemoryInputStream(808,98.3)
728	mario/MarioUtil/ShadowUtil	calc__12TModelShadowFiPQ26JDrama9TGraphics	4	880	-876	entryDrawShadow__16TMBindShadowBodyFv(728,99.4)
724	mario/Enemy/bosswanwan	isHeadPulled__11TBossWanwanFv	152	112	40	control__11TBossWanwanFv(724,98.7)
704	mario/Strategic/ObjHitCheck	checkActorsInList__12TObjHitCheckFP9THitActorP13TObjCheckList	584	576	8	checkAndEntryGroup__12TObjHitCheckFP12TIdxGroupObj(704,99.8)
700	mario/Enemy/Kumokun	checkRoofPlane__8TKumokunFPQ29JGeometry8TVec3<f>f	152	144	8	bindOnFlying__8TKumokunFv(700,99.4)
700	mario/Enemy/Kumokun	checkFloorPlane__8TKumokunFPQ29JGeometry8TVec3<f>ff	140	136	4	bindOnFlying__8TKumokunFv(700,99.4)
660	mario/Enemy/bossManta	initAdditionalCollision__17TBossMantaManagerFv	340	156	184	init__10TBossMantaFP12TLiveManager(660,99.1)
640	mario/Map/MapWire	updatePointAtReleased__8TMapWireFi	240	248	-8	move__8TMapWireFv(640,99.6)
636	mario/Enemy/tinkoopa	makeHitCollision__9TTinKoopaFv	408	416	-8	reset__9TTinKoopaFv(636,98.6)
624	mario/JSystem/JParticle/JPAMath	JPAGetSVecElement__FPA4_fRQ29JGeometry8TVec3<f>	384	396	-12	JPAGetRMtxTVecElement__FPA4_fPA4_fRQ29JGeometry8TVec3<f>(624,99.2)
612	mario/Enemy/cannon	hitHead__7TCannonFP8TBombHei	256	340	-84	bombSet__7TCannonFv(612,99.9)
604	mario/Enemy/bossManta	updateAnimBlend__10TBossMantaFv	492	496	-4	control__10TBossMantaFv(604,99.9)
544	mario/Enemy/wireTrap	initWire__9TWireTrapFv	520	264	256	load__9TWireTrapFR20JSUMemoryInputStream(544,99.9)
536	mario/GC2D/Option	movementCommon__14TOptionControlFv	392	1696	-1304	movementOption__14TOptionControlFv(536,100.0)
480	mario/Enemy/bossManta	isPolluting__10TBossMantaFv	56	40	16	moveObject__10TBossMantaFv(480,100.0)
468	mario/Map/PollutionLayer	isProhibit__15TPollutionLayerCFfff	4	176	-172	initTexImage__15TPollutionLayerFPCc(468,99.9)
404	mario/Enemy/tinkoopa	checkKillerApproachingFromBack__9TTinKoopaFP14TCoasterKillerQ29JGeometry8TVec3<f>f	680	220	460	checkTinKoopaKillerApproachingMessage__9TTinKoopaFv(404,99.8)
392	mario/Enemy/enemyAttachment	generate__18TEnemyPolluteModelFRQ29JGeometry8TVec3<f>RQ29JGeometry8TVec3<f>	248	376	-128	generatePolluteModel__25TEnemyPolluteModelManagerFRQ29JGeometry8TVec3<f>RQ29JGeometry8TVec3<f>(392,99.9)
364	mario/Enemy/tinkoopa	makeKillerQueue__9TTinKoopaFiSc	56	68	-12	checkOrder__20TTinKoopaLaunchOrderFv(364,98.8)
340	mario/Enemy/enemymanager	createEnemy__13TEnemyManagerFv	4	248	-244	createEnemies__13TEnemyManagerFi(340,99.7)
332	mario/Player/WaterGun	movement__12TNozzleTurboFRC20TMarioControllerWork	4	308	-304	perform__9TWaterGunFUlPQ26JDrama9TGraphics(332,99.9)
332	mario/Player/WaterGun	movement__13TNozzleButtonFRC20TMarioControllerWork	4	40	-36	perform__9TWaterGunFUlPQ26JDrama9TGraphics(332,99.9)
284	mario/Enemy/Kukku	doFlyToCurPathNode__6TKukkuFv	788	712	76	calcMomentum__6TKukkuFf(284,95.8)
272	mario/MSound/MSModBgm	getTiming__10MSBgmXFadeFfPUl	96	148	-52	xFadeBgm__10MSBgmXFadeFf(272,99.4)
244	mario/Enemy/tinkoopa	checkKillerLaunch__9TTinKoopaFv	428	216	212	perform__18TTinKoopaPartsBaseFUlPQ26JDrama9TGraphics(244,95.1)
0	mario/Animal/AnimalBase	animalWalkIn__11TAnimalBaseFv	4	92	-88	
0	mario/Animal/AnimalBase	flyToCurPathNode__11TAnimalBaseFff	4	1184	-1180	
0	mario/Animal/BeeHive	dropCoin__8TBeeHiveFv	220	224	-4	
0	mario/Animal/BeeHive	prepareWait__8TBeeHiveFv	512	288	224	
0	mario/Animal/BeeHive	setBoidParamOnMarioWaterIn__8TBeeHiveFv	224	220	4	
0	mario/Animal/Bird	doWalk__11TAnimalBirdFv	404	408	-4	
0	mario/Animal/Bird	isChangeToItem__11TAnimalBirdCFv	168	152	16	
0	mario/Animal/Butterfly	receiveMessageFromChild__12TButterfloidFP10TButterfly	256	260	-4	
0	mario/Animal/fishoid	initBoids__8TFishoidFv	4	144	-140	
0	mario/Animal/fishoid	performItem__8TFishoidFUlPQ26JDrama9TGraphics	4	72	-68	
0	mario/Animal/fishoid	calcRootMatrixOnTaking__13TRealoidActorFv	4	76	-72	
0	mario/Camera/CameraBck	restartDemo__10TCameraBckFv	4	164	-160	
0	mario/Camera/CameraBck	isNowDemo__10TCameraBckCFv	4	60	-56	
0	mario/Camera/CameraBck	getDemoFileName__10TCameraBckCFv	4	40	-36	
0	mario/Camera/CameraChange	getLButtonCameraModeByNozzle___15CPolarSubCameraFv	4	8	-4	
0	mario/Camera/CameraDemo	restartReproduceDemoCamera___15CPolarSubCameraFv	4	68	-64	
0	mario/Camera/CameraInbetween	setInbetModePosAngleY__16TCameraInbetweenFQ216TCameraInbetween18EnumAngleInbetModess	112	188	-76	
0	mario/Camera/CameraInbetween	execInbetweenAndCalcPosAndAt__16TCameraInbetweenFRCQ29JGeometry8TVec3<f>RCQ29JGeometry8TVec3<f>RCQ29JGeometry8TVec3<f>ffffPQ29JGeometry8TVec3<f>PQ29JGeometry8TVec3<f>	124	236	-112	
0	mario/Camera/CameraMarioData	isMarioDoorDemoEnd__16TCameraMarioDataCFv	4	48	-44	
0	mario/Camera/CameraMarioData	isMarioDoorDemoStart__16TCameraMarioDataCFv	4	72	-68	
0	mario/Camera/CameraMarioData	isMarioBathtub__16TCameraMarioDataCFv	4	112	-108	
0	mario/Camera/CameraMultiPlayer	addPlayer__18TCameraMultiPlayerFPCQ29JGeometry8TVec3<f>ff	68	72	-4	
0	mario/Camera/cameragc	setMarioLookat___15CPolarSubCameraFv	4	200	-196	
0	mario/Enemy/Amenbo	doAdjustTarget__7TAmenboFv	372	320	52	
0	mario/Enemy/BathtubKiller	makeScrewQuat__14TBathtubKillerFQ29JGeometry8TVec3<f>ff	984	1036	-52	
0	mario/Enemy/BathtubKiller	moveParabolic__14TBathtubKillerFv	116	120	-4	
0	mario/Enemy/BathtubKiller	explodeBathtubKiller__14TBathtubKillerFv	248	332	-84	
0	mario/Enemy/BathtubKiller	breakBathtubKiller__14TBathtubKillerFv	212	332	-120	
0	mario/Enemy/BathtubPeach	goTo__13TBathtubPeachFRCQ29JGeometry8TVec3<f>	192	196	-4	
0	mario/Enemy/BossHanachanAnm	setTumbleBckRate___13TBossHanachanFP22TBossHanachanPartsBase	180	176	4	
0	mario/Enemy/DebuTelesa	emitEffects__11TDebuTelesaFv	268	272	-4	
0	mario/Enemy/Kazekun	setVisible__8TKazekunFb	44	76	-32	
0	mario/Enemy/Kazekun	doAttack__8TKazekunFb	1232	1200	32	
0	mario/Enemy/Koopa	checkMarioWhichSide__6TKoopaFv	432	416	16	
0	mario/Enemy/Koopa	getAnmFrameNext__6TKoopaCFv	52	60	-8	
0	mario/Enemy/Koopa	ignoresMario__6TKoopaCFv	28	32	-4	
0	mario/Enemy/Koopa	endsAnm__6TKoopaCFv	8	60	-52	
0	mario/Enemy/Koopa	stopFlame__6TKoopaFv	536	208	328	
0	mario/Enemy/Kukku	execute__14TNerveKukkuHitCFP24TSpineBase<10TLiveActor>	240	252	-12	
0	mario/Enemy/Kukku	getWaterPowerY__6TKukkuCFv	48	56	-8	
0	mario/Enemy/Kukku	isDying__6TKukkuCFv	84	76	8	
0	mario/Enemy/Kukku	shotBall__6TKukkuFv	496	524	-28	
0	mario/Enemy/Kukku	doHabataki__6TKukkuFv	220	216	4	
0	mario/Enemy/Kukku	doRecoverToCurPathNode__6TKukkuFv	104	160	-56	
0	mario/Enemy/Kukku	getUnusedItem__14TEnemyCoinUnitFv	64	72	-8	
0	mario/Enemy/Kukku	init__14TEnemyCoinUnitFv	172	168	4	
0	mario/Enemy/Kukku	__ct__14TEnemyCoinUnitFi	60	68	-8	
0	mario/Enemy/Kumokun	isCrashing__8TKumokunCFv	4	76	-72	
0	mario/Enemy/Kumokun	decideTargetOnGraph__8TKumokunFv	4	740	-736	
0	mario/Enemy/Kumokun	decideTarget__8TKumokunFv	856	852	4	
0	mario/Enemy/Kumokun	keepDistance__8TKumokunFRC9THitActor	4	368	-364	
0	mario/Enemy/Kumokun	updateAnimation__8TKumokunFv	408	412	-4	
0	mario/Enemy/Kumokun	calcShadowPos__8TKumokunFv	4	68	-64	
0	mario/Enemy/TabePuku	doDrag__9TTabePukuFv	292	300	-8	
0	mario/Enemy/TabePuku	prepareDrag__9TTabePukuFv	408	380	28	
0	mario/Enemy/TabePuku	prepareDive__9TTabePukuFv	132	104	28	
0	mario/Enemy/beam	drawAllBeam__12TBeamManagerFv	280	288	-8	
0	mario/Enemy/bgtentacle	returnToDefaultState__11TBGTentacleFv	4	64	-60	
0	mario/Enemy/bgtentacle	canTake__11TBGTentacleCFv	4	60	-56	
0	mario/Enemy/bgtentacle	isAttacking__11TBGTentacleCFv	4	116	-112	
0	mario/Enemy/bgtentacle	disableAttackCheck__10TBGTakeHitFv	4	16	-12	
0	mario/Enemy/bgtentacle	enableAttackCheck__10TBGTakeHitFv	4	16	-12	
0	mario/Enemy/bossManta	createEnemy__17TBossMantaManagerFv	236	248	-12	
0	mario/Enemy/bossManta	__ct__29TBossMantaAdditionalCollisionFPCc	296	276	20	
0	mario/Enemy/bosseel	quickBack__8TBossEelFv	220	232	-12	
0	mario/Enemy/bosseel	isEyeBlurOn__8TBossEelFv	4	8	-4	
0	mario/Enemy/bosseel	setBckAnm__11TBossEelEyeFi	164	160	4	
0	mario/Enemy/bosspakkun	initJParticle__18TBossPakkunManagerFv	628	640	-12	
0	mario/Enemy/bosspakkun	resetWaterMark__11TBossPakkunFv	152	164	-12	
0	mario/Enemy/bosstelesa	checkSlot__11TBossTelesaFv	4	212	-208	
0	mario/Enemy/bosstelesa	fruitCollisionOn__11TBossTelesaFv	140	136	4	
0	mario/Enemy/bosstelesa	checkSlotResult__11TBossTelesaFv	160	76	84	
0	mario/Enemy/bosstelesa	slotStop__11TBossTelesaFv	276	168	108	
0	mario/Enemy/bosstelesa	slotStart__11TBossTelesaFv	204	64	140	
0	mario/Enemy/bosstelesa	isInDamage__11TBossTelesaFv	8	140	-132	
0	mario/Enemy/bosstelesa	openWaterPlace__11TBossTelesaFv	4	44	-40	
0	mario/Enemy/bosstelesa	checkMessage__11TBossTelesaFP9THitActorUl	592	588	4	
0	mario/Enemy/bosstelesa	prepareGenerate__11TBossTelesaFv	4	472	-468	
0	mario/Enemy/bosstelesa	entryObjCollision__11TTelesaSlotFv	4	88	-84	
0	mario/Enemy/bosstelesa	calcObjCollision__11TTelesaSlotFv	4	412	-408	
0	mario/Enemy/bosswanwan	rollNextGraphNode__11TBossWanwanFv	352	336	16	
0	mario/Enemy/bosswanwan	reverseNextGraphNode__11TBossWanwanFv	200	204	-4	
0	mario/Enemy/bosswanwan	isTailBurning__11TBossWanwanFv	56	52	4	
0	mario/Enemy/bosswanwan	isBurning__11TBossWanwanFv	20	24	-4	
0	mario/Enemy/bosswanwan	takeBath__11TBossWanwanFv	636	388	248	
0	mario/Enemy/cannon	killShootAct__7TCannonFv	16	60	-44	
0	mario/Enemy/cannon	damage__7TCannonFv	316	280	36	
0	mario/Enemy/chuuhana	getEffectMtx__9TChuuHanaFv	28	280	-252	
0	mario/Enemy/chuuhana	eventKill__9TChuuHanaFv	56	76	-20	
0	mario/Enemy/chuuhana	entryCollision__9TChuuHanaFv	16	68	-52	
0	mario/Enemy/chuuhana	checkOnPanel__9TChuuHanaFv	340	328	12	
0	mario/Enemy/chuuhana	forceRoll__9TChuuHanaFv	232	196	36	
0	mario/Enemy/conductor	clipGenerators__10TConductorFPQ26JDrama9TGraphics	4	196	-192	
0	mario/Enemy/conductor	maskNFlagOfChildren__10TConductorFiUl	4	360	-356	
0	mario/Enemy/conductor	conduct__10TConductorFv	4	48	-44	
0	mario/Enemy/conductor	polluterExterminated__10TConductorFv	4	228	-224	
0	mario/Enemy/effectEnemy	emitEffect__12TEffectEnemyFv	4	244	-240	
0	mario/Enemy/effectObj	generateEffect__17TEffectObjManagerF3Vec	4	160	-156	
0	mario/Enemy/elecNokonoko	move__13TElecCarapaceFv	96	148	-52	
0	mario/Enemy/elecNokonoko	setZigParameter__13TElecCarapaceFv	320	352	-32	
0	mario/Enemy/elecNokonoko	recoverCarapace__13TElecNokonokoFv	120	292	-172	
0	mario/Enemy/elecNokonoko	isDeadByThunder__13TElecNokonokoFv	200	224	-24	
0	mario/Enemy/elecNokonoko	forceCatchReady__13TElecNokonokoFv	368	348	20	
0	mario/Enemy/elecNokonoko	isCatchReady__13TElecNokonokoFv	264	140	124	
0	mario/Enemy/elecNokonoko	isShootReady__13TElecNokonokoFv	140	108	32	
0	mario/Enemy/elecNokonoko	shootIn__13TElecNokonokoFv	164	68	96	
0	mario/Enemy/elecNokonoko	catchIn__13TElecNokonokoFv	144	80	64	
0	mario/Enemy/elecNokonoko	createNokonokoThunder__FQ29JGeometry8TVec3<f>	52	96	-44	
0	mario/Enemy/emario	execKill__7TEMarioFv	4	84	-80	
0	mario/Enemy/emario	checkCollision__7TEMarioFv	536	544	-8	
0	mario/Enemy/enemy	searchNearestBrother__11TSpineEnemyCFv	4	292	-288	
0	mario/Enemy/enemy	goToInitialGraphNodeCheckY__11TSpineEnemyFf	4	232	-228	
0	mario/Enemy/enemy	goToInitialVisibleNode__11TSpineEnemyFff	4	252	-248	
0	mario/Enemy/enemyMario	__dt__9MAnmSoundFv	92	96	-4	
0	mario/Enemy/enemyinterp	initUserBuiltin__10TEinBinaryFv	152	160	-8	
0	mario/Enemy/enemyinterp	einSetGraph__FP29TSpcTypedInterp<10TLiveActor>Ul	184	408	-224	
0	mario/Enemy/enemyinterp	einWalkToCurPathNode__FP29TSpcTypedInterp<10TLiveActor>Ul	184	348	-164	
0	mario/Enemy/enemyinterp	einGoToRandomNextGraphNode__FP29TSpcTypedInterp<10TLiveActor>Ul	144	168	-24	
0	mario/Enemy/enemyinterp	einGetLengthToCurPathNode__FP29TSpcTypedInterp<10TLiveActor>Ul	176	240	-64	
0	mario/Enemy/enemyinterp	einGetLengthToMario__FP29TSpcTypedInterp<10TLiveActor>Ul	176	220	-44	
0	mario/Enemy/enemymanager	createCopyAnmMtx__13TEnemyManagerFi	4	348	-344	
0	mario/Enemy/enemymanager	killOtherEnemies__13TEnemyManagerFv	4	164	-160	
0	mario/Enemy/enemymanager	setScale__16TSharedMActorSetFRCQ29JGeometry8TVec3<f>	4	72	-68	
0	mario/Enemy/fireWanwan	calcShadowPos__11TFireWanwanFv	4	76	-72	
0	mario/Enemy/fireWanwan	doTurn__11TFireWanwanFv	212	248	-36	
0	mario/Enemy/fireWanwan	isCameraShake__11TFireWanwanCFv	320	328	-8	
0	mario/Enemy/fireWanwan	initTurnNextGraphNode__11TFireWanwanFv	104	108	-4	
0	mario/Enemy/fireWanwan	emitTailHitEffect__11TFireWanwanFv	4	84	-80	
0	mario/Enemy/fireWanwan	doAdjustTarget__11TFireWanwanFv	604	664	-60	
0	mario/Enemy/fireWanwan	decideTarget__11TFireWanwanFRCQ29JGeometry8TVec3<f>	736	676	60	
0	mario/Enemy/fireWanwan	doAttack__11TFireWanwanFv	552	516	36	
0	mario/Enemy/fireWanwan	calcApartPow__18TFireWanwanTailHitFv	400	404	-4	
0	mario/Enemy/fireWanwan	clipNodes__18TFireWanwanTailHitFPQ26JDrama9TGraphics	4	280	-276	
0	mario/Enemy/fireWanwan	behaveApart__18TFireWanwanTailHitFv	308	300	8	
0	mario/Enemy/fireWanwan	behaveTaken__18TFireWanwanTailHitFP9THitActor	380	376	4	
0	mario/Enemy/fireWanwan	receiveMessageFromBody__18TFireWanwanManagerFPC11TFireWanwanQ218TFireWanwanManager11BodyMsgType	32	172	-140	
0	mario/Enemy/fireWanwan	receiveMessageFromTail__18TFireWanwanManagerFi	4	44	-40	
0	mario/Enemy/fireWanwan	setTailPos__11TTailRubberFRCQ29JGeometry8TVec3<f>	64	48	16	
0	mario/Enemy/fireWanwan	setHeadPos__11TTailRubberFRCQ29JGeometry8TVec3<f>	48	32	16	
0	mario/Enemy/fruitsboat	rowToCurPathNode__11TFruitsBoatFf	340	380	-40	
0	mario/Enemy/fruitsboat	setJumpReaction__11TFruitsBoatFv	196	184	12	
0	mario/Enemy/gesso	modifyRotate__6TGessoFv	4	56	-52	
0	mario/Enemy/graph	__dt__11TGraphGroupFv	64	148	-84	
0	mario/Enemy/graph	getDesignatedNodeIndex__9TGraphWebCFUlif	4	520	-516	
0	mario/Enemy/graph	isOnePath__9TGraphWebCFv	4	160	-156	
0	mario/Enemy/graph	getNodeIndexInXZRange__9TGraphWebCFRCQ29JGeometry8TVec3<f>fUl	4	352	-348	
0	mario/Enemy/graph	findNearestNodeIndexCheckY__9TGraphWebCFRCQ29JGeometry8TVec3<f>fUl	4	276	-272	
0	mario/Enemy/graph	findFarthestNodeIndex__9TGraphWebCFRCQ29JGeometry8TVec3<f>Ul	4	252	-248	
0	mario/Enemy/graph	getAimToGoalNextIndex__9TGraphWebCFiiUlf	4	436	-432	
0	mario/Enemy/hamukuri	execute__25TNerveDangoHamuKuriAttackCFP24TSpineBase<10TLiveActor>	4	180	-176	
0	mario/Enemy/hamukuri	genFire__13TFireHamuKuriFv	4	36	-32	
0	mario/Enemy/hamukuri	recoverFire__13TFireHamuKuriFv	168	136	32	
0	mario/Enemy/hamukuri	nerveInit__14TDangoHamuKuriFv	140	156	-16	
0	mario/Enemy/hamukuri	setWallDeadEffect__9THamuKuriFv	352	304	48	
0	mario/Enemy/hamukuri	changeCapHolder__9THamuKuriFv	4	436	-432	
0	mario/Enemy/hanasambo	hide__12TSamboFlowerFv	184	80	104	
0	mario/Enemy/hinokuri2	shakeCamera__10THinokuri2Fi	164	168	-4	
0	mario/Enemy/hinokuri2	updatePolTrans__10THinokuri2Fv	120	112	8	
0	mario/Enemy/igaiga	waterExplosion__7TIgaigaFv	104	72	32	
0	mario/Enemy/igaiga	rollMove__7TIgaigaFv	172	248	-76	
0	mario/Enemy/killer	flyMove__9TFlyEnemyFv	696	700	-4	
0	mario/Enemy/koopajr	getBathtubY__8TKoopaJrFv	12	52	-40	
0	mario/Enemy/koopajr	startKoopaJrMessage__8TKoopaJrFUl	52	44	8	
0	mario/Enemy/limitkoopa	checkMarioWhichSide__11TLimitKoopaFv	4	104	-100	
0	mario/Enemy/limitkoopa	getAnmEnd__11TLimitKoopaCFv	44	72	-28	
0	mario/Enemy/limitkoopa	stagger__11TLimitKoopaFb	4	576	-572	
0	mario/Enemy/limitkoopa	__dt__21TNerveLimitKoopaFlameFv	92	108	-16	
0	mario/Enemy/limitkoopa	getDown__11TLimitKoopaFv	4	672	-668	
0	mario/Enemy/limitkoopa	getNeckFocus__11TLimitKoopaCFv	8	232	-224	
0	mario/Enemy/limitkoopa	getFlameDir__11TLimitKoopaCFv	20	384	-364	
0	mario/Enemy/limitkoopa	endsAnm__11TLimitKoopaCFv	8	60	-52	
0	mario/Enemy/limitkoopa	setAnimationIndex__11TLimitKoopaFi	4	112	-108	
0	mario/Enemy/limitkoopa	makeDirection__11TLimitKoopaFf	8	92	-84	
0	mario/Enemy/limitkoopa	calcTargetDirection__11TLimitKoopaFv	164	148	16	
0	mario/Enemy/limitkoopa	moveHipDrop__11TLimitKoopaFv	4	76	-72	
0	mario/Enemy/limitkoopa	moveStop__11TLimitKoopaFv	4	32	-28	
0	mario/Enemy/limitkoopa	resetLimitKoopa__11TLimitKoopaFv	4	44	-40	
0	mario/Enemy/limitkoopa	execute__21TNerveLimitKoopaFlameCFP24TSpineBase<10TLiveActor>	8	368	-360	
0	mario/Enemy/limitkoopa	execute__20TNerveLimitKoopaFallCFP24TSpineBase<10TLiveActor>	8	108	-100	
0	mario/Enemy/limitkoopajr	makeDirection__13TLimitKoopaJrFQ29JGeometry8TVec3<f>	164	256	-92	
0	mario/Enemy/limitkoopajr	startKoopaJrMessage__13TLimitKoopaJrFUl	60	44	16	
0	mario/Enemy/mameGesso	checkMarioState__10TMameGessoFv	4	104	-100	
0	mario/Enemy/mameGesso	rebirth__10TMameGessoFv	4	88	-84	
0	mario/Enemy/namekuri	canJumpAttack__9TNameKuriCFv	4	80	-76	
0	mario/Enemy/pakkun	createPakkunSmoke__7TPakkunFRQ29JGeometry8TVec3<f>	148	152	-4	
0	mario/Enemy/pakkun	isHideEnd__7TPakkunCFv	28	32	-4	
0	mario/Enemy/poihana	isOnTrap__8TPoiHanaFv	180	176	4	
0	mario/Enemy/popo	explosionEffect__5TPopoFv	184	136	48	
0	mario/Enemy/tamaNoko	forceWakeUp__9TTamaNokoFv	4	248	-244	
0	mario/Enemy/tamaNoko	setBckAnm__15TTamaNokoFlowerFi	172	168	4	
0	mario/Enemy/telesa	resetBaseGround__7TTelesaFv	28	24	4	
0	mario/Enemy/telesa	isResetTransY__7TTelesaFv	4	52	-48	
0	mario/Enemy/tinkoopa	checkTinKoopaFirstRocketMessage__9TTinKoopaFv	208	108	100	
0	mario/Enemy/tinkoopa	makeEyeBeamEffect__9TTinKoopaFv	264	948	-684	
0	mario/Enemy/tinkoopa	printTinKoopaDebugInfo__FP9TTinKoopa	4	588	-584	
0	mario/Enemy/tinkoopa	joinAnm__16TTinKoopaMtxCalcFi	64	56	8	
0	mario/Enemy/tinkoopa	__ct__16TTinKoopaMtxCalcFP9TTinKoopa	144	152	-8	
0	mario/Enemy/tinkoopa	emitPartsTrackEffects__18TTinKoopaPartsBaseFv	768	764	4	
0	mario/Enemy/wireBinder	reset__11TWireBinderFRCQ29JGeometry8TVec3<f>	304	312	-8	
0	mario/Enemy/wireTrap	isEndWire__9TWireTrapCFv	52	48	4	
0	mario/Enemy/wireTrap	isStartWire__9TWireTrapCFv	52	48	4	
0	mario/Enemy/wireTrap	setMoveMode__9TWireTrapFi	356	352	4	
0	mario/Enemy/wireTrap	doSearchMove__9TWireTrapFv	496	440	56	
0	mario/Enemy/wireTrap	doOnewayMove__9TWireTrapFv	316	260	56	
0	mario/Enemy/wireTrap	doReturnMove__9TWireTrapFv	332	276	56	
0	mario/Enemy/yunbo	setMaterialToMActor__6TYumboFP6MActorP16J3DMaterialTable	76	72	4	
0	mario/GC2D/BoundPane	__ct__10TBoundPaneFP10JUTTexture11_GXCullMode	136	280	-144	
0	mario/GC2D/CardLoad	setupTitleScreen__9TCardLoadFv	4	396	-392	
0	mario/GC2D/CardLoad	changePattern__9TCardLoadFP10J2DPicturesUl	4	200	-196	
0	mario/GC2D/CardSave	changePattern__9TCardSaveFP10J2DPicturesUl	4	200	-196	
0	mario/GC2D/CardSave	changeMessage__9TCardSaveFUlUli	4	232	-228	
0	mario/GC2D/ExPane	__ct__7TExPaneFP10JUTTexture11_GXCullMode	84	240	-156	
0	mario/GC2D/GCConsole2	resetMoveTank__11TGCConsole2Fv	4	224	-220	
0	mario/GC2D/Guide	searchNearPoint__6TGuideFPsPsss	280	452	-172	
0	mario/GC2D/Guide	startMoveCursor2__6TGuideFv	64	348	-284	
0	mario/GC2D/Guide	setup2__6TGuideFP13JKRMemArchive	80	60	20	
0	mario/GC2D/MovieRumble	readCurInfo__12TMovieRumbleFv	212	208	4	
0	mario/GC2D/MovieSubtitle	makeBmgName__14TMovieSubTitleFPciPCc	84	76	8	
0	mario/GC2D/MovieSubtitle	is_longheight_movie__9@unnamed@FUl	56	52	4	
0	mario/GC2D/Option	print_pane_tree__9@unnamed@FP7J2DPanei	4	160	-156	
0	mario/GC2D/Option	tag_to_string__9@unnamed@FPcUl	4	52	-48	
0	mario/GC2D/ScrnFader	updateDelay__9TSMSFaderFv	4	84	-80	
0	mario/GC2D/SunGlass	changeAlpha__9TSunGlassFPUc	4	164	-160	
0	mario/GC2D/hx_wiper	Hx_MovieStartSync	44	112	-68	
0	mario/GC2D/hx_wiper	InitWipe	20	12	8	
0	mario/GC2D/hx_wiper	SetDisplaySize	16	24	-8	
0	mario/GC2D/hx_wiper	Hx_SetVFilterFade	764	856	-92	
0	mario/GC2D/hx_wiper	Hgx_DrawCircle	288	456	-168	
0	mario/JSystem/J2D/J2DGrafContext	drawFrame__14J2DGrafContextFRC7JUTRect	4	236	-232	
0	mario/JSystem/J2D/J2DGrafContext	line__14J2DGrafContextF8JUTPoint8JUTPoint	4	192	-188	
0	mario/JSystem/J2D/J2DGrafContext	lineTo__14J2DGrafContextF8JUTPoint	4	188	-184	
0	mario/JSystem/J2D/J2DGrafContext	polyline__14J2DGrafContextFP8JUTPointi	4	528	-524	
0	mario/JSystem/J2D/J2DGrafContext	polyline__14J2DGrafContextFPii	4	548	-544	
0	mario/JSystem/J2D/J2DGrafContext	polylineTo__14J2DGrafContextFP8JUTPointi	4	580	-576	
0	mario/JSystem/J2D/J2DGrafContext	polylineTo__14J2DGrafContextFPii	4	600	-596	
0	mario/JSystem/J2D/J2DOrthoGraph	setOrtho__13J2DOrthoGraphFRC7JUTRectff	4	52	-48	
0	mario/JSystem/J2D/J2DOrthoGraph	setOrigin__13J2DOrthoGraphFii	4	196	-192	
0	mario/JSystem/J2D/J2DOrthoGraph	J2DDrawLine__FiiiiQ28JUtility6TColori	4	268	-264	
0	mario/JSystem/J2D/J2DOrthoGraph	J2DFillBox__FiiiiQ28JUtility6TColorQ28JUtility6TColorQ28JUtility6TColorQ28JUtility6TColor	4	148	-144	
0	mario/JSystem/J2D/J2DOrthoGraph	J2DFillBox__F7JUTRectQ28JUtility6TColorQ28JUtility6TColorQ28JUtility6TColorQ28JUtility6TColor	4	240	-236	
0	mario/JSystem/J2D/J2DOrthoGraph	J2DDrawFrame__FiiiiQ28JUtility6TColorUc	4	116	-112	
0	mario/JSystem/J2D/J2DOrthoGraph	J2DDrawFrame__F7JUTRectQ28JUtility6TColorUc	4	240	-236	
0	mario/JSystem/J2D/J2DPane	__ct__7J2DPaneFUlRC7JUTRect	192	332	-140	
0	mario/JSystem/J2D/J2DPane	gather__7J2DPaneFPP7J2DPaneUlUliRi	4	280	-276	
0	mario/JSystem/J2D/J2DPane	getFirstChildPane__7J2DPaneFv	8	56	-48	
0	mario/JSystem/J2D/J2DPane	getNextChildPane__7J2DPaneFv	8	56	-48	
0	mario/JSystem/J2D/J2DPane	getParentPane__7J2DPaneFv	8	28	-20	
0	mario/JSystem/J2D/J2DPicture	__ct__10J2DPictureFv	124	148	-24	
0	mario/JSystem/J2D/J2DPicture	__ct__10J2DPictureFPC7ResTIMG	124	196	-72	
0	mario/JSystem/J2D/J2DPicture	__ct__10J2DPictureFPCc	124	196	-72	
0	mario/JSystem/J2D/J2DPicture	__ct__10J2DPictureFP10JUTTexture	124	196	-72	
0	mario/JSystem/J2D/J2DPicture	__ct__10J2DPictureFUlRC7JUTRectPC7ResTIMGPC7ResTLUT	124	196	-72	
0	mario/JSystem/J2D/J2DPicture	__ct__10J2DPictureFUlRC7JUTRectPCcPC7ResTLUT	124	208	-84	
0	mario/JSystem/J2D/J2DPicture	initiate__10J2DPictureFPC7ResTIMGPC7ResTLUT	4	104	-100	
0	mario/JSystem/J2D/J2DPicture	private_initiate__10J2DPictureFPC7ResTIMGPC7ResTLUT	4	188	-184	
0	mario/JSystem/J2D/J2DPicture	initinfo__10J2DPictureFv	4	260	-256	
0	mario/JSystem/J2D/J2DPicture	insert__10J2DPictureFPC7ResTIMGUcf	8	360	-352	
0	mario/JSystem/J2D/J2DPicture	insert__10J2DPictureFPCcUcf	8	96	-88	
0	mario/JSystem/J2D/J2DPicture	remove__10J2DPictureFP10JUTTexture	8	84	-76	
0	mario/JSystem/J2D/J2DPicture	changeTexture__10J2DPictureFPCcUc	8	216	-208	
0	mario/JSystem/J2D/J2DPicture	drawOut__10J2DPictureFRC7JUTRectRC7JUTRect	4	788	-784	
0	mario/JSystem/J2D/J2DPrint	__ct__8J2DPrintFP7JUTFontii	44	120	-76	
0	mario/JSystem/J2D/J2DPrint	__ct__8J2DPrintFP7JUTFontQ28JUtility6TColorQ28JUtility6TColor	44	120	-76	
0	mario/JSystem/J2D/J2DPrint	setBuffer__8J2DPrintFPcUl	4	104	-100	
0	mario/JSystem/J2D/J2DPrint	putChar__8J2DPrintFi	4	284	-280	
0	mario/JSystem/J2D/J2DPrint	putChar__8J2DPrintFiii	4	368	-364	
0	mario/JSystem/J2D/J2DPrint	print__8J2DPrintFPCce	80	136	-56	
0	mario/JSystem/J2D/J2DPrint	print__8J2DPrintFUcPCce	80	128	-48	
0	mario/JSystem/J2D/J2DPrint	getSize__8J2DPrintFRQ28J2DPrint5TSizePCce	80	276	-196	
0	mario/JSystem/J2D/J2DPrint	getHeight__8J2DPrintFPCce	84	268	-184	
0	mario/JSystem/J2D/J2DScreen	set__9J2DScreenFPCcP10JKRArchive	4	212	-208	
0	mario/JSystem/J2D/J2DScreen	set__9J2DScreenFP20JSURandomInputStream	4	56	-52	
0	mario/JSystem/J2D/J2DScreen	gather__9J2DScreenFPP7J2DPaneUlUli	4	48	-44	
0	mario/JSystem/J2D/J2DTextBox	__ct__10J2DTextBoxFPCcPCc	80	160	-80	
0	mario/JSystem/J2D/J2DTextBox	__ct__10J2DTextBoxFUlRC7JUTRectPCcPCc18J2DTextBoxHBinding18J2DTextBoxVBinding	80	168	-88	
0	mario/JSystem/J2D/J2DTextBox	setFontSize__10J2DTextBoxFv	4	96	-92	
0	mario/JSystem/J2D/J2DTextBox	setLineSpace__10J2DTextBoxFv	4	72	-68	
0	mario/JSystem/J2D/J2DTextBox	draw__10J2DTextBoxFiii	4	340	-336	
0	mario/JSystem/J2D/J2DTextBox	getString__10J2DTextBoxFPc	4	44	-40	
0	mario/JSystem/J2D/J2DWindow	__ct__9J2DWindowFPC7ResTIMGPC7ResTIMGPC7ResTIMGPC7ResTIMG	120	448	-328	
0	mario/JSystem/J2D/J2DWindow	__ct__9J2DWindowFPCcPCcPCcPCc	120	496	-376	
0	mario/JSystem/J2D/J2DWindow	__ct__9J2DWindowFPC7ResTIMG14J2DTextureBase	120	444	-324	
0	mario/JSystem/J2D/J2DWindow	__ct__9J2DWindowFPCc14J2DTextureBase	120	460	-340	
0	mario/JSystem/J2D/J2DWindow	__ct__9J2DWindowFUlRC7JUTRectPC7ResTIMGPC7ResTIMGPC7ResTIMGPC7ResTIMGPC7ResTLUT	120	216	-96	
0	mario/JSystem/J2D/J2DWindow	__ct__9J2DWindowFUlRC7JUTRectPCcPCcPCcPCcPC7ResTLUT	120	276	-156	
0	mario/JSystem/J2D/J2DWindow	__ct__9J2DWindowFUlRC7JUTRectPC7ResTIMG14J2DTextureBasePC7ResTLUT	120	216	-96	
0	mario/JSystem/J2D/J2DWindow	__ct__9J2DWindowFUlRC7JUTRectPCc14J2DTextureBasePC7ResTLUT	120	232	-112	
0	mario/JSystem/J2D/J2DWindow	initiate__9J2DWindowFPC7ResTIMGPC7ResTIMGPC7ResTIMGPC7ResTIMGPC7ResTLUT15J2DWindowMirrorRC7JUTRect	4	524	-520	
0	mario/JSystem/J2D/J2DWindow	initiateColor__9J2DWindowFv	4	252	-248	
0	mario/JSystem/J2D/J2DWindow	J2DConvertMirror__F14J2DTextureBase	16	72	-56	
0	mario/JSystem/J2D/J2DWindow	draw__9J2DWindowFRC7JUTRect	4	240	-236	
0	mario/JSystem/J2D/J2DWindow	draw__9J2DWindowFRC7JUTRectRC7JUTRect	4	1264	-1260	
0	mario/JSystem/J2D/J2DWindow	setContentsColor__9J2DWindowFQ28JUtility6TColorQ28JUtility6TColorQ28JUtility6TColorQ28JUtility6TColor	4	36	-32	
0	mario/JSystem/J3D/J3DGraphAnimator/J3DCluster	clear__13J3DDeformDataFv	4	32	-28	
0	mario/JSystem/J3D/J3DGraphAnimator/J3DCluster	__ct__13J3DDeformDataFv	4	32	-28	
0	mario/JSystem/J3D/J3DGraphAnimator/J3DCluster	base__13J3DDeformDataFP8J3DModel	4	116	-112	
0	mario/JSystem/J3D/J3DGraphAnimator/J3DCluster	clear__11J3DDeformerFv	4	32	-28	
0	mario/JSystem/J3D/J3DGraphAnimator/J3DCluster	base__11J3DDeformerFP8J3DModel	4	1324	-1320	
0	mario/JSystem/J3D/J3DGraphAnimator/J3DCluster	calc__15J3DVtxColorCalcFP8J3DModel	280	276	4	
0	mario/JSystem/J3D/J3DGraphAnimator/J3DJoint	__ct__8J3DJointFUsRC16J3DTransformInfo	60	508	-448	
0	mario/JSystem/J3D/J3DGraphAnimator/J3DModel	newSharedDisplayList__12J3DModelDataFv	116	112	4	
0	mario/JSystem/J3D/J3DGraphAnimator/J3DModel	entryTexNoAnimator__12J3DModelDataFP16J3DAnmTexPattern	232	220	12	
0	mario/JSystem/J3D/J3DGraphAnimator/J3DModel	patch__8J3DModelFv	152	136	16	
0	mario/JSystem/J3D/J3DGraphAnimator/J3DModel	setDeformData__8J3DModelFP13J3DDeformData19J3DDeformAttachFlag	44	52	-8	
0	mario/JSystem/J3D/J3DGraphAnimator/J3DModel	setVtxColorCalc__8J3DModelFP15J3DVtxColorCalc19J3DDeformAttachFlag	44	52	-8	
0	mario/JSystem/J3D/J3DGraphAnimator/J3DModel	setVtxShader__8J3DModelFP12J3DVtxShader19J3DDeformAttachFlag	116	76	40	
0	mario/JSystem/J3D/J3DGraphAnimator/J3DModel	calcBaseMtx__8J3DModelFv	76	168	-92	
0	mario/JSystem/J3D/J3DGraphAnimator/J3DModel	J3DCreateModel__FP12J3DModelDataUlP7JKRHeapbPP12JKRSolidHeap	188	268	-80	
0	mario/JSystem/J3D/J3DGraphAnimator/J3DModel	J3DCreateModel__FP12JKRSolidHeapUlP12J3DModelDataUl	136	144	-8	
0	mario/JSystem/J3D/J3DGraphAnimator/J3DModel	J3DCreateModelArray__FP12JKRSolidHeapiPP8J3DModelP12J3DModelDataUl	168	196	-28	
0	mario/JSystem/J3D/J3DGraphAnimator/J3DModel	__ct__14J3DSimpleModelFP12J3DModelDataUl	124	144	-20	
0	mario/JSystem/J3D/J3DGraphAnimator/J3DModel	initialize__14J3DSimpleModelFv	40	104	-64	
0	mario/JSystem/J3D/J3DGraphAnimator/J3DModel	entryModelData__14J3DSimpleModelFP12J3DModelDataUl	204	156	48	
0	mario/JSystem/J3D/J3DGraphAnimator/J3DModel	update__14J3DSimpleModelFv	56	52	4	
0	mario/JSystem/J3D/J3DGraphAnimator/J3DModel	calc__14J3DSimpleModelFv	116	148	-32	
0	mario/JSystem/J3D/J3DGraphAnimator/J3DModel	entry__14J3DSimpleModelFv	84	372	-288	
0	mario/JSystem/J3D/J3DGraphAnimator/J3DModel	viewCalc__14J3DSimpleModelFv	92	136	-44	
0	mario/JSystem/J3D/J3DGraphAnimator/J3DModel	prepareShapePackets__14J3DSimpleModelFv	64	104	-40	
0	mario/JSystem/J3D/J3DGraphBase/J3DDrawBuffer	setCallBackPacket__13J3DDrawBufferFP17J3DCallBackPacket	4	48	-44	
0	mario/JSystem/J3D/J3DGraphBase/J3DMaterial	patch__11J3DMaterialFv	4	108	-104	
0	mario/JSystem/J3D/J3DGraphBase/J3DMaterial	safeLoad__11J3DMaterialFv	4	132	-128	
0	mario/JSystem/J3D/J3DGraphBase/J3DShape	__ct__13J3DShapeMtxDLFUs	32	168	-136	
0	mario/JSystem/J3D/J3DGraphBase/J3DSys	loadTexMtx__6J3DSysCFUlPA4_f	4	48	-44	
0	mario/JSystem/J3D/J3DGraphBase/J3DSys	reinitGX__6J3DSysFv	4	92	-88	
0	mario/JSystem/J3D/J3DGraphBase/J3DSys	reinitGenMode__6J3DSysFv	4	76	-72	
0	mario/JSystem/J3D/J3DGraphBase/J3DSys	reinitLighting__6J3DSysFv	4	172	-168	
0	mario/JSystem/J3D/J3DGraphBase/J3DSys	reinitTransform__6J3DSysFv	4	260	-256	
0	mario/JSystem/J3D/J3DGraphBase/J3DSys	reinitTevStages__6J3DSysFv	4	684	-680	
0	mario/JSystem/J3D/J3DGraphBase/J3DSys	reinitIndStages__6J3DSysFv	4	252	-248	
0	mario/JSystem/J3D/J3DGraphBase/J3DSys	reinitPixelProc__6J3DSysFv	4	148	-144	
0	mario/JSystem/J3D/J3DGraphBase/J3DTevs	J3DGDSetTexLookupMode__F11_GXTexMapID14_GXTexWrapMode14_GXTexWrapMode12_GXTexFilter12_GXTexFilterfffUcUc13_GXAnisotropy	536	532	4	
0	mario/JSystem/J3D/J3DGraphBase/J3DTransform	J3DScaleNrmMtx__FPA4_fRC3Vec	4	100	-96	
0	mario/JSystem/J3D/J3DGraphBase/J3DTransform	PSSqrtfv__FPfPfUl	4	48	-44	
0	mario/JSystem/J3D/J3DGraphBase/J3DTransform	J3DPSMTXConcatArray__FPA4_CfPA3_A4_CfPA3_A4_fUl	4	344	-340	
0	mario/JSystem/J3D/J3DGraphBase/J3DVertex	copyLocalVtxArray__15J3DVertexBufferF19J3DDeformAttachFlag	4	508	-504	
0	mario/JSystem/J3D/J3DGraphBase/J3DVertex	copyVtxColorArray__15J3DVertexBufferF19J3DDeformAttachFlag	4	316	-312	
0	mario/JSystem/J3D/J3DGraphLoader/J3DClusterLoader	load__24J3DClusterLoaderDataBaseFPCv	132	160	-28	
0	mario/JSystem/J3D/J3DGraphLoader/J3DClusterLoader	readCluster__20J3DClusterLoader_v15FPC15J3DClusterBlock	636	700	-64	
0	mario/JSystem/JAudio/JAInterface/JAIAnimation	initActorAnimSound__13JAIAnimeSoundFPv8JAIActorUlf	4	68	-64	
0	mario/JSystem/JAudio/JAInterface/JAIAnimation	setAnimSound__13JAIAnimeSoundFP8JAIBasicffUc	4	40	-36	
0	mario/JSystem/JAudio/JAInterface/JAIBasic	readInitSoundData__8JAIBasicFv	4	48	-44	
0	mario/JSystem/JAudio/JAInterface/JAIBasic	checkAllWaveLoadStatus__8JAIBasicFv	4	68	-64	
0	mario/JSystem/JAudio/JAInterface/JAIBasic	startSoundVec__8JAIBasicFUlPP8JAISoundP3VecUlUlUc	4	56	-52	
0	mario/JSystem/JAudio/JAInterface/JAIBasic	startSoundVecReturnHandle__8JAIBasicFUlP3VecUlUlUc	4	100	-96	
0	mario/JSystem/JAudio/JAInterface/JAIBasic	getPlayingSoundHandle__8JAIBasicFPP8JAISoundUl	4	108	-104	
0	mario/JSystem/JAudio/JAInterface/JAIBasic	stopPlayingObjectSe__8JAIBasicFPv	4	136	-132	
0	mario/JSystem/JAudio/JAInterface/JAIBasic	stopPlayingIDObjectSe__8JAIBasicFUlPv	4	152	-148	
0	mario/JSystem/JAudio/JAInterface/JAIBasic	stopPlayingCategorySe__8JAIBasicFUc	4	104	-100	
0	mario/JSystem/JAudio/JAInterface/JAIBasic	stopPlayingCategoryObjectSe__8JAIBasicFUcPv	4	144	-140	
0	mario/JSystem/JAudio/JAInterface/JAIBasic	stopAllSe__8JAIBasicFPv	4	136	-132	
0	mario/JSystem/JAudio/JAInterface/JAIBasic	stopAllSe__8JAIBasicFUcPv	4	144	-140	
0	mario/JSystem/JAudio/JAInterface/JAIBasic	stopAllSeq__8JAIBasicFPv	4	40	-36	
0	mario/JSystem/JAudio/JAInterface/JAIBasic	stopAllStream__8JAIBasicFPv	4	40	-36	
0	mario/JSystem/JAudio/JAInterface/JAIBasic	stopActorSoundOneBuffer__8JAIBasicFPvP8JAISound	4	100	-96	
0	mario/JSystem/JAudio/JAInterface/JAIBasic	stopIDSoundOneBuffer__8JAIBasicFUlP8JAISound	4	108	-104	
0	mario/JSystem/JAudio/JAInterface/JAIBasic	stopIDActorSoundOneBuffer__8JAIBasicFUlPvP8JAISound	4	132	-128	
0	mario/JSystem/JAudio/JAInterface/JAIBasic	stopAllSound__8JAIBasicFPv	4	252	-248	
0	mario/JSystem/JAudio/JAInterface/JAIBasic	getPlayingSoundLinkHeadPointer__8JAIBasicFUl	4	100	-96	
0	mario/JSystem/JAudio/JAInterface/JAIBasic	stopAllSound__8JAIBasicFUl	4	292	-288	
0	mario/JSystem/JAudio/JAInterface/JAIBasic	stopAllSound__8JAIBasicFUlPv	4	340	-336	
0	mario/JSystem/JAudio/JAInterface/JAIBasic	deleteObject__8JAIBasicFPv	4	272	-268	
0	mario/JSystem/JAudio/JAInterface/JAIBasic	releaseSoundHandle__8JAIBasicFP8JAISound	4	20	-16	
0	mario/JSystem/JAudio/JAInterface/JAIBasic	getDummyVecPointer__8JAIBasicFv	4	104	-100	
0	mario/JSystem/JAudio/JAInterface/JAIBasic	getGameFrameCounter__8JAIBasicFv	4	8	-4	
0	mario/JSystem/JAudio/JAInterface/JAIBasic	setPauseFlagAll__8JAIBasicFUc	4	188	-184	
0	mario/JSystem/JAudio/JAInterface/JAIBasic	checkPlayingSoundTrack__8JAIBasicFUl	4	80	-76	
0	mario/JSystem/JAudio/JAInterface/JAIBasic	changeSoundScene__8JAIBasicFUl	4	404	-400	
0	mario/JSystem/JAudio/JAInterface/JAIBasic	allocDvdBuffer__8JAIBasicFPUcUlUl	4	44	-40	
0	mario/JSystem/JAudio/JAInterface/JAIBasic	deallocDvdBuffer__8JAIBasicFPUc	4	36	-32	
0	mario/JSystem/JAudio/JAInterface/JAIBasic	getSeInfoMode__8JAIBasicFv	4	16	-12	
0	mario/JSystem/JAudio/JAInterface/JAIBasic	getSeInfoStartPointer__8JAIBasicFv	4	12	-8	
0	mario/JSystem/JAudio/JAInterface/JAIBasic	getSeInfoCategoryMax__8JAIBasicFv	4	8	-4	
0	mario/JSystem/JAudio/JAInterface/JAIBasic	setSeCancelSwitch__8JAIBasicFUcUc	4	88	-84	
0	mario/JSystem/JAudio/JAInterface/JAIBasic	allocStreamBuffer__8JAIBasicFPvl	4	88	-84	
0	mario/JSystem/JAudio/JAInterface/JAIBasic	deallocStreamBuffer__8JAIBasicFv	4	32	-28	
0	mario/JSystem/JAudio/JAInterface/JAIData	__ct__7JAIDataFv	4	76	-72	
0	mario/JSystem/JAudio/JAInterface/JAIData	clearAutoHeap__7JAIDataFP12JAIHeapBlock	4	60	-56	
0	mario/JSystem/JAudio/JAInterface/JAIData	clearAutoHeap__7JAIDataFUl	4	100	-96	
0	mario/JSystem/JAudio/JAInterface/JAIData	clearStayHeap__7JAIDataFUl	4	124	-120	
0	mario/JSystem/JAudio/JAInterface/JAIData	changeAutoHeapPointerToPosition__7JAIDataFPUc	4	72	-68	
0	mario/JSystem/JAudio/JAInterface/JAIData	stopPlayingSeq__7JAIDataFUl	4	112	-108	
0	mario/JSystem/JAudio/JAInterface/JAIData	getAutoHeapPointer__7JAIDataFUl	8	64	-56	
0	mario/JSystem/JAudio/JAInterface/JAIData	reloadInfoDataWork__7JAIDataFP13JAISoundTable	136	96	40	
0	mario/JSystem/JAudio/JAInterface/JAIData	setInfoDataPointer__7JAIDataFP13JAISoundTablePUc	140	432	-292	
0	mario/JSystem/JAudio/JAInterface/JAIEntry	checkSoundHandle__8JAIEntryFPP8JAISoundP8JAISound	4	80	-76	
0	mario/JSystem/JAudio/JAInterface/JAIEntry	checkAllSoundHandle__8JAIEntryFPP8JAISound	4	264	-260	
0	mario/JSystem/JAudio/JAInterface/JAIGFrameSe	clearSeqMuteFromSeStop__8JAIBasicFP8JAISound	228	224	4	
0	mario/JSystem/JAudio/JAInterface/JAIGFrameStream	deallocBuffer__Q27JAInter9StreamLibFv	4	96	-92	
0	mario/JSystem/JAudio/JAInterface/JAIGFrameStream	setBufferMode__Q27JAInter9StreamLibFb	4	8	-4	
0	mario/JSystem/JAudio/JAInterface/JAIGFrameStream	Hvqm_SetAudioDmaBuffers__Q27JAInter9StreamLibFUl	4	8	-4	
0	mario/JSystem/JAudio/JAInterface/JAIGFrameStream	getPrepareFlag__Q27JAInter9StreamLibFv	8	28	-20	
0	mario/JSystem/JAudio/JAInterface/JAIGFrameStream	setDecodedBufferBlocks__Q27JAInter9StreamLibFUl	4	36	-32	
0	mario/JSystem/JAudio/JAInterface/JAIGlobalParameter	setParamInitFileLoadSwitch__18JAIGlobalParameterFUc	4	12	-8	
0	mario/JSystem/JAudio/JAInterface/JAIGlobalParameter	setParamStreamDecodedBufferBlocks__18JAIGlobalParameterFUl	4	32	-28	
0	mario/JSystem/JAudio/JAInterface/JAIGlobalParameter	setParamPanDistanceMax__18JAIGlobalParameterFf	8	20	-12	
0	mario/JSystem/JAudio/JAInterface/JAIGlobalParameter	setParamPanAngleParameter__18JAIGlobalParameterFf	8	32	-24	
0	mario/JSystem/JAudio/JAInterface/JAIGlobalParameter	getParamInitFileLoadSwitch__18JAIGlobalParameterFv	8	12	-4	
0	mario/JSystem/JAudio/JAInterface/JAIGlobalParameter	getParamInitDataPointer__18JAIGlobalParameterFv	8	12	-4	
0	mario/JSystem/JAudio/JAInterface/JAIGlobalParameter	getParamSoundOutputMode__18JAIGlobalParameterFv	8	12	-4	
0	mario/JSystem/JAudio/JAInterface/JAIGlobalParameter	getParamInitDataLoadOffFlag__18JAIGlobalParameterFv	8	32	-24	
0	mario/JSystem/JAudio/JAInterface/JAIGlobalParameter	getParamStreamUseOffFlag__18JAIGlobalParameterFv	8	32	-24	
0	mario/JSystem/JAudio/JAInterface/JAIGlobalParameter	getParamSeDolbyCenterValue__18JAIGlobalParameterFv	28	8	20	
0	mario/JSystem/JAudio/JAInterface/JAIGlobalParameter	getParamSeqEntryCancelFlag__18JAIGlobalParameterFv	8	32	-24	
0	mario/JSystem/JAudio/JAInterface/JAIGlobalParameter	getParamStreamEntryCancelFlag__18JAIGlobalParameterFv	8	32	-24	
0	mario/JSystem/JAudio/JAInterface/JAISound	initMultiMoveParameter__8JAISoundFP14JAIMoveParaSetUcUlffUl	4	256	-252	
0	mario/JSystem/JAudio/JAInterface/JAISound	getDataInfoHeader__8JAISoundFv	4	120	-116	
0	mario/JSystem/JAudio/JAInterface/JAISound	start__8JAISoundFUl	4	64	-60	
0	mario/JSystem/JAudio/JAInterface/JAISound	setDirectVolume__8JAISoundFfUl	4	116	-112	
0	mario/JSystem/JAudio/JAInterface/JAISound	setDirectPan__8JAISoundFfUl	4	116	-112	
0	mario/JSystem/JAudio/JAInterface/JAISound	setDirectPitch__8JAISoundFfUl	4	116	-112	
0	mario/JSystem/JAudio/JAInterface/JAISound	setDirectFxmix__8JAISoundFfUl	4	116	-112	
0	mario/JSystem/JAudio/JAInterface/JAISound	setDirectDolby__8JAISoundFfUl	4	116	-112	
0	mario/JSystem/JAudio/JAInterface/JAISound	setPrepareFlag__8JAISoundFUc	4	96	-92	
0	mario/JSystem/JAudio/JAInterface/JAISound	checkReady__8JAISoundFv	4	108	-104	
0	mario/JSystem/JAudio/JAInterface/JAISound	setTrackVolume__8JAISoundFUcfUl	4	268	-264	
0	mario/JSystem/JAudio/JAInterface/JAISound	setTrackVolumeMulti__8JAISoundFUcUlfUl	4	240	-236	
0	mario/JSystem/JAudio/JAInterface/JAISound	setTrackMuteSwitch__8JAISoundFUcUc	4	196	-192	
0	mario/JSystem/JAudio/JAInterface/JAISound	setTrackMuteSwitchMulti__8JAISoundFUlUc	4	256	-252	
0	mario/JSystem/JAudio/JAInterface/JAISound	setTrackPan__8JAISoundFUcfUl	4	268	-264	
0	mario/JSystem/JAudio/JAInterface/JAISound	setTrackPanMulti__8JAISoundFUcUlfUl	4	240	-236	
0	mario/JSystem/JAudio/JAInterface/JAISound	setTrackPitch__8JAISoundFUcfUl	4	268	-264	
0	mario/JSystem/JAudio/JAInterface/JAISound	setTrackPitchMulti__8JAISoundFUcUlfUl	4	240	-236	
0	mario/JSystem/JAudio/JAInterface/JAISound	setTrackFxmix__8JAISoundFUcfUl	4	268	-264	
0	mario/JSystem/JAudio/JAInterface/JAISound	setTrackFxmixMulti__8JAISoundFUcUlfUl	4	240	-236	
0	mario/JSystem/JAudio/JAInterface/JAISound	setTrackDolby__8JAISoundFUcfUl	4	328	-324	
0	mario/JSystem/JAudio/JAInterface/JAISound	setTrackDolbyMulti__8JAISoundFUcUlfUl	4	236	-232	
0	mario/JSystem/JAudio/JAInterface/JAISound	setTrackFirU7__8JAISoundFUcUcUl	4	260	-256	
0	mario/JSystem/JAudio/JAInterface/JAISound	setTrackFirMultiU7__8JAISoundFUcUlUcUl	4	252	-248	
0	mario/JSystem/JAudio/JAInterface/JAISound	setSeInterFir__8JAISoundFUcUcUlUc	4	164	-160	
0	mario/JSystem/JAudio/JAInterface/JAISound	getSePortData__8JAISoundFUc	4	60	-56	
0	mario/JSystem/JAudio/JAInterface/JAISound	setStreamMode__8JAISoundFUl	4	100	-96	
0	mario/JSystem/JAudio/JAInterface/JAISound	setStreamPrepareFlag__8JAISoundFUc	4	88	-84	
0	mario/JSystem/JAudio/JAInterface/JAISound	checkStreamReady__8JAISoundFv	4	112	-108	
0	mario/JSystem/JAudio/JAInterface/JAISound	setSeqPrepareFlag__8JAISoundFUc	4	104	-100	
0	mario/JSystem/JAudio/JAInterface/JAISound	checkSeqReady__8JAISoundFv	4	140	-136	
0	mario/JSystem/JAudio/JAInterface/JAISound	getVolume__8JAISoundFUc	4	116	-112	
0	mario/JSystem/JAudio/JAInterface/JAISound	getPan__8JAISoundFUc	4	84	-80	
0	mario/JSystem/JAudio/JAInterface/JAISound	getPitch__8JAISoundFUc	4	116	-112	
0	mario/JSystem/JAudio/JAInterface/JAISound	getFxmix__8JAISoundFUc	4	84	-80	
0	mario/JSystem/JAudio/JAInterface/JAISound	getDolby__8JAISoundFUc	4	84	-80	
0	mario/JSystem/JAudio/JAInterface/JAISound	getTempoProportion__8JAISoundFv	4	68	-64	
0	mario/JSystem/JAudio/JAInterface/JAISound	getPortData__8JAISoundFUc	4	120	-116	
0	mario/JSystem/JAudio/JAInterface/JAISound	getSeqInterPan__8JAISoundFUc	4	84	-80	
0	mario/JSystem/JAudio/JAInterface/JAISound	getSeqInterPitch__8JAISoundFUc	4	84	-80	
0	mario/JSystem/JAudio/JAInterface/JAISound	getSeqInterFxmix__8JAISoundFUc	4	84	-80	
0	mario/JSystem/JAudio/JAInterface/JAISound	getSeqInterDolby__8JAISoundFUc	4	84	-80	
0	mario/JSystem/JAudio/JAInterface/JAISound	getSeqTempoProportion__8JAISoundFv	4	64	-60	
0	mario/JSystem/JAudio/JAInterface/JAISound	getSeqPortData__8JAISoundFUc	4	64	-60	
0	mario/JSystem/JAudio/JAInterface/JAISound	getTrackParameterU7__8JAISoundFUcSc	4	320	-316	
0	mario/JSystem/JAudio/JAInterface/JAISound	getTrackParameterF32__8JAISoundFUcSc	4	232	-228	
0	mario/JSystem/JAudio/JAInterface/JAISound	getPointer__8JAISoundFUcSc	4	8	-4	
0	mario/JSystem/JAudio/JAInterface/JAISound	getTrackPortData__8JAISoundFUcUc	4	132	-128	
0	mario/JSystem/JAudio/JAInterface/JAISound	getSeParametermeterF32__8JAISoundFUcUc	4	272	-268	
0	mario/JSystem/JAudio/JAInterface/JAISound	getStreamInterPitch__8JAISoundFUc	4	144	-140	
0	mario/JSystem/JAudio/JAInterface/JAISystemInterface	JAIouterP__18JAISystemInterfaceFPv	8	24	-16	
0	mario/JSystem/JAudio/JAInterface/JAISystemInterface	JAIouterSW__18JAISystemInterfaceFPv	8	68	-60	
0	mario/JSystem/JAudio/JAInterface/JAISystemInterface	setAudioFrameParameter__18JAISystemInterfaceFPQ38JASystem6Kernel9TPortArgs	4	176	-172	
0	mario/JSystem/JAudio/JALibrary/JALCalc	getParamByExp_0_1__7JALCalcFffffQ27JALCalc9CurveSign	8	292	-284	
0	mario/JSystem/JAudio/JALibrary/JALCalc	getRandom_Sign__7JALCalcFv	8	168	-160	
0	mario/JSystem/JAudio/JALibrary/JALCalc	pow2__7JALCalcFf	8	36	-28	
0	mario/JSystem/JAudio/JALibrary/JALCalc	getRint__7JALCalcFf	8	80	-72	
0	mario/JSystem/JAudio/JASystem/JASAiCtrl	registerDacCallback__Q28JASystem6KernelFPFPsl_v	4	8	-4	
0	mario/JSystem/JAudio/JASystem/JASAudioThread	bootDSP__Q28JASystem11AudioThreadFv	4	60	-56	
0	mario/JSystem/JAudio/JASystem/JASBasicInst	getEffect__Q28JASystem10TBasicInstFi	16	36	-20	
0	mario/JSystem/JAudio/JASystem/JASBasicInst	getOsc__Q28JASystem10TBasicInstFi	16	36	-20	
0	mario/JSystem/JAudio/JASystem/JASCalc	sinfM__Q28JASystem4CalcFf	8	84	-76	
0	mario/JSystem/JAudio/JASystem/JASCalc	cosfM__Q28JASystem4CalcFf	8	84	-76	
0	mario/JSystem/JAudio/JASystem/JASCalc	limit16__Q28JASystem4CalcFl	8	36	-28	
0	mario/JSystem/JAudio/JASystem/JASCalc	mixcopy__Q28JASystem4CalcFPCsPCsPsl	4	80	-76	
0	mario/JSystem/JAudio/JASystem/JASCalc	bcopyW__Q28JASystem4CalcFPCsPsl	4	220	-216	
0	mario/JSystem/JAudio/JASystem/JASCalc	hannWindow__Q28JASystem4CalcFPsl	4	232	-228	
0	mario/JSystem/JAudio/JASystem/JASCalc	hammWindow__Q28JASystem4CalcFPsl	4	244	-240	
0	mario/JSystem/JAudio/JASystem/JASCalc	fft__Q28JASystem4CalcFPfPfll	4	1232	-1228	
0	mario/JSystem/JAudio/JASystem/JASCallback	setNumOfCallbacks__Q28JASystem6KernelFUl	4	8	-4	
0	mario/JSystem/JAudio/JASystem/JASCallback	rejectCallback__Q28JASystem6KernelFPFPv_lPv	4	140	-136	
0	mario/JSystem/JAudio/JASystem/JASChannel	overwriteOscMultiple__Q28JASystem8TChannelFPQ38JASystem11TOscillator4Osc_PQ38JASystem11TOscillator4Osc_PQ38JASystem11TOscillator4Osc_PQ38JASystem11TOscillator4Osc_	4	412	-408	
0	mario/JSystem/JAudio/JASystem/JASChannel	initOscForOscSound__Q28JASystem8TChannelFv	4	96	-92	
0	mario/JSystem/JAudio/JASystem/JASChannel	setPanParam__Q28JASystem8TChannelFPCfPCfPCf	4	52	-48	
0	mario/JSystem/JAudio/JASystem/JASChannel	setFxParam__Q28JASystem8TChannelFPCfPCfPCf	4	52	-48	
0	mario/JSystem/JAudio/JASystem/JASChannel	setDolbyParam__Q28JASystem8TChannelFPCfPCfPCf	4	52	-48	
0	mario/JSystem/JAudio/JASystem/JASChannelMgr	countList__Q28JASystem11TChannelMgrCFUl	8	112	-104	
0	mario/JSystem/JAudio/JASystem/JASCmdStack	cancelPortCmd__Q38JASystem6Kernel8TPortCmdFPQ38JASystem6Kernel9TPortHead	4	220	-216	
0	mario/JSystem/JAudio/JASystem/JASCmdStack	cancelPortCmdStay__Q38JASystem6Kernel8TPortCmdFv	4	36	-32	
0	mario/JSystem/JAudio/JASystem/JASDSPInterface	cacheChannelAll__Q28JASystem12DSPInterfaceFv	4	40	-36	
0	mario/JSystem/JAudio/JASystem/JASDSPInterface	changeFXLineParam__Q38JASystem12DSPInterface8FXBufferFUcUl	4	228	-224	
0	mario/JSystem/JAudio/JASystem/JASDSPInterface	setPitchIndirect__Q38JASystem12DSPInterface9DSPBufferFff	4	64	-60	
0	mario/JSystem/JAudio/JASystem/JASDSPInterface	cacheChannel__Q38JASystem12DSPInterface9DSPBufferFv	4	36	-32	
0	mario/JSystem/JAudio/JASystem/JASDrumSet	getEffect__Q38JASystem8TDrumSet5TPercFi	16	36	-20	
0	mario/JSystem/JAudio/JASystem/JASDvdThread	setRootPath__Q28JASystem3DvdFPc	4	120	-116	
0	mario/JSystem/JAudio/JASystem/JASDvdThread	setBufferDvdT__Q28JASystem3DvdFPUcUlUl	4	88	-84	
0	mario/JSystem/JAudio/JASystem/JASDvdThread	closeBufferDvdT__Q28JASystem3DvdFPUc	4	188	-184	
0	mario/JSystem/JAudio/JASystem/JASDvdThread	getCurrentBufferDvdT__Q28JASystem3DvdFPPUc	4	16	-12	
0	mario/JSystem/JAudio/JASystem/JASDvdThread	setFastOpenMaxDic__Q28JASystem3DvdFl	4	16	-12	
0	mario/JSystem/JAudio/JASystem/JASHardStream	init__Q28JASystem10HardStreamFv	4	184	-180	
0	mario/JSystem/JAudio/JASystem/JASHardStream	setMaxBgmPairs__Q28JASystem10HardStreamFUl	4	8	-4	
0	mario/JSystem/JAudio/JASystem/JASHardStream	setMaxFilenames__Q28JASystem10HardStreamFUl	4	8	-4	
0	mario/JSystem/JAudio/JASystem/JASHardStream	setRootDir__Q28JASystem10HardStreamFPCc	4	124	-120	
0	mario/JSystem/JAudio/JASystem/JASHardStream	setMasterVol__Q28JASystem10HardStreamFf	4	84	-80	
0	mario/JSystem/JAudio/JASystem/JASHardStream	setFile__Q28JASystem10HardStreamFUlPCcf	4	204	-200	
0	mario/JSystem/JAudio/JASystem/JASHardStream	setBgmPair__Q28JASystem10HardStreamFUlUsUs	4	200	-196	
0	mario/JSystem/JAudio/JASystem/JASHardStream	registBgmPair__Q28JASystem10HardStreamFUlUl	4	336	-332	
0	mario/JSystem/JAudio/JASystem/JASHardStream	unregistBgmPair__Q28JASystem10HardStreamFUl	4	116	-112	
0	mario/JSystem/JAudio/JASystem/JASHardStream	playBgm__Q28JASystem10HardStreamFUl	4	172	-168	
0	mario/JSystem/JAudio/JASystem/JASHardStream	stopBgm__Q28JASystem10HardStreamFUl	4	204	-200	
0	mario/JSystem/JAudio/JASystem/JASHardStream	checkPlaying__Q28JASystem10HardStreamFv	8	72	-64	
0	mario/JSystem/JAudio/JASystem/JASHardStream	moveVolume__Q28JASystem10HardStreamFfUl	4	120	-116	
0	mario/JSystem/JAudio/JASystem/JASHardStream	getFreeList__Q28JASystem10HardStreamFv	8	60	-52	
0	mario/JSystem/JAudio/JASystem/JASHardStream	setMasterVol__Q38JASystem10HardStream8TControlFf	4	8	-4	
0	mario/JSystem/JAudio/JASystem/JASHardStream	extendFilename__Q38JASystem10HardStream8TControlFPcPc	4	84	-80	
0	mario/JSystem/JAudio/JASystem/JASHardStream	msecToFrames__Q38JASystem10HardStream8TControlFUl	8	136	-128	
0	mario/JSystem/JAudio/JASystem/JASHardStream	__ct__Q38JASystem10HardStream15THardStreamFileFv	4	60	-56	
0	mario/JSystem/JAudio/JASystem/JASHardStream	setNameVol__Q38JASystem10HardStream15THardStreamFileFPCcf	4	60	-56	
0	mario/JSystem/JAudio/JASystem/JASHardStream	__ct__Q38JASystem10HardStream9TPlayPairFv	4	28	-24	
0	mario/JSystem/JAudio/JASystem/JASHardStream	getRegisted__Q38JASystem10HardStream9TPlayPairFv	8	40	-32	
0	mario/JSystem/JAudio/JASystem/JASHeapCtrl	getUnlockHeap__Q38JASystem6Kernel5THeapFv	8	44	-36	
0	mario/JSystem/JAudio/JASystem/JASHeapCtrl	checkAlloc__Q38JASystem6Kernel5THeapFv	4	28	-24	
0	mario/JSystem/JAudio/JASystem/JASHeapCtrl	init__Q38JASystem6Kernel5THeapFv	4	68	-64	
0	mario/JSystem/JAudio/JASystem/JASHeapCtrl	selfInit__Q38JASystem6Kernel5THeapFUlUlUl	4	56	-52	
0	mario/JSystem/JAudio/JASystem/JASHeapCtrl	setGroupHeap__Q38JASystem6Kernel5THeapFPQ38JASystem6Kernel5THeap	4	56	-52	
0	mario/JSystem/JAudio/JASystem/JASHeapCtrl	cutDown__Q38JASystem6Kernel5THeapFv	4	12	-8	
0	mario/JSystem/JAudio/JASystem/JASHeapCtrl	garbageCollectionSt__Q38JASystem6Kernel5THeapFv	4	220	-216	
0	mario/JSystem/JAudio/JASystem/JASHeapCtrl	checkFreeHeapTotal__Q38JASystem6Kernel5THeapFv	4	88	-84	
0	mario/JSystem/JAudio/JASystem/JASHeapCtrl	checkFreeHeapLinear__Q38JASystem6Kernel5THeapFv	4	92	-88	
0	mario/JSystem/JAudio/JASystem/JASHeapCtrl	show__Q38JASystem6Kernel5THeapFUl	4	160	-156	
0	mario/JSystem/JAudio/JASystem/JASHeapCtrl	moveChildren__Q38JASystem6Kernel5THeapFl	4	164	-160	
0	mario/JSystem/JAudio/JASystem/JASHeapCtrl	aramFinish__Q28JASystem6KernelFUl	4	44	-40	
0	mario/JSystem/JAudio/JASystem/JASHeapCtrl	dmaAramToAram__Q28JASystem6KernelFUlUlUl	4	232	-228	
0	mario/JSystem/JAudio/JASystem/JASHeapCtrl	dmaDramToDram__Q28JASystem6KernelFUlUlUl	4	252	-248	
0	mario/JSystem/JAudio/JASystem/JASHeapCtrl	freeLast__Q38JASystem6Kernel10TSolidHeapFv	4	52	-48	
0	mario/JSystem/JAudio/JASystem/JASHeapCtrl	freeAll__Q38JASystem6Kernel10TSolidHeapFv	4	24	-20	
0	mario/JSystem/JAudio/JASystem/JASKernelDebug	stackCheck__Q28JASystem6KernelFPUx	4	92	-88	
0	mario/JSystem/JAudio/JASystem/JASKernelDebug	setLdHistMax__Q28JASystem6KernelFl	4	8	-4	
0	mario/JSystem/JAudio/JASystem/JASKernelDebug	checkLdHistInit__Q28JASystem6KernelFv	4	92	-88	
0	mario/JSystem/JAudio/JASystem/JASKernelDebug	checkLdHistIn__Q28JASystem6KernelFUlPUcUl	4	144	-140	
0	mario/JSystem/JAudio/JASystem/JASKernelDebug	checkLdHistOut__Q28JASystem6KernelFv	4	64	-60	
0	mario/JSystem/JAudio/JASystem/JASKernelDebug	checkLdHistPrint__Q28JASystem6KernelFv	4	100	-96	
0	mario/JSystem/JAudio/JASystem/JASProbe	switchProbe__Q28JASystem6KernelFUll	4	564	-560	
0	mario/JSystem/JAudio/JASystem/JASProbe	resetProbe__Q28JASystem6KernelFv	4	468	-464	
0	mario/JSystem/JAudio/JASystem/JASProbe	getProbeName__Q28JASystem6KernelFl	4	16	-12	
0	mario/JSystem/JAudio/JASystem/JASProbe	getProbeLast__Q28JASystem6KernelFl	4	20	-16	
0	mario/JSystem/JAudio/JASystem/JASProbe	getProbeAvg__Q28JASystem6KernelFl	4	20	-16	
0	mario/JSystem/JAudio/JASystem/JASProbe	getProbeTotalAvg__Q28JASystem6KernelFl	4	28	-24	
0	mario/JSystem/JAudio/JASystem/JASProbe	getProbeTotal__Q28JASystem6KernelFl	4	20	-16	
0	mario/JSystem/JAudio/JASystem/JASProbe	getProbeMax__Q28JASystem6KernelFl	4	20	-16	
0	mario/JSystem/JAudio/JASystem/JASRegisterParam	setBankNumber__Q28JASystem14TRegisterParamFUc	4	48	-44	
0	mario/JSystem/JAudio/JASystem/JASSystemHeap	getSysDramRemain__Q28JASystem6KernelFv	8	48	-40	
0	mario/JSystem/JAudio/JASystem/JASSystemHeap	setSysDramSize__Q28JASystem6KernelFUl	4	8	-4	
0	mario/JSystem/JAudio/JASystem/JASSystemHeap	getSysDramSize__Q28JASystem6KernelFv	8	12	-4	
0	mario/JSystem/JAudio/JASystem/JASSystemHeap	getSysDramTop__Q28JASystem6KernelFv	8	12	-4	
0	mario/JSystem/JAudio/JASystem/JASSystemHeap	setSysAramSize__Q28JASystem6KernelFUl	4	8	-4	
0	mario/JSystem/JAudio/JASystem/JASSystemHeap	allocFromSysAram__Q28JASystem6KernelFUl	8	44	-36	
0	mario/JSystem/JAudio/JASystem/JASSystemHeap	freeToSysAramLast__Q28JASystem6KernelFv	4	40	-36	
0	mario/JSystem/JAudio/JASystem/JASSystemHeap	getSysAramRemain__Q28JASystem6KernelFv	8	40	-32	
0	mario/JSystem/JAudio/JASystem/JASSystemHeap	getSysAramSize__Q28JASystem6KernelFv	8	16	-8	
0	mario/JSystem/JAudio/JASystem/JASTrack	setBankNumber__Q28JASystem6TTrackFUc	4	40	-36	
0	mario/JSystem/JAudio/JASystem/JASTrack	getNoteStatus__Q28JASystem6TTrackFUc	8	40	-32	
0	mario/JSystem/JAudio/JASystem/JASTrack	muteChildTracks__Q28JASystem6TTrackFUs	4	112	-108	
0	mario/JSystem/JAudio/JASystem/JASTrack	setTrackExtPanPower__Q28JASystem6TTrackFf	4	52	-48	
0	mario/JSystem/JAudio/JASystem/JASTrack	checkExportApp__Q28JASystem6TTrackFUl	4	116	-112	
0	mario/JSystem/JAudio/JASystem/JASTrack	checkImportApp__Q28JASystem6TTrackFUl	4	116	-112	
0	mario/JSystem/JAudio/JASystem/JASTrackMgr	getTrackHandle__Q28JASystem8TrackMgrFUl	8	80	-72	
0	mario/JSystem/JAudio/JASystem/JASTrackMgr	setPause__Q28JASystem8TrackMgrFPQ38JASystem6Kernel9TPortArgs	4	116	-112	
0	mario/JSystem/JAudio/JASystem/JASTrackMgr	clearPause__Q28JASystem8TrackMgrFPQ38JASystem6Kernel9TPortArgs	4	116	-112	
0	mario/JSystem/JAudio/JASystem/JASTrackPort	readWriteCheck__Q28JASystem10TTrackPortFUlUc	4	96	-92	
0	mario/JSystem/JAudio/JASystem/JASVload	setMaxArcs__Q28JASystem5VloadFl	4	8	-4	
0	mario/JSystem/JAudio/JASystem/JASVload	getLogicalHandleS__Q28JASystem5VloadFPcPc	8	220	-212	
0	mario/JSystem/JAudio/JASystem/JASVload	getLogicalHandle__Q28JASystem5VloadFPc	8	352	-344	
0	mario/JSystem/JAudio/JASystem/JASVload	getHandle__Q28JASystem5VloadFUl	8	92	-84	
0	mario/JSystem/JAudio/JASystem/JASVload	getMemoryFile__Q28JASystem5VloadFUl	8	100	-92	
0	mario/JSystem/JAudio/JASystem/JASWaveArcLoader	init__Q28JASystem13WaveArcLoaderFUl	4	84	-80	
0	mario/JSystem/JDrama/JDRDStage	__ct__Q26JDrama10TDStageTexFPCcQ26JDrama10TFlagT<Us>	108	256	-148	
0	mario/JSystem/JDrama/JDRDStage	getClearColor__Q26JDrama10TDStageTexFv	4	32	-28	
0	mario/JSystem/JDrama/JDRDStage	setClearColor__Q26JDrama10TDStageTexFQ28JUtility6TColor	4	16	-12	
0	mario/JSystem/JDrama/JDRDStage	getClearZ__Q26JDrama10TDStageTexFv	4	12	-8	
0	mario/JSystem/JDrama/JDRDStage	setClearZ__Q26JDrama10TDStageTexFUl	4	12	-8	
0	mario/JSystem/JDrama/JDRDStage	getSrcRect__Q26JDrama10TDStageTexCFv	4	12	-8	
0	mario/JSystem/JDrama/JDRDStage	setSrcRect__Q26JDrama10TDStageTexFRCQ26JDrama5TRect	4	36	-32	
0	mario/JSystem/JDrama/JDRDStage	getImgPtr__Q26JDrama10TDStageTexCFv	4	12	-8	
0	mario/JSystem/JDrama/JDRDStage	setImgPtr__Q26JDrama10TDStageTexFPv	4	12	-8	
0	mario/JSystem/JDrama/JDRDStage	getTexFmt__Q26JDrama10TDStageTexCFv	4	12	-8	
0	mario/JSystem/JDrama/JDRDStage	setTexFmt__Q26JDrama10TDStageTexF9_GXTexFmt	4	12	-8	
0	mario/JSystem/JDrama/JDRDStage	getDstSize__Q26JDrama10TDStageTexCFv	4	12	-8	
0	mario/JSystem/JDrama/JDRDStage	setDstSize__Q26JDrama10TDStageTexFRCQ26JDrama5TSize	4	24	-20	
0	mario/JSystem/JDrama/JDRDStage	setTexAttb__Q26JDrama10TDStageTexFRC9_GXTexObj	4	36	-32	
0	mario/JSystem/JDrama/JDRDStage	__dt__Q26JDrama10TDStageTexFv	116	132	-16	
0	mario/JSystem/JDrama/JDRScreen	isScissor__Q26JDrama7TScreenCFv	4	24	-20	
0	mario/JSystem/JGadget/singlelinklist	erase__Q27JGadget19TSingleNodeLinkListFQ37JGadget19TSingleNodeLinkList8iterator	4	92	-88	
0	mario/JSystem/JGadget/singlelinklist	erase__Q27JGadget19TSingleNodeLinkListFQ37JGadget19TSingleNodeLinkList8iteratorQ37JGadget19TSingleNodeLinkList8iterator	4	72	-68	
0	mario/JSystem/JGadget/singlelinklist	clear__Q27JGadget19TSingleNodeLinkListFv	4	24	-20	
0	mario/JSystem/JGadget/singlelinklist	splice__Q27JGadget19TSingleNodeLinkListFQ37JGadget19TSingleNodeLinkList8iteratorRQ27JGadget19TSingleNodeLinkList	4	88	-84	
0	mario/JSystem/JGadget/singlelinklist	splice__Q27JGadget19TSingleNodeLinkListFQ37JGadget19TSingleNodeLinkList8iteratorRQ27JGadget19TSingleNodeLinkListQ37JGadget19TSingleNodeLinkList8iterator	4	152	-148	
0	mario/JSystem/JGadget/singlelinklist	splice__Q27JGadget19TSingleNodeLinkListFQ37JGadget19TSingleNodeLinkList8iteratorRQ27JGadget19TSingleNodeLinkListQ37JGadget19TSingleNodeLinkList8iteratorQ37JGadget19TSingleNodeLinkList8iterator	4	232	-228	
0	mario/JSystem/JGadget/singlelinklist	swap__Q27JGadget19TSingleNodeLinkListFRQ27JGadget19TSingleNodeLinkList	4	152	-148	
0	mario/JSystem/JGadget/singlelinklist	reverse__Q27JGadget19TSingleNodeLinkListFv	4	152	-148	
0	mario/JSystem/JGadget/singlelinklist	Find__Q27JGadget19TSingleNodeLinkListFPCQ27JGadget19TSingleLinkListNode	4	132	-128	
0	mario/JSystem/JGadget/singlelinklist	Remove__Q27JGadget19TSingleNodeLinkListFPQ27JGadget19TSingleLinkListNode	4	72	-68	
0	mario/JSystem/JGadget/std-vector	assign__Q27JGadget20TVector_pointer_voidFUlRCPv	4	132	-128	
0	mario/JSystem/JGadget/std-vector	__as__Q27JGadget20TVector_pointer_voidFRCQ27JGadget20TVector_pointer_void	528	412	116	
0	mario/JSystem/JGadget/std-vector	ResizeRaw__Q27JGadget20TVector_pointer_voidFUl	172	148	24	
0	mario/JSystem/JKernel/JKRAram	checkOkAddress__7JKRAramFPUcUlP12JKRAramBlockUl	148	128	20	
0	mario/JSystem/JKernel/JKRAram	mainRamToAram__7JKRAramFPUcP12JKRAramBlockUl15JKRExpandSwitchUlP7JKRHeapi	232	240	-8	
0	mario/JSystem/JKernel/JKRAram	mainRamToAram_Async__7JKRAramFPUcUlUl15JKRExpandSwitchUlP7JKRHeapPFUl_vi	4	684	-680	
0	mario/JSystem/JKernel/JKRAram	mainRamToAram_Async__7JKRAramFPUcP12JKRAramBlockUl15JKRExpandSwitchUlP7JKRHeapPFUl_vi	4	252	-248	
0	mario/JSystem/JKernel/JKRAram	aramToMainRam_Async__7JKRAramFUlPUcUl15JKRExpandSwitchUlP7JKRHeapPFUl_vi	4	712	-708	
0	mario/JSystem/JKernel/JKRAram	aramToMainRam_Async__7JKRAramFP12JKRAramBlockPUcUlUl15JKRExpandSwitchUlP7JKRHeapPFUl_vi	4	248	-244	
0	mario/JSystem/JKernel/JKRAram	aramSync__7JKRAramFP12JKRAMCommandi	4	184	-180	
0	mario/JSystem/JKernel/JKRAram	aramSyncAll__7JKRAramFi	4	252	-248	
0	mario/JSystem/JKernel/JKRAram	countLeftSync__7JKRAramFv	4	52	-48	
0	mario/JSystem/JKernel/JKRAramArchive	fixedInit__14JKRAramArchiveFl	4	64	-60	
0	mario/JSystem/JKernel/JKRAramArchive	mountFixed__14JKRAramArchiveFl	8	224	-216	
0	mario/JSystem/JKernel/JKRAramArchive	mountFixed__14JKRAramArchiveFPCc	8	180	-172	
0	mario/JSystem/JKernel/JKRAramArchive	unmountFixed__14JKRAramArchiveFv	4	256	-252	
0	mario/JSystem/JKernel/JKRAramArchive	getAramAddress_Entry__14JKRAramArchiveFPQ210JKRArchive12SDIFileEntry	8	36	-28	
0	mario/JSystem/JKernel/JKRAramArchive	getAramAddress__14JKRAramArchiveFPCc	8	80	-72	
0	mario/JSystem/JKernel/JKRAramArchive	getAramAddress__14JKRAramArchiveFUlPCc	8	76	-68	
0	mario/JSystem/JKernel/JKRAramArchive	getAramAddress__14JKRAramArchiveFUs	8	76	-68	
0	mario/JSystem/JKernel/JKRAramArchive	getIdxAramAddress__14JKRAramArchiveFUl	8	76	-68	
0	mario/JSystem/JKernel/JKRAramHeap	changeGroupID__11JKRAramHeapFUc	8	96	-88	
0	mario/JSystem/JKernel/JKRAramHeap	freeLevel__11JKRAramHeapFUc	8	172	-164	
0	mario/JSystem/JKernel/JKRAramHeap	freeGroup__11JKRAramHeapFUc	8	172	-164	
0	mario/JSystem/JKernel/JKRAramHeap	freeAll__11JKRAramHeapFv	4	196	-192	
0	mario/JSystem/JKernel/JKRAramHeap	freeTail__11JKRAramHeapFv	4	136	-132	
0	mario/JSystem/JKernel/JKRAramHeap	getUsedSize__11JKRAramHeapFUc	8	212	-204	
0	mario/JSystem/JKernel/JKRAramHeap	isEmpty__11JKRAramHeapFv	8	116	-108	
0	mario/JSystem/JKernel/JKRAramHeap	dump__11JKRAramHeapFv	4	100	-96	
0	mario/JSystem/JKernel/JKRAramPiece	__ct__12JKRAramPieceFv	4	60	-56	
0	mario/JSystem/JKernel/JKRAramPiece	syncAll__12JKRAramPieceFi	4	272	-268	
0	mario/JSystem/JKernel/JKRAramPiece	getDestination__12JKRAMCommandFv	8	32	-24	
0	mario/JSystem/JKernel/JKRAramStream	write_StreamToAram_Async__13JKRAramStreamFP18JSUFileInputStreamP12JKRAramBlockUlUl	8	176	-168	
0	mario/JSystem/JKernel/JKRAramStream	write_StreamToAram__13JKRAramStreamFP18JSUFileInputStreamP12JKRAramBlockUlUl	8	36	-28	
0	mario/JSystem/JKernel/JKRAramStream	write_StreamToAram__13JKRAramStreamFP18JSUFileInputStreamUlUlUl	8	224	-216	
0	mario/JSystem/JKernel/JKRArchivePri	__ct__10JKRArchiveFPCcQ210JKRArchive10EMountMode	60	200	-140	
0	mario/JSystem/JKernel/JKRArchivePri	findTypeResource__10JKRArchiveCFUlUl	8	152	-144	
0	mario/JSystem/JKernel/JKRArchivePri	findIdResource__10JKRArchiveCFUs	132	128	4	
0	mario/JSystem/JKernel/JKRArchivePri	__ct__Q210JKRArchive8CArcNameFv	4	20	-16	
0	mario/JSystem/JKernel/JKRArchivePub	mount__10JKRArchiveFPvP7JKRHeapQ210JKRArchive15EMountDirection	8	188	-180	
0	mario/JSystem/JKernel/JKRArchivePub	countResource__10JKRArchiveFUlPC10JKRArchive	8	152	-144	
0	mario/JSystem/JKernel/JKRCompArchive	fixedInit__14JKRCompArchiveFl	4	68	-64	
0	mario/JSystem/JKernel/JKRCompArchive	mountFixed__14JKRCompArchiveFl	4	240	-236	
0	mario/JSystem/JKernel/JKRCompArchive	mountFixed__14JKRCompArchiveFPCc	4	192	-188	
0	mario/JSystem/JKernel/JKRCompArchive	unmountFixed__14JKRCompArchiveFv	4	284	-280	
0	mario/JSystem/JKernel/JKRDecomp	sync__9JKRDecompFP16JKRDecompCommandi	88	96	-8	
0	mario/JSystem/JKernel/JKRDvdAramRipper	loadToAram_Async__16JKRDvdAramRipperFPcUl15JKRExpandSwitchPFUl_vUlUl	116	344	-228	
0	mario/JSystem/JKernel/JKRDvdAramRipper	loadToAram_Async__16JKRDvdAramRipperFlUl15JKRExpandSwitchPFUl_vUlUl	8	256	-248	
0	mario/JSystem/JKernel/JKRDvdAramRipper	syncAramAll__16JKRDvdAramRipperFi	8	268	-260	
0	mario/JSystem/JKernel/JKRDvdAramRipper	countLeftSync__16JKRDvdAramRipperFv	4	52	-48	
0	mario/JSystem/JKernel/JKRDvdAramRipper	afterAramAsync__16JKRDvdAramRipperFP12JKRADCommand	4	64	-60	
0	mario/JSystem/JKernel/JKRDvdArchive	__ct__13JKRDvdArchiveFv	68	60	8	
0	mario/JSystem/JKernel/JKRDvdArchive	fixedInit__13JKRDvdArchiveFl	4	68	-64	
0	mario/JSystem/JKernel/JKRDvdArchive	mountFixed__13JKRDvdArchiveFl	4	224	-220	
0	mario/JSystem/JKernel/JKRDvdArchive	mountFixed__13JKRDvdArchiveFPCc	4	176	-172	
0	mario/JSystem/JKernel/JKRDvdArchive	unmountFixed__13JKRDvdArchiveFv	4	212	-208	
0	mario/JSystem/JKernel/JKRDvdFile	check__10JKRDvdFileFv	8	172	-164	
0	mario/JSystem/JKernel/JKRDvdFile	load__10JKRDvdFileFPCcP7JKRHeap	8	900	-892	
0	mario/JSystem/JKernel/JKRDvdRipper	loadToMainRAMAsync__12JKRDvdRipperFPCcPUc15JKRExpandSwitchUlP7JKRHeap	8	244	-236	
0	mario/JSystem/JKernel/JKRDvdRipper	loadToMainRAMAsync__12JKRDvdRipperFlPUc15JKRExpandSwitchUlP7JKRHeap	8	244	-236	
0	mario/JSystem/JKernel/JKRDvdRipper	loadToMainRAMAsync__12JKRDvdRipperFP10JKRDvdFilePUc15JKRExpandSwitchUlP7JKRHeap	8	484	-476	
0	mario/JSystem/JKernel/JKRDvdRipper	doneProcess__12JKRDvdRipperFlP11DVDFileInfo	4	48	-44	
0	mario/JSystem/JKernel/JKRDvdRipper	sync__12JKRDvdRipperFP12JKRDMCommandi	8	444	-436	
0	mario/JSystem/JKernel/JKRDvdRipper	syncAll__12JKRDvdRipperFi	4	140	-136	
0	mario/JSystem/JKernel/JKRDvdRipper	countLeftSync__12JKRDvdRipperFv	4	52	-48	
0	mario/JSystem/JKernel/JKRDvdRipper	__ct__12JKRDMCommandFv	52	80	-28	
0	mario/JSystem/JKernel/JKRDvdRipper	__dt__12JKRDMCommandFv	92	160	-68	
0	mario/JSystem/JKernel/JKRExpHeap	freeLevel__10JKRExpHeapFUc	8	148	-140	
0	mario/JSystem/JKernel/JKRExpHeap	countGroup__10JKRExpHeapFUc	8	116	-108	
0	mario/JSystem/JKernel/JKRExpHeap	isEmpty__10JKRExpHeapFv	92	88	4	
0	mario/JSystem/JKernel/JKRExpHeap	DBshow__10JKRExpHeapFv	4	408	-404	
0	mario/JSystem/JKernel/JKRFileLoader	unmountAll__13JKRFileLoaderFv	4	96	-92	
0	mario/JSystem/JKernel/JKRFileLoader	readGlbResource__13JKRFileLoaderFPvUlPCc	8	108	-100	
0	mario/JSystem/JKernel/JKRFileLoader	readGlbResource__13JKRFileLoaderFPvUlPCcP13JKRFileLoader	8	184	-176	
0	mario/JSystem/JKernel/JKRFileLoader	countFileGlb__13JKRFileLoaderFPCc	8	88	-80	
0	mario/JSystem/JKernel/JKRHeap	fillMemory__7JKRHeapFPUcUlUc	4	164	-160	
0	mario/JSystem/JKernel/JKRHeap	__dt__Q27JKRHeap6TStateFv	112	308	-196	
0	mario/JSystem/JKernel/JKRMemArchive	__ct__13JKRMemArchiveFPCcQ210JKRArchive15EMountDirection	68	172	-104	
0	mario/JSystem/JKernel/JKRMemArchive	mountFixed__13JKRMemArchiveFlQ210JKRArchive15EMountDirection	4	260	-256	
0	mario/JSystem/JKernel/JKRMemArchive	mountFixed__13JKRMemArchiveFPCcQ210JKRArchive15EMountDirection	4	220	-216	
0	mario/JSystem/JKernel/JKRMemArchive	open__13JKRMemArchiveFPCcQ210JKRArchive15EMountDirection	4	76	-72	
0	mario/JSystem/JKernel/JKRSolidHeap	createRoot__12JKRSolidHeapFib	8	120	-112	
0	mario/JSystem/JKernel/JKRSolidHeap	destroy__12JKRSolidHeapFv	4	104	-100	
0	mario/JSystem/JKernel/JKRSolidHeap	recordState__12JKRSolidHeapFUl	4	184	-180	
0	mario/JSystem/JKernel/JKRStdHeap	createRoot__10JKRStdHeapFib	8	120	-112	
0	mario/JSystem/JKernel/JKRStdHeap	destroy__10JKRStdHeapFv	4	104	-100	
0	mario/JSystem/JKernel/JKRStdHeap	allocFixed__10JKRStdHeapFPvPv	8	184	-176	
0	mario/JSystem/JKernel/JKRThread	__ct__7JKRTaskFv	300	304	-4	
0	mario/JSystem/JKernel/JKRThread	create__7JKRTaskFv	8	100	-92	
0	mario/JSystem/JKernel/JKRThread	destroy__7JKRTaskFv	4	88	-84	
0	mario/JSystem/JKernel/JKRThread	run__7JKRTaskFv	8	136	-128	
0	mario/JSystem/JKernel/JKRThread	request__7JKRTaskFPFPv_vPv	4	80	-76	
0	mario/JSystem/JParticle/JPAEmitter	deleteParticle__14JPABaseEmitterFP15JPABaseParticle	4	156	-152	
0	mario/JSystem/JParticle/JPAEmitter	setGlobalRMatrix__14JPABaseEmitterFPA4_f	4	44	-40	
0	mario/JSystem/JParticle/JPAEmitter	getPivotX__14JPABaseEmitterFv	4	32	-28	
0	mario/JSystem/JParticle/JPAEmitter	getPivotY__14JPABaseEmitterFv	4	32	-28	
0	mario/JSystem/JParticle/JPAEmitterManager	draw__17JPAEmitterManagerFPA4_fUc	4	188	-184	
0	mario/JSystem/JParticle/JPAMath	JPAGetScaleXYRotateMtx__FRQ29JGeometry8TVec3<f>ssPA4_f	4	372	-368	
0	mario/JSystem/JParticle/JPAMath	JPAGetScaleYZRotateMtx__FRQ29JGeometry8TVec3<f>ssPA4_f	4	372	-368	
0	mario/JSystem/JParticle/JPAMath	JPAGetZRotateMtx__FsPA4_f	152	148	4	
0	mario/JSystem/JParticle/JPAMath	JPAConvertFloatToFix__Ff	4	52	-48	
0	mario/JSystem/JParticle/JPAMath	JPAConvertFloatVecToFixVec__FRQ29JGeometry8TVec3<s>RCQ29JGeometry8TVec3<f>	4	156	-152	
0	mario/JSystem/JParticle/JPAMath	JPABound__FRQ29JGeometry8TVec3<f>RCQ29JGeometry8TVec3<f>RCQ29JGeometry8TVec3<f>ff	4	252	-248	
0	mario/JSystem/JParticle/JPAMath	JPAGetRTMtxElement__FPA4_fPA4_f	4	592	-588	
0	mario/JSystem/JParticle/JPAMath	JPARadVecToSVec__FRQ29JGeometry8TVec3<f>RQ29JGeometry8TVec3<s>	4	88	-84	
0	mario/JSystem/JRenderer	J3DGDSetTexCoordScale__F13_GXTexCoordIDUsUs	4	576	-572	
0	mario/JSystem/JRenderer	J3DGDSetTexImgPtrRaw__F11_GXTexMapIDUl	4	196	-192	
0	mario/JSystem/JRenderer	JRNSetTevDirect__F13_GXTevStageID	4	188	-184	
0	mario/JSystem/JRenderer	JRNFlushTextureState__Fv	4	312	-308	
0	mario/JSystem/JUtility/JUTConsole	create__10JUTConsoleFUiUiP7JKRHeap	4	140	-136	
0	mario/JSystem/JUtility/JUTConsole	destroy__10JUTConsoleFP10JUTConsole	4	92	-88	
0	mario/JSystem/JUtility/JUTConsole	getObjectSizeFromBufferSize__10JUTConsoleFUiUi	4	16	-12	
0	mario/JSystem/JUtility/JUTConsole	dumpToTerminal__10JUTConsoleFUi	4	308	-304	
0	mario/JSystem/JUtility/JUTConsole	dumpToConsole__10JUTConsoleFP10JUTConsoleUi	4	336	-332	
0	mario/JSystem/JUtility/JUTConsole	destroyManager__17JUTConsoleManagerFP17JUTConsoleManager	4	100	-96	
0	mario/JSystem/JUtility/JUTConsole	getConsoleNumber__17JUTConsoleManagerCFv	4	8	-4	
0	mario/JSystem/JUtility/JUTDirectPrint	print__14JUTDirectPrintFUsUsPCce	392	404	-12	
0	mario/JSystem/JUtility/JUTException	setFpscr__12JUTExceptionFUl	4	32	-28	
0	mario/JSystem/JUtility/JUTGamePad	__ct__10JUTGamePadFv	124	192	-68	
0	mario/JSystem/JUtility/JUTGamePad	clear__10JUTGamePadFv	4	12	-8	
0	mario/JSystem/JUtility/JUTGamePad	triggerPatternedRumble__Q210JUTGamePad7CRumbleFUl	4	40	-36	
0	mario/JSystem/JUtility/JUTGamePad	setPatternedRumble__Q210JUTGamePad7CRumbleFsUsPUc	4	96	-92	
0	mario/JSystem/JUtility/JUTGamePad	startPatternedRumble__Q210JUTGamePad7CRumbleFPUcQ310JUTGamePad7CRumble7ERumbleUl	4	188	-184	
0	mario/JSystem/JUtility/JUTGamePad	stopPatternedRumbleAtThePeriod__Q210JUTGamePad7CRumbleFv	4	36	-32	
0	mario/JSystem/JUtility/JUTGamePad	resetButtonRepeat__10JUTGamePadFv	4	88	-84	
0	mario/JSystem/JUtility/JUTGamePad	addButtonRepeat__10JUTGamePadFUl	4	56	-52	
0	mario/JSystem/JUtility/JUTGamePad	removeButtonRepeat__10JUTGamePadFUl	4	64	-60	
0	mario/JSystem/JUtility/JUTGamePad	__ct__16JUTGamePadRecordFv	4	32	-28	
0	mario/JSystem/JUtility/JUTGamePad	setBuffer__16JUTGamePadRecordFPvUlUcUl	4	152	-148	
0	mario/JSystem/JUtility/JUTGamePad	clear__16JUTGamePadRecordFv	4	64	-60	
0	mario/JSystem/JUtility/JUTGamePad	seek__16JUTGamePadRecordFiQ216JUTGamePadRecord7EOrigin	108	144	-36	
0	mario/JSystem/JUtility/JUTGamePad	accumeSize1Frame__16JUTGamePadRecordFUc	4	72	-68	
0	mario/M3DUtil/LodAnm	execChangeLod__7TLodAnmFv	4	796	-792	
0	mario/M3DUtil/MActor	dumpReport__6MActorFv	4	232	-228	
0	mario/M3DUtil/MActor	update__6MActorFv	4	504	-500	
0	mario/M3DUtil/MActor	loadSetDeformData__6MActorFPCc	4	112	-108	
0	mario/M3DUtil/MActor	getCurAnmName__6MActorCFi	4	84	-80	
0	mario/M3DUtil/MActor	initDLByIndex__6MActorFUs	4	260	-256	
0	mario/M3DUtil/MActorData	__ct__17MActorAnmDataBaseFi	88	80	8	
0	mario/M3DUtil/MActorUtil	SMS_DumpMActor__FP6MActor	4	40	-36	
0	mario/M3DUtil/SampleCtrlModel	__ct__15SampleCtrlModelFP8J3DModel	16	80	-64	
0	mario/MSound/MSound	getBstPitch__6MSoundFUl	8	60	-52	
0	mario/MSound/MSound	stopAllSeInCategory__6MSoundFUcUl	4	140	-136	
0	mario/MSound/MSound	requestShineAppearFanfare__6MSoundFv	4	12	-8	
0	mario/MSound/MSound	checkSeqOnMemory__6MSoundFUl	8	76	-68	
0	mario/MSound/MSound	cleanUpAramWave__6MSoundFUc	4	100	-96	
0	mario/MSound/MSound	setWaterFilter__12MSSeCallBackFUs	4	24	-20	
0	mario/MSound/MSoundBGM	setPause__5MSBgmFUcb	4	136	-132	
0	mario/MSound/MSoundBGM	setSeqTRACKsMuteH__5MSBgmFP8JAISoundbUs	4	168	-164	
0	mario/MSound/MSoundBGM	setSeqTRACKsMute__5MSBgmFUcbUs	4	212	-208	
0	mario/MSound/MSoundBGM	setSeqTrackMute__5MSBgmFUcUcb	4	156	-152	
0	mario/MSound/MSoundBGM	setSeqTrackVolume__5MSBgmFUcUcfUl	4	196	-192	
0	mario/MSound/MSoundBGM	checkPlaying__5MSBgmFUl	8	76	-68	
0	mario/MSound/MSoundDebug	print__7MSPrintFv	4	84	-80	
0	mario/MSound/MSoundDebug	__ct__7MSPrintFv	4	248	-244	
0	mario/MSound/MSoundDebug	print__12MSPrintEntryFv	4	240	-236	
0	mario/MSound/MSoundDebug	__ct__12MSPrintEntryFv	4	140	-136	
0	mario/MSound/MSoundDebug	print__10MSPrintCatFv	4	208	-204	
0	mario/MSound/MSoundDebug	__ct__10MSPrintCatFv	4	140	-136	
0	mario/MSound/MSoundDebug	__ct__11MSPrintBaseFUcUcUcUcUc	4	152	-148	
0	mario/MSound/MSoundDebug	__ct__11MSPrintBaseFv	4	132	-128	
0	mario/MSound/MSoundSE	getRandomVolume__Q214MSoundSESystem9MSRandVolFUlUl	4	104	-100	
0	mario/MSound/MSoundScene	calcPosPanSR__9MSSceneSEFP3Vecf	4	240	-236	
0	mario/MSound/MSoundScene	calcPosPanLR__9MSSceneSEFP3Vecf	4	292	-288	
0	mario/MSound/MSoundScene	calcPosVolume__9MSSceneSEFP3VecPfUc	4	308	-304	
0	mario/Map/BathWaterManager	CalcJumpVelocityY__9@unnamed@FRCQ29JGeometry8TVec3<f>RCQ29JGeometry8TVec3<f>fffPQ29JGeometry8TVec3<f>	4	168	-164	
0	mario/Map/BathWaterManager	wave__17TBathWaterManagerCFRQ29JGeometry8TVec3<f>RQ29JGeometry8TVec3<f>ff	4	604	-600	
0	mario/Map/BathWaterManager	make_ORTHOmatrix__FPA4_fffffffff	4	152	-148	
0	mario/Map/BathWaterManager	f2i__Ff	4	68	-64	
0	mario/Map/BathWaterManager	init_draw_light__FPA4_fPQ29JGeometry8TVec3<f>P8_GXColor	4	452	-448	
0	mario/Map/BathWaterManager	set_light_pos_nrm__FP11_GXLightObjPA4_fPQ29JGeometry8TVec3<f>PQ29JGeometry8TVec3<f>	4	268	-264	
0	mario/Map/BathWaterManager	initScreen2D__Fss	332	336	-4	
0	mario/Map/BathWaterManager	minmax_set__FRQ29JGeometry8TBox3<f>RCQ29JGeometry8TVec3<f>	4	124	-120	
0	mario/Map/BathWaterManager	clearEFB__22TBathWaterMeshRendererF8_GXColorUsUsb	4	988	-984	
0	mario/Map/JointObj	getShapeInOneJoint__FP8J3DJointPP8J3DShape	68	80	-12	
0	mario/Map/MapCollisionData	initAllCheckDataAndList__17TMapCollisionDataFv	4	604	-600	
0	mario/Map/MapCollisionManager	getFileName__20TMapCollisionManagerFPCcPc	4	176	-172	
0	mario/Map/MapEvent	watchMapEvent__9TMapEventFv	4	84	-80	
0	mario/Map/MapEvent	controlMapEvent__9TMapEventFv	4	84	-80	
0	mario/Map/MapEventMare	depress__13TMareWallRockFv	4	96	-92	
0	mario/Map/MapMakeList	removeCheckListNode__17TMapCollisionDataFll	4	132	-128	
0	mario/Map/MapMirror	getMirrorTexInfo__12TMirrorModelFv	4	24	-20	
0	mario/Map/MapWarp	warp__8TMapWarpFi	4	312	-308	
0	mario/Map/MapWireManager	entry__15TMapWireManagerFP10TTakeActor	320	324	-4	
0	mario/Map/MapWireManager	__ct__20TMapWireActorManagerFP10TTakeActor	284	340	-56	
0	mario/Map/MapWireManager	doWireToActor__20TMapWireActorManagerFv	4	108	-104	
0	mario/Map/MapWireManager	checkTakingActor__13TMapWireActorFv	192	232	-40	
0	mario/Map/PollutionCount	drawTexStamp__22TPollutionCounterLayerCFi	244	248	-4	
0	mario/Map/PollutionCount	draw__20TPollutionCounterObjCFi	316	320	-4	
0	mario/Map/PollutionCount	setCallback__21TPollutionCounterBaseCFi	104	108	-4	
0	mario/Map/PollutionEvent	__dt__22TPollutionEventAreaObjFv	76	132	-56	
0	mario/Map/PollutionEvent	__ct__22TPollutionEventAreaObjFPCc	16	88	-72	
0	mario/Map/PollutionEvent	init__22TPollutionEventAreaObjFPCc	4	372	-368	
0	mario/Map/PollutionEvent	perform__22TPollutionEventAreaObjFUlPQ26JDrama9TGraphics	4	428	-424	
0	mario/Map/PollutionEvent	__ct__19TPollutionEventMazeFPCc	16	80	-64	
0	mario/Map/PollutionEvent	init__19TPollutionEventMazeFv	4	76	-72	
0	mario/Map/PollutionEvent	__ct__25TPollutionEventModelStampFPCc	16	248	-232	
0	mario/Map/PollutionEvent	init__25TPollutionEventModelStampFPCc	4	368	-364	
0	mario/Map/PollutionEvent	perform__25TPollutionEventModelStampFUlPQ26JDrama9TGraphics	4	268	-264	
0	mario/Map/PollutionEvent	perform__30TPollutionEventModelStampMarioFUlPQ26JDrama9TGraphics	4	388	-384	
0	mario/Map/PollutionEvent	registerEvent__14TPollutionTestFPQ26JDrama8TViewObj	4	172	-168	
0	mario/Map/PollutionEvent	__dt__19TPollutionEventMazeFv	76	132	-56	
0	mario/Map/PollutionEvent	__dt__25TPollutionEventModelStampFv	76	108	-32	
0	mario/Map/PollutionEvent	__dt__30TPollutionEventModelStampMarioFv	76	132	-56	
0	mario/Map/PollutionLayer	initTex__15TPollutionLayerFPCc	4	88	-84	
0	mario/Map/PollutionLayer	subtractFromYMap__15TPollutionLayerCFfff	4	192	-188	
0	mario/Map/PollutionManager	subtractFromYMap__17TPollutionManagerCFfff	4	164	-160	
0	mario/Map/PollutionManager	isProhibit__17TPollutionManagerCFfff	4	168	-164	
0	mario/Map/PollutionPos	subtractFromYMap__13TPollutionPosCFiif	4	112	-108	
0	mario/MarioUtil/DLUtil	draw__15TDLTexQuadMultiFi	4	268	-264	
0	mario/MarioUtil/DLUtil	setEnd__15TDLTexQuadMultiFv	4	468	-464	
0	mario/MarioUtil/DLUtil	request__15TDLTexQuadMultiFPCQ29JGeometry8TVec3<f>	4	436	-432	
0	mario/MarioUtil/DLUtil	createDLBuffer__15TDLTexQuadMultiFUs	4	160	-156	
0	mario/MarioUtil/DLUtil	setChangeNum__15TDLTexQuadMultiFUs	4	92	-88	
0	mario/MarioUtil/DLUtil	initValue__10TDLTexQuadFUs	4	60	-56	
0	mario/MarioUtil/DLUtil	reset__15TDLTexQuadMultiFv	4	56	-52	
0	mario/MarioUtil/DrawUtil	SMS_CopyMaterialToSort__FP11J3DMaterialP8J3DModelUs	4	136	-132	
0	mario/MarioUtil/DrawUtil	SMS_DrawHorzCircle__FRCQ29JGeometry8TVec3<f>fiRC8_GXColor	4	788	-784	
0	mario/MarioUtil/DrawUtil	SMS_DrawConeBeam__FRCQ29JGeometry8TVec3<f>RCQ29JGeometry8TVec3<f>fiRC8_GXColor	4	964	-960	
0	mario/MarioUtil/DrawUtil	SMS_DrawBeamAux__Fi	4	436	-432	
0	mario/MarioUtil/DrawUtil	MsDrawAxis__FPA4_ff	4	376	-372	
0	mario/MarioUtil/DrawUtil	MsDrawCube__FRCQ29JGeometry8TVec3<f>f8_GXColor	4	324	-320	
0	mario/MarioUtil/DrawUtil	MsWireInit__F9_GXVtxFmt	4	296	-292	
0	mario/MarioUtil/DrawUtil	SMS_DrawBillboardLine__FPCQ26JDrama9TGraphicsPCQ29JGeometry8TVec3<f>iifPC8_GXColor	4	1284	-1280	
0	mario/MarioUtil/DrawUtil	SMS_CreatePolygonOrderListInModelData__FP12J3DModelDataPQ29JGeometry9TVec3<Us>	4	132	-128	
0	mario/MarioUtil/DrawUtil	SMS_CreatePolygonOrderListInShape__FP8J3DShapePQ29JGeometry9TVec3<Us>	4	1204	-1200	
0	mario/MarioUtil/DrawUtil	makeCollisionIndexList__FUlPQ29JGeometry9TVec3<Us>	4	128	-124	
0	mario/MarioUtil/DrawUtil	SMS_CountPolygonNumInModelData__FP12J3DModelData	4	112	-108	
0	mario/MarioUtil/DrawUtil	ViewFrustumRectClipCheck__FPQ26JDrama9TGraphicsP3Vecff	4	428	-424	
0	mario/MarioUtil/DrawUtil	calcSilhouetteBorder__11TSilhouetteFv	4	308	-304	
0	mario/MarioUtil/GDUtil	__dt__Q211TGDLDynamic13TGDLStaticAltFv	64	100	-36	
0	mario/MarioUtil/GDUtil	makeDL__Q211TGDLDynamic13TGDLStaticAltFv	4	48	-44	
0	mario/MarioUtil/LightUtil	addChildGroupObj__15TLightWithDBSetFPQ26JDrama55TViewObjPtrListT<Q26JDrama8TViewObj,Q26JDrama8TViewObj>	312	300	12	
0	mario/MarioUtil/MtxUtil	moveHeadAndTail__5TRopeFRCQ29JGeometry8TVec3<f>RCQ29JGeometry8TVec3<f>	4	412	-408	
0	mario/MarioUtil/MtxUtil	SMS_MtxLookAt__FPA4_fRCQ29JGeometry8TVec3<f>RCQ29JGeometry8TVec3<f>RCQ29JGeometry8TVec3<f>	4	488	-484	
0	mario/MarioUtil/MtxUtil	remove__15TMultiMtxEffectFv	4	72	-68	
0	mario/MarioUtil/MtxUtil	add__15TMultiMtxEffectFv	4	152	-148	
0	mario/MarioUtil/RumbleMgr	stop__9RumbleMgrFii	360	376	-16	
0	mario/MarioUtil/RumbleMgr	start__9RumbleMgrFiiiPA4_f	112	124	-12	
0	mario/MarioUtil/RumbleMgr	start__9RumbleMgrFiiiP3Vec	132	148	-16	
0	mario/MarioUtil/RumbleMgr	start__9RumbleMgrFiiiPf	132	148	-16	
0	mario/MarioUtil/RumbleMgr	update__10RumbleBaseFfb	160	172	-12	
0	mario/MarioUtil/RumbleType	getName__10RumbleTypeFi	52	84	-32	
0	mario/MarioUtil/ShadowUtil	draw__12TModelShadowFiPQ26JDrama9TGraphics	92	1064	-972	
0	mario/MarioUtil/ShadowUtil	update__12TModelShadowFv	4	36	-32	
0	mario/MarioUtil/ShadowUtil	__ct__12TModelShadowFP12SDLModelDataPvi	176	744	-568	
0	mario/MoveBG/MapObjAirport	__ct__12TAirportPoolFPCc	68	76	-8	
0	mario/MoveBG/MapObjAirport	appear__12TAirportPoolFv	4	64	-60	
0	mario/MoveBG/MapObjBall	waitEffect__11TResetFruitFv	208	172	36	
0	mario/MoveBG/MapObjBall	living__11TResetFruitFv	432	392	40	
0	mario/MoveBG/MapObjBall	pick__11TResetFruitFP9THitActor	308	596	-288	
0	mario/MoveBG/MapObjBase	moveByBck__11TMapObjBaseFv	4	308	-304	
0	mario/MoveBG/MapObjBianco	turn__16TBiancoWatermillFRCQ29JGeometry8TVec3<f>PC12TBGCheckDataf	4	216	-212	
0	mario/MoveBG/MapObjCorona	showMessage__8TBathtubFUl	96	100	-4	
0	mario/MoveBG/MapObjCorona	liftMario__8TBathtubFRCQ29JGeometry8TVec3<f>	4	224	-220	
0	mario/MoveBG/MapObjCorona	startCrack__12TBathtubGripFv	144	136	8	
0	mario/MoveBG/MapObjFlag	updateVertex__16TMapObjFlagLowerFv	312	320	-8	
0	mario/MoveBG/MapObjFlag	updateVertex__15TMapObjFlagSailFv	312	368	-56	
0	mario/MoveBG/MapObjLib	__ct__16TMapObjVibrationFv	4	32	-28	
0	mario/MoveBG/MapObjLib	movement__16TMapObjVibrationFv	4	240	-236	
0	mario/MoveBG/MapObjLib	startQuickly__16TMapObjVibrationFf	4	16	-12	
0	mario/MoveBG/MapObjLib	startSlowly__16TMapObjVibrationFf	4	136	-132	
0	mario/MoveBG/MapObjLib	emitAndRotate__11TMapObjBaseCFlUcPCQ29JGeometry8TVec3<f>	4	184	-180	
0	mario/MoveBG/MapObjLib	actorIsOn__11TMapObjBaseCFP10TLiveActor	4	64	-60	
0	mario/MoveBG/MapObjLib	newAndInitBuildingCollisionStatic__11TMapObjBaseFiP10TLiveActor	4	148	-144	
0	mario/MoveBG/MapObjLib	throwObjToOverhead__11TMapObjBaseCFP11TMapObjBaseff	4	152	-148	
0	mario/MoveBG/MapObjMamma	control__11TWatermelonFv	88	164	-76	
0	mario/MoveBG/MapObjMamma	endDemo__13TShiningStoneFv	132	152	-20	
0	mario/MoveBG/MapObjMamma	isDown__9TSandBaseCFv	32	52	-20	
0	mario/MoveBG/MapObjManager	loadMatTable__14TMapObjManagerFPCc	56	52	4	
0	mario/MoveBG/MapObjPinna	attachCoin__9TShellCupFP5TCoini	16	48	-32	
0	mario/MoveBG/MapObjPlane	weather__12TMapObjPlaneFv	4	256	-252	
0	mario/MoveBG/MapObjPole	registerObj__18TMapObjPoleManagerFP11TMapObjPole	4	160	-156	
0	mario/MoveBG/MapObjPole	loadPole__18TMapObjPoleManagerFPQ218TMapObjPoleManager15TMapObjPoleInfoP11TMapObjPolePCc	4	128	-124	
0	mario/MoveBG/MapObjPole	__ct__11TMapObjPoleFPCc	68	92	-24	
0	mario/MoveBG/MapObjPole	load__11TMapObjPoleFR20JSUMemoryInputStream	4	224	-220	
0	mario/MoveBG/MapObjRicco	pullUp__12TFruitSwitchFv	96	144	-48	
0	mario/MoveBG/MapObjTown	load__10TShadowObjFR20JSUMemoryInputStream	96	112	-16	
0	mario/MoveBG/Pool	makePoolUnlimited__5TPoolFv	4	20	-16	
0	mario/NPC/NpcChange	isNerveCanGoToThrow__8TBaseNPCCFv	4	176	-172	
0	mario/NPC/NpcEvent	CheckNerve4Npc___FP32TSpcTypedInterp<13TEventWatcher>Ulb	532	556	-24	
0	mario/NPC/NpcManager	changeTextureToStraw___18TMonteWBaseManagerFP12J3DModelData	4	64	-60	
0	mario/NPC/NpcManager	changeTextureToStraw___18TMonteMBaseManagerFP12J3DModelData	4	64	-60	
0	mario/Player/MarioAccess	SMS_GetMarioWork__Fi	4	20	-16	
0	mario/Player/MarioAccess	SMS_IsMarioSpeedZero__Fv	36	52	-16	
0	mario/Player/MarioAccess	SMS_IsMarioNoCap__Fv	48	56	-8	
0	mario/Player/MarioAccess	SMS_IsStatusHipDropOrHipDropEnd__FP9THitActor	4	40	-36	
0	mario/Player/MarioAccess	SMS_IsMarioStatusHipDropEnd__Fv	4	36	-32	
0	mario/Player/MarioCap	addDirty__9TMarioCapFv	4	144	-140	
0	mario/Player/MarioCheckCol	hitSurfingBoard__6TMarioFP9THitActor	4	144	-140	
0	mario/Player/MarioCheckCol	hitPool__6TMarioFP9THitActor	4	136	-132	
0	mario/Player/MarioCheckCol	hitPull__6TMarioFP9THitActor	4	196	-192	
0	mario/Player/MarioCheckCol	hitHipDrop__6TMarioFP9THitActor	112	116	-4	
0	mario/Player/MarioDraw	thinkDashEffect__6TMarioFv	4	252	-248	
0	mario/Player/MarioDraw	getJumpIntoWaterModelData__6TMarioFv	4	36	-32	
0	mario/Player/MarioJump	checkWallJumping__6TMarioFv	84	96	-12	
0	mario/Player/MarioJump	doSpinJumping__6TMarioFv	4	328	-324	
0	mario/Player/MarioMove	view1stMove__6TMarioFv	4	168	-164	
0	mario/Player/MarioMove	talkMove__6TMarioFv	4	92	-88	
0	mario/Player/MarioMove	canReadBillboard__6TMarioFi	4	112	-108	
0	mario/Player/MarioMove	getActorMtx__6TMarioFRC9THitActorPA4_f	4	240	-236	
0	mario/Player/MarioMove	checkStickSmash__6TMarioFv	4	36	-32	
0	mario/Player/MarioMove	doReturn__6TMarioFv	4	156	-152	
0	mario/Player/MarioMove	checkGraffitoLava__6TMarioFv	4	536	-532	
0	mario/Player/MarioMove	checkGraffitoDamage__6TMarioFv	4	464	-460	
0	mario/Player/MarioMove	setStatusToRunning__6TMarioFUlUl	216	220	-4	
0	mario/Player/MarioMove	isTurnning__6TMarioFv	4	44	-40	
0	mario/Player/MarioMove	isTurnStart__6TMarioFv	4	80	-76	
0	mario/Player/MarioMove	isSlipLimit__6TMarioFv	4	32	-28	
0	mario/Player/MarioMove	changePos__6TMarioFRC3Vec	4	28	-24	
0	mario/Player/MarioMove	isSpeedZero__6TMarioFv	4	56	-52	
0	mario/Player/MarioMove	getGroundJumpPower__6TMarioCFv	4	60	-56	
0	mario/Player/MarioParticle	rippleEffectSmall__6TMarioFv	36	40	-4	
0	mario/Player/MarioParticle	emitRecover__6TMarioFv	88	100	-12	
0	mario/Player/MarioRun	doBraking__6TMarioFf	104	108	-4	
0	mario/Player/MarioRun	doSlipping__6TMarioFf	4	120	-116	
0	mario/Player/MarioRun	changePlayerPower__6TMarioFfUlUl	4	96	-92	
0	mario/Player/MarioRun	postureControl__6TMarioFv	4	16	-12	
0	mario/Player/MarioSound	startVoiceYoshi__6TMarioFUl	4	44	-40	
0	mario/Player/MarioSpecial	setPullingAnm__6TMarioFRCQ29JGeometry8TVec3<f>f	4	216	-212	
0	mario/Player/MarioSpecial	hangingCommon__6TMarioFii	4	120	-116	
0	mario/Player/MarioSpecial	barJumpSetting__6TMarioFv	4	140	-136	
0	mario/Player/MarioWait	checkPutStart__6TMarioFv	4	312	-308	
0	mario/Player/ModelWaterManager	splashWallPosSize__18TModelWaterManagerFRCQ29JGeometry8TVec3<f>f	4	144	-140	
0	mario/Player/ModelWaterManager	touchingExec__18TModelWaterManagerFi	4	204	-200	
0	mario/Player/Tongue	rest__12TYoshiTongueFRCQ29JGeometry8TVec3<f>RCQ29JGeometry8TVec3<f>	4	304	-300	
0	mario/Player/WaterGun	endDashEffect__9TWaterGunFv	4	40	-36	
0	mario/Player/WaterGun	startDashEffect__9TWaterGunFv	4	40	-36	
0	mario/Player/WaterGun	getWillBeEmitted__9TWaterGunFv	4	144	-140	
0	mario/Player/WaterGun	getWaterGunAnmID__9TWaterGunFi	4	28	-24	
0	mario/Player/WaterGun	finalDrawInitialize__9TWaterGunFv	4	36	-32	
0	mario/Player/WaterGun	entryAll__9TWaterGunFv	4	52	-48	
0	mario/Player/WaterGun	__ct__13TNozzleButtonFPCcPCcP9TWaterGun	60	68	-8	
0	mario/Player/Yoshi	appear__6TYoshiFv	4	272	-268	
0	mario/Player/Yoshi	changeHand__6TYoshiFv	532	460	72	
0	mario/Player/Yoshi	startVoice__6TYoshiFUl	4	44	-40	
0	mario/PowerPC_EABI_Support/Msl/MSL_C/MSL_Common_Embedded/ansi_fp	__dec2num	256	676	-420	
0	mario/Strategic/liveinterp	linSetSubBck__FP29TSpcTypedInterp<10TLiveActor>Ul	4	436	-432	
0	mario/Strategic/spcinterp	referByName__10TSpcInterpFPCc	88	316	-228	
0	mario/Strategic/spcinterp	referByIndex__10TSpcInterpFUl	4	76	-72	
0	mario/Strategic/spcinterp	invokeByName__10TSpcInterpFPCcUl	92	340	-248	
0	mario/Strategic/spcinterp	invokeByAddress__10TSpcInterpFUlUl	4	484	-480	
0	mario/Strategic/spcinterp	callByName__10TSpcInterpFPCcUl	44	552	-508	
0	mario/Strategic/spcinterp	callByAddress__10TSpcInterpFUlUl	4	1804	-1800	
0	mario/System/Application	initialize_processMeter__12TApplicationFv	4	132	-128	
0	mario/System/CardManager	writeCardSector___12TCardManagerFP12CARDFileInfolP11TCardSectorPQ212TCardManager9TCriteria	264	260	4	
0	mario/System/CardManager	getLoadIndex__12TCardManagerFPQ212TCardManager9TCriteria	4	92	-88	
0	mario/System/CardManager	read__11TCardSectorFP12CARDFileInfolPQ212TCardManager9TCriteria	260	200	60	
0	mario/System/EventWatcher	evSetEventEnd__FP32TSpcTypedInterp<13TEventWatcher>Ul	4	328	-324	
0	mario/System/EventWatcher	evSetEventStart__FP32TSpcTypedInterp<13TEventWatcher>Ul	4	372	-368	
0	mario/System/FlagManager	end__12TFlagManagerFv	4	52	-48	
0	mario/System/MarDirectorDirect	decideNextStageOfMiss__Fv	4	268	-264	
0	mario/System/MarDirectorEvent	fireStageEvent__12TMarDirectorFP11TMapObjBase	4	76	-72	
0	mario/System/MarDirectorEvent	fireDemoMovie__12TMarDirectorFUlP10TLiveActor	4	8	-4	
0	mario/System/MarDirectorEvent	updateFlag__12TMarDirectorFP8TBaseNPCUlUl	4	8	-4	
0	mario/System/MarDirectorEvent	getTalkMsgID__12TMarDirectorFP8TBaseNPC	4	64	-60	
0	mario/System/MarDirectorEvent	is3BarrelNear__FRC8TBaseNPC	4	292	-288	
0	mario/System/MarDirectorEvent	isNearMapObj__FRCQ26JDrama6TActorPCcf	4	220	-216	
0	mario/System/MarioGamePad	keepRumble__13TMarioGamePadFQ213TMarioGamePad5TType	4	72	-68	
0	mario/System/MarioGamePad	rumble__13TMarioGamePadFQ213TMarioGamePad5TTypeUl	4	56	-52	
0	mario/System/MarioGamePad	considerMarioStick__13TMarioGamePadFPf	148	144	4	
0	mario/System/ProcessMeter	draw__13TProcessMeterFRC7JUTRect	4	2464	-2460	
0	mario/System/Resolution	SMSGetDisplayHeightMax__Fv	8	116	-108	
0	mario/System/Resolution	SMSGetDisplayWidthMax__Fv	8	116	-108	
0	mario/System/TimeRec	suppleGXTime__8TTimeRecFv	4	104	-100	
0	mario/System/TimeRec	drawSyncCallbackSt__8TTimeRecFUs	4	92	-88	
0	mario/System/TimeRec	end__8TTimeRecFv	4	52	-48	
0	mario/dolphin/mtx/mtx	C_MTXIdentity	48	60	-12	
0	mario/dolphin/os/OS	__OSInitFPRs	296	132	164	
