unit	function	fuzzy	verdict	evidence
mario/Enemy/BathtubKiller	TNerveBathtubKillerChaseStraight::execute(TSpineBase<TLiveActor>*) const	95.09	UNSURE	symx loose 6 not resolved
mario/Enemy/tinkoopa	TTinKoopaPartsBase::perform(unsigned long, JDrama::TGraphics*)	95.13	EQUIVALENT	symx SAME: stores, calls+args, compares, returns and branch predicates with successors identical
mario/GC2D/ConsoleStr	TConsoleStr::processMiss(int)	95.25	EQUIVALENT	only stack-address args of the JUTPoint/JUTRect temporaries differ
mario/JSystem/JParticle/JPAField	JPABaseField::calcFieldFadeScale(float)	95.27	EQUIVALENT	symx SAME: stores, calls+args, compares, returns and branch predicates with successors identical; equiv-check DIFFERENT (block 6 effect 0: 0x198 'lhz r0,84(r3)' vs -) not confirmed by symx
mario/Animal/Bird	TAnimalBird::doFlyToCurPathNode()	95.35	EQUIVALENT	symx SAME: stores, calls+args, compares, returns and branch predicates with successors identical; equiv-check DIFFERENT (block 9 effect 8 icall args differ: f1/f2/f3/f4/f5/f6/f7/f8: 0x276c 'b) not confirmed by symx
mario/MoveBG/MapObjCorona	TBathtub::calcBathtubData()	95.43	EQUIVALENT	symx SAME: stores, calls+args, compares, returns and branch predicates with successors identical
mario/Enemy/igaiga	TRollEnemy::setBehavior()	95.45	EQUIVALENT	symx SAME: stores, calls+args, compares, returns and branch predicates with successors identical; equiv-check DIFFERENT (block 7 effect 2 icall args differ: f1/f4: 0x44f0 'bclrl 20,lt,0' vs 0) not confirmed by symx
mario/Enemy/coasterkiller	TCoasterKiller::perform(unsigned long, JDrama::TGraphics*)	95.46	EQUIVALENT	symx SAME: stores, calls+args, compares, returns and branch predicates with successors identical
mario/Animal/BeeHive	TBeeHive::doWait()	95.47	EQUIVALENT	sinf(0.99f) folded vs 1.0f-0.01f computed (same float 0x3f7d70a4); retail calls TVec3::set(0,0,0), ours inlines it
mario/Enemy/bgtentacle	TBGTentacle::setAttackTarget()	95.52	EQUIVALENT	symx SAME: stores, calls+args, compares, returns and branch predicates with successors identical
mario/Enemy/Kumokun	TKumokun::checkOnMovingWall(JGeometry::TVec3<float>*, const TBGCheckData**, const JGeometry::TVec3<float>&, const JGeometry::TVec3<float>&) const	95.55	UNSURE	same out-pointer / temporary pattern as checkOnMovingFloor
mario/Enemy/BossHanachanMain	CalcRevisionPosByRotateZ(const JGeometry::TVec3<float>&, float, Vec*)	95.58	EQUIVALENT	symx SAME: stores, calls+args, compares, returns and branch predicates with successors identical
mario/Animal/BeeHive	TNerveBeeHiveAttack::execute(TSpineBase<TLiveActor>*) const	95.61	EQUIVALENT	retail calls TVec3::set(0,0,0) on the temporary, ours inlines it; stored values follow from it
mario/Enemy/koopajr	TKoopaJrSubmarine::launchKiller()	95.64	EQUIVALENT	table address (1 + x%4)*4 vs 4 + (x%4)*4: same value; equiv-check DIFFERENT (block 1 effect 6 address differs: 0x14b8 'lwz r29,0(r3)' vs 0x1854 'lw) not confirmed by symx
mario/Enemy/beam	TConeBeam::calcVertices(int)	95.65	EQUIVALENT	symx SAME: stores, calls+args, compares, returns and branch predicates with successors identical; equiv-check DIFFERENT (block 9 effect 3 address differs: 0x9c4 'lfsx f1,r4,r0' vs 0xb40 'lfsx) not confirmed by symx
mario/Enemy/igaiga	TRollEnemy::reset()	95.69	EQUIVALENT	symx SAME: stores, calls+args, compares, returns and branch predicates with successors identical
mario/MoveBG/MapObjCorona	TBathtub::receiveMessage(THitActor*, unsigned long)	95.73	EQUIVALENT	symx SAME: stores, calls+args, compares, returns and branch predicates with successors identical; equiv-check DIFFERENT (block 11 effect 0: 0x2cb4 'lwz r0,0(r5)' vs 0x3724 'stw r4,592(r3)') not confirmed by symx
mario/Enemy/yunbo	TYumbo::shotSeeds()	95.74	EQUIVALENT	symx SAME: stores, calls+args, compares, returns and branch predicates with successors identical
mario/Enemy/Kukku	TKukku::calcMomentum(float)	95.77	EQUIVALENT	symx SAME: stores, calls+args, compares, returns and branch predicates with successors identical
mario/Animal/BeeHive	TBeeHive::load(JSUMemoryInputStream&)	95.79	EQUIVALENT	symx SAME: stores, calls+args, compares, returns and branch predicates with successors identical
mario/Enemy/Kumokun	TNerveKumokunWait::execute(TSpineBase<TLiveActor>*) const	95.88	EQUIVALENT	dot-product compare differs only in which call last wrote the stack temporaries; f1 at return is garbage (bool)
mario/MoveBG/MapObjLib	TMapObjBase::emitAndSRT(long, unsigned char, const JGeometry::TVec3<float>*, const JGeometry::TVec3<float>&, const JGeometry::TVec3<float>&)	95.93	EQUIVALENT	symx SAME: stores, calls+args, compares, returns and branch predicates with successors identical
mario/Enemy/enemy	TSpineEnemy::zigzagToCurPathNode(float, float, float, float)	95.96	EQUIVALENT	stores of stack-temporary components; only the temporary slot identity differs; equiv-check DIFFERENT (block 24 effect 1 call args differ: f2/f3: 0x7d4 'bl 7d4 <zigzagToCurP) not confirmed by symx
mario/MoveBG/MapObjSirena	TItemSlotDrum::generateItem()	95.98	EQUIVALENT	symx SAME: stores, calls+args, compares, returns and branch predicates with successors identical
mario/JSystem/JParticle/JPAField	JPAConvectionField::affect(JPAParticle*)	95.98	EQUIVALENT	inv_sqrt is static: the r3 "argument" is garbage; equiv-check DIFFERENT (block 0 effect 1 address differs: 0x17b8 'lfs f2,40(r31)' vs 0x19dc 'l) not confirmed by symx
mario/GC2D/GCConsole2	TGCConsole2::processAppearStar(int)	95.99	EQUIVALENT	symx SAME: stores, calls+args, compares, returns and branch predicates with successors identical
mario/Player/MarioDraw	TMario::setAnimation(int, float)	96.01	EQUIVALENT	symx SAME: stores, calls+args, compares, returns and branch predicates with successors identical; equiv-check DIFFERENT (block 27 effect 1 call args differ: r5: 0x3a38 'bl 3a38 <setAnimation_) not confirmed by symx
mario/Enemy/coasterkiller	TCoasterEnemy::moveCoaster()	96.04	EQUIVALENT	symx SAME: stores, calls+args, compares, returns and branch predicates with successors identical
mario/Animal/boid	TBoidLeader::calcBoids()	96.09	EQUIVALENT	symx SAME: stores, calls+args, compares, returns and branch predicates with successors identical
mario/Enemy/bosswanwan	MsPerpendicFootToLineR(const JGeometry::TVec3<float>&, const JGeometry::TVec3<float>&, const JGeometry::TVec3<float>&)	96.10	EQUIVALENT	returns TVec3 through r3; r3 at blr is garbage, the result stores are identical
mario/Enemy/amiNoko	TAmiNoko::calcRootMatrix()	96.19	EQUIVALENT	symx SAME: stores, calls+args, compares, returns and branch predicates with successors identical
mario/Enemy/Amenbo	TNerveAmenboHitWater::execute(TSpineBase<TLiveActor>*) const	96.20	EQUIVALENT	symx SAME: stores, calls+args, compares, returns and branch predicates with successors identical
mario/Map/MapMirror	TMirrorCamera::TMirrorCamera(const char*)	96.25	EQUIVALENT	symx SAME: stores, calls+args, compares, returns and branch predicates with successors identical
mario/Camera/cameragc	CPolarSubCamera::calcPosAndAt_()	96.26	EQUIVALENT	retail extsh before rlwinm 1,16,30 (only low 16 bits used: same index); rest is stack-temporary identity; equiv-check DIFFERENT (block 12 branch: 0xc9c 'bc 12,eq,cb8 <calcPosAndAt___15CPolarSubCamera) not confirmed by symx
mario/Map/MapEventSink	TMapEventSinkShadowMario::loadAfter()	96.30	EQUIVALENT	symx SAME: stores, calls+args, compares, returns and branch predicates with successors identical; equiv-check DIFFERENT (block 1 effect 12 icall args differ: r5: 0x2a4 'bclrl 20,lt,0' vs 0x30) not confirmed by symx
mario/MoveBG/MapObjLib	TMapObjBase::emitAndRotateScale(long, unsigned char, const JGeometry::TVec3<float>*) const	96.35	EQUIVALENT	symx SAME: stores, calls+args, compares, returns and branch predicates with successors identical
mario/GC2D/hx_wiper	Hxs_Logo_TexDraw	96.37	EQUIVALENT	symx SAME: stores, calls+args, compares, returns and branch predicates with successors identical
mario/Enemy/namekuri	NameKuriAttackCallback(J3DNode*, int)	96.40	EQUIVALENT	symx SAME: stores, calls+args, compares, returns and branch predicates with successors identical
mario/Enemy/bosstelesa	TBossTelesa::flashItem(int)	96.41	EQUIVALENT	symx SAME: stores, calls+args, compares, returns and branch predicates with successors identical; equiv-check DIFFERENT (block 30 effect 0 address differs: 0x3a30 'lwz r5,0(r6)' vs 0x4670 'lw) not confirmed by symx
mario/Enemy/fireWanwan	TNerveFireWanwanFly::execute(TSpineBase<TLiveActor>*) const	96.47	EQUIVALENT	compare operands differ only in stack offsets of the emitter temporaries
mario/Enemy/TabePuku	TTPHitActor::bind()	96.48	UNSURE	mPosition.y stored from the wall-check record after isTouchedWallsAndMoveXZ (ours) vs a computed value (retail)
mario/MSound/MSModBgm	MSModBgm::modBgm(unsigned char, unsigned char)	96.51	EQUIVALENT	symx SAME: stores, calls+args, compares, returns and branch predicates with successors identical
mario/Enemy/Kumokun	TKumokun::initAttachPlane()	96.51	EQUIVALENT	retail calls TVec3::set on a temporary, ours inlines it (setRotate fix from the <95 review is in)
mario/Enemy/hanasambo	TSamboLeaf::perform(unsigned long, JDrama::TGraphics*)	96.52	EQUIVALENT	symx SAME: stores, calls+args, compares, returns and branch predicates with successors identical
mario/Player/ModelWaterManager	TModelWaterManager::move()	96.55	UNSURE	symx loose 6 not resolved
mario/Enemy/koopajr	TKoopaJrSubmarine::makeKillerVelocity(TBathtubKiller*, JGeometry::TVec3<float>)	96.56	EQUIVALENT	symx SAME: stores, calls+args, compares, returns and branch predicates with successors identical
mario/Map/MapCheck	TMapCollisionData::intersectLine(const JGeometry::TVec3<float>&, const JGeometry::TVec3<float>&, bool, JGeometry::TVec3<float>*) const	96.56	UNSURE	symx loose 4 not resolved
mario/GC2D/PauseMenu2	TPauseMenu2::drawAppearPane(J2DPicture*, float, JUTRect&, float)	96.57	EQUIVALENT	symx SAME: stores, calls+args, compares, returns and branch predicates with successors identical
mario/MoveBG/MapObjMamma	SandCastleCallBack(unsigned long, unsigned long)	96.57	EQUIVALENT	symx SAME: stores, calls+args, compares, returns and branch predicates with successors identical
mario/MoveBG/MapObjBianco	TBellWatermill::control()	96.59	EQUIVALENT	symx SAME: stores, calls+args, compares, returns and branch predicates with successors identical
mario/GC2D/GCConsole2	TGCConsole2::countBlueCoin()	96.61	EQUIVALENT	symx SAME: stores, calls+args, compares, returns and branch predicates with successors identical
mario/Enemy/BathtubBinder	TBathtubBinder::float_(TLiveActor*)	96.62	EQUIVALENT	symx SAME: stores, calls+args, compares, returns and branch predicates with successors identical
mario/Enemy/feetinv	FeetInvCalc(J3DModel*, unsigned short, unsigned short, unsigned short, float)	96.64	EQUIVALENT	symx SAME: stores, calls+args, compares, returns and branch predicates with successors identical
mario/MoveBG/MapObjMare	TCogwheel::initMapObj()	96.69	EQUIVALENT	symx SAME: stores, calls+args, compares, returns and branch predicates with successors identical
mario/Player/Tongue	TYoshiTongue::movement()	96.70	EQUIVALENT	retail calls the TVec3 copy ctor four times, ours inlines them; branch successors differ only by that
mario/MoveBG/MapObjMare	TCogwheel::draw() const	96.73	EQUIVALENT	symx SAME: stores, calls+args, compares, returns and branch predicates with successors identical
mario/JSystem/JDrama/JDRFrmGXSet	JDrama::TFrmGXSet::perform(unsigned long, JDrama::TGraphics*)	96.76	EQUIVALENT	symx SAME: stores, calls+args, compares, returns and branch predicates with successors identical; equiv-check DIFFERENT (block 23 return value r4 differs (0x220 'bclr 20,lt,0')) not confirmed by symx
mario/Enemy/tobiPuku	TobiPukuRollCallback(J3DNode*, int)	96.79	EQUIVALENT	symx SAME: stores, calls+args, compares, returns and branch predicates with successors identical
mario/Enemy/bosswanwan	TNerveBWGraphWander::execute(TSpineBase<TLiveActor>*) const	96.79	UNSURE	symx loose 2 not resolved
mario/JSystem/JParticle/JPAField	JPAAirField::affect(JPAParticle*)	96.80	EQUIVALENT	symx SAME: stores, calls+args, compares, returns and branch predicates with successors identical
mario/System/MarDirectorInitECT	TMarDirector::initECTGft(TPerformList*, TPerformList*, JDrama::TViewObjPtrListT<JDrama::TViewObj, JDrama::TViewObj>*, JDrama::TViewObjPtrListT<JDrama::TViewObj, JDrama::TViewObj>*)	96.81	UNSURE	object identity of the new-ed viewports vs push_back args; not resolved
mario/MSound/MSoundScene	MSSceneSE::frameLoop(unsigned long, Vec*, unsigned char)	96.82	EQUIVALENT	retail address has an extra 0*4 term: same address; equiv-check DIFFERENT (block 25 effect 1 address differs: 0x3cc 'lwz r0,1064(r25)' vs 0x3d8 ') not confirmed by symx
mario/Enemy/graph	TGraphGroup::perform(unsigned long, JDrama::TGraphics*)	96.82	EQUIVALENT	symx SAME: stores, calls+args, compares, returns and branch predicates with successors identical; equiv-check DIFFERENT (block 4 return value r4 differs (0x614 'bclr 4,lt,0')) not confirmed by symx
mario/GC2D/Guide	TExPane::setPaneAlpha(long, short, short)	96.85	EQUIVALENT	symx SAME: stores, calls+args, compares, returns and branch predicates with successors identical
mario/Enemy/fireWanwan	TFireWanwanTailHit::init()	96.87	UNSURE	tail node init values: retail copies from the new-ed object, ours from the joint matrix; not resolved
mario/Enemy/bombhei	TNerveBombHeiThrown::execute(TSpineBase<TLiveActor>*) const	96.88	EQUIVALENT	symx SAME: stores, calls+args, compares, returns and branch predicates with successors identical; equiv-check DIFFERENT (block 1 effect 9: 0x344 'lfs f4,888(r3)' vs 0x3f4 'lwz r6,0(0)') not confirmed by symx
mario/System/CardManager	TCardManager::cmdLoop()	96.89	EQUIVALENT	ours calls TCardSector::setCheckSum(0), retail inlines it (store write count 0, CalcCheckSum, store sum)
mario/Enemy/bosspakkun	TBossPakkunMtxCalc::calcHeadDir(unsigned short)	96.91	EQUIVALENT	symx SAME: stores, calls+args, compares, returns and branch predicates with successors identical; equiv-check DIFFERENT (block 1 effect 8 address differs: 0x7004 'lfs f1,36(r5)' vs 0x7d54 'lf) not confirmed by symx
mario/NPC/NpcBase	TBaseNPC::perform(unsigned long, JDrama::TGraphics*)	96.92	EQUIVALENT	symx SAME: stores, calls+args, compares, returns and branch predicates with successors identical; equiv-check DIFFERENT (block 34 effect 7: 0x46c 'lfs f1,292(r3)' vs 0x5d8 'lwz r4,292(r6)') not confirmed by symx
mario/Enemy/killer	KillerBodyCallback(J3DNode*, int)	96.94	EQUIVALENT	symx SAME: stores, calls+args, compares, returns and branch predicates with successors identical
mario/Enemy/wireTrap	TWireTrap::calcRootMatrix()	96.94	EQUIVALENT	symx SAME: stores, calls+args, compares, returns and branch predicates with successors identical
mario/Animal/AnimalBase	SMS_Eular2Quat(const JGeometry::TVec3<float>&)	96.97	EQUIVALENT	returns TQuat4 through r3; f1 at blr is garbage, the stores are identical; equiv-check DIFFERENT (block 0 return value f1 differs (0x1444 'bclr 20,lt,0')) not confirmed by symx
mario/Enemy/Kukku	TNerveKukkuFall::execute(TSpineBase<TLiveActor>*) const	96.99	EQUIVALENT	symx SAME: stores, calls+args, compares, returns and branch predicates with successors identical
mario/JSystem/JParticle/JPADrawVisitor	JPADrawExecStripeCross::exec(const JPADrawContext*)	97.01	UNSURE	symx loose 40 not resolved
mario/Enemy/BossHanachanMain	TBossHanachan::execDamage()	97.04	EQUIVALENT	theNerve() is static: the r3 "argument" is garbage
mario/Enemy/tobiPuku	TTobiPuku::hitWall()	97.06	EQUIVALENT	symx SAME: stores, calls+args, compares, returns and branch predicates with successors identical
mario/Camera/CameraNotice	CPolarSubCamera::getNoticeActor_()	97.08	EQUIVALENT	returns a pointer; f1 at blr is garbage; equiv-check DIFFERENT (block 42 return value f1 differs (0x91c 'bclr 20,lt,0')) not confirmed by symx
mario/Enemy/tamaNoko	TTamaNokoFlower::perform(unsigned long, JDrama::TGraphics*)	97.11	BUG, fixed 4dd3c5b1	talk mode (not demo): retail returns whether or not cue&CUE_ENTRY (beq to the epilogue); ours fell through to unk18->perform() when the entry bit was clear; fixed, 97.11 -> 97.13, symx SAME
mario/Enemy/Kukku	TKukkuBall::perform(unsigned long, JDrama::TGraphics*)	97.17	EQUIVALENT	symx SAME: stores, calls+args, compares, returns and branch predicates with successors identical; equiv-check DIFFERENT (block 12 effect 1: 0x22e0 'lfs f2,80(r29)' vs 0x3c94 'lwz r3,0(0)') not confirmed by symx
mario/GC2D/GCConsole2	TGCConsole2::perform(unsigned long, JDrama::TGraphics*)	97.18	UNSURE	symx loose 2 not resolved
mario/GC2D/Guide	TGuide::placeMario()	97.19	EQUIVALENT	symx SAME: stores, calls+args, compares, returns and branch predicates with successors identical
mario/Enemy/Koopa	TKoopaBody::receiveMessage(THitActor*, unsigned long)	97.22	EQUIVALENT	symx SAME: stores, calls+args, compares, returns and branch predicates with successors identical
mario/Player/ModelWaterManager	TModelWaterManager::calcVMMtxGround(float(*)[4], float, const JGeometry::TVec3<float>&, const JGeometry::TVec3<float>&, float(*)[4])	97.22	EQUIVALENT	symx SAME: stores, calls+args, compares, returns and branch predicates with successors identical
mario/MarioUtil/ShadowUtil	TMBindShadowManager::calcVtx()	97.23	EQUIVALENT	symx SAME: stores, calls+args, compares, returns and branch predicates with successors identical
mario/MoveBG/MapObjItem2	TJumpBase::control()	97.24	EQUIVALENT	symx SAME: stores, calls+args, compares, returns and branch predicates with successors identical; equiv-check DIFFERENT (block 52 effect 0 call args differ: r6: 0x49c 'bl 49c <control__9TJump) not confirmed by symx
mario/Enemy/fireWanwan	TFireWanwanTailNode::perform(unsigned long, JDrama::TGraphics*, const JGeometry::TVec3<float>&, const JGeometry::TVec3<float>&)	97.26	EQUIVALENT	symx SAME: stores, calls+args, compares, returns and branch predicates with successors identical
mario/Enemy/BathtubKiller	TBathtubKiller::makeQuat(JGeometry::TVec3<float>, float, float)	97.27	EQUIVALENT	symx SAME: stores, calls+args, compares, returns and branch predicates with successors identical; equiv-check DIFFERENT (block 9 effect 4 stored value differs: 0x25dc 'stfs f2,428(r31)' vs 0x) not confirmed by symx
mario/Enemy/Kazekun	TKazekun::flyAroundMario()	97.28	EQUIVALENT	symx SAME: stores, calls+args, compares, returns and branch predicates with successors identical
mario/MoveBG/MapObjBall	TBigWatermelon::touchActor(THitActor*)	97.28	EQUIVALENT	symx SAME: stores, calls+args, compares, returns and branch predicates with successors identical
mario/GC2D/Talk2D2	TTalk2D2::makeBoxLine(signed char, char*)	97.29	EQUIVALENT	only the association of the cancelling -0.5*sum / +0.5*sum terms differs (ULP-level rounding before the s16 round)
mario/Camera/CameraBGCheck	CPolarSubCamera::calcInHouseNo_(bool)	97.31	EQUIVALENT	stack array written through a loop pointer vs index (frame shift 8); r5 out-pointer neighbour words only
mario/Map/BathWaterManager	TBathWater::TDrop::calcBathtub(const TBathtubData&, float, const JGeometry::TVec3<float>&, const JGeometry::TVec3<float>&, int&, JGeometry::TVec3<float>&)	97.32	EQUIVALENT	symx SAME: stores, calls+args, compares, returns and branch predicates with successors identical; equiv-check DIFFERENT (block 0 effect 5 address differs: 0x1738 'lfs f3,60(r4)' vs 0x17b8 'lf) not confirmed by symx
mario/Enemy/bosseel	TBEelTears::calcRootMatrix()	97.33	EQUIVALENT	symx SAME: stores, calls+args, compares, returns and branch predicates with successors identical
mario/MoveBG/MapObjRailBlock	TRollBlock::calcRootMatrix()	97.34	EQUIVALENT	symx SAME: stores, calls+args, compares, returns and branch predicates with successors identical
mario/Enemy/chuuhana	ChuuHanaBodyCallback(J3DNode*, int)	97.40	EQUIVALENT	symx SAME: stores, calls+args, compares, returns and branch predicates with successors identical; equiv-check DIFFERENT (block 12 effect 9 address differs: 0x4430 'lfs f6,0(r30)' vs 0x50dc 'l) not confirmed by symx
mario/MoveBG/MapObjMamma	TShiningStone::load(JSUMemoryInputStream&)	97.40	EQUIVALENT	symx SAME: stores, calls+args, compares, returns and branch predicates with successors identical
mario/Map/MapCheck	TMapCollisionData::checkWallList(const TBGCheckList*, TBGWallCheckRecord*)	97.42	EQUIVALENT	symx SAME: stores, calls+args, compares, returns and branch predicates with successors identical
mario/System/MSoundMainSide	MSStageCubeFade::setBgmVolumeForce()	97.42	EQUIVALENT	the -1 path constant merges in one 3-way phi (retail) vs two 2-way phis (ours): same value
mario/Enemy/gesso	GessoBodyCallback(J3DNode*, int)	97.47	UNSURE	first PSMTXConcat input: retail slot last written by PSMTXConcat, ours by direct stores (gpCurGesso->m328, 0, 0): matrix build order differs; not resolved
mario/Map/BathWaterManager	JGeometry::TRotation3<JGeometry::TMatrix34<JGeometry::SMatrix34C<float>>>::setLookDir(const JGeometry::TVec3<float>&, const JGeometry::TVec3<float>&)	97.48	EQUIVALENT	symx SAME: stores, calls+args, compares, returns and branch predicates with successors identical
mario/JSystem/JParticle/JPAEmitter	JPABaseEmitter::createParticle()	97.53	EQUIVALENT	JPAEmitterInfoObj reached by name (retail) vs section-relative .bss+0 (ours): same object and offsets
mario/Enemy/BossHanachanMain	TBossHanachan::throwMario_(THitActor*)	97.56	EQUIVALENT	symx SAME: stores, calls+args, compares, returns and branch predicates with successors identical
mario/Map/MapEventSink	TMapEventSinkBianco::finishControl()	97.59	EQUIVALENT	symx SAME: stores, calls+args, compares, returns and branch predicates with successors identical
mario/MoveBG/MapObjInit	TMapObjBase::initMapObj()	97.61	EQUIVALENT	symx SAME: stores, calls+args, compares, returns and branch predicates with successors identical
mario/Enemy/Amenbo	TNerveAmenboWalk::execute(TSpineBase<TLiveActor>*) const	97.62	EQUIVALENT	symx SAME: stores, calls+args, compares, returns and branch predicates with successors identical
mario/NPC/NpcNerve	TNerveNPCGraphWander::execute(TSpineBase<TLiveActor>*) const	97.68	EQUIVALENT	retail calls getCurGraphIndex()/getGraph(), ours inlines both; equiv-check DIFFERENT (block 9 effect 1: 0x198c 'bl 198c <execute__20TNerveNPCGraphWanderCFP2) not confirmed by symx
mario/Player/ModelWaterManager	TModelWaterManager::calcVMMtxWall(float(*)[4], float, const JGeometry::TVec3<float>&, const JGeometry::TVec3<float>&, float(*)[4])	97.68	EQUIVALENT	symx SAME: stores, calls+args, compares, returns and branch predicates with successors identical
mario/Enemy/Kazekun	SMS_CalcToDirMatrix(JGeometry::TPosition3<JGeometry::TMatrix34<JGeometry::SMatrix34C<float>>>&, const JGeometry::TVec3<float>&, const JGeometry::TVec3<float>&)	97.69	EQUIVALENT	symx SAME: stores, calls+args, compares, returns and branch predicates with successors identical
mario/GC2D/GCConsole2	TGCConsole2::drawWaterBack()	97.70	EQUIVALENT	symx SAME: stores, calls+args, compares, returns and branch predicates with successors identical
mario/Player/MarioCollision	TMario::damageExec(THitActor*, int, int, int, float, int, float, short)	97.71	EQUIVALENT	TVec3 copy ctor called vs inlined; the null-actor path tests a materialised bool (false) before changePlayerDropping
mario/Enemy/hanasambo	SamboHeadRollCallback(J3DNode*, int)	97.72	EQUIVALENT	symx SAME: stores, calls+args, compares, returns and branch predicates with successors identical; equiv-check DIFFERENT (block 18 effect 8 address differs: 0x2568 'lfs f0,428(r3)' vs 0x2f6c ') not confirmed by symx
mario/Enemy/Kumokun	TKumokun::rotateGoalDirToLocal(const JGeometry::TVec3<float>&) const	97.73	EQUIVALENT	symx SAME: stores, calls+args, compares, returns and branch predicates with successors identical
mario/GC2D/ConsoleStr	TConsoleStr::processGo(float)	97.73	EQUIVALENT	symx SAME: stores, calls+args, compares, returns and branch predicates with successors identical; equiv-check DIFFERENT (block 19 effect 13: 0x1220 'lfd f0,552(r1)' vs 0x126c 'stw r8,500(r1)') not confirmed by symx
mario/GC2D/Guide	TGuide::resetObjects()	97.77	EQUIVALENT	symx SAME: stores, calls+args, compares, returns and branch predicates with successors identical
mario/NPC/NpcAnm	TBaseNPC::setNpcAnm_(EnumNpcAnmKind, EnumNpcStopMotionBlendOnOff)	97.77	EQUIVALENT	null tests on getPartsMActor: cmplwi vs cmpwi, equality only; equiv-check DIFFERENT (block 72 branch: 0x3a0c 'bc 12,eq,3aa8 <setNpcAnm___8TBaseNPCF14EnumNp) not confirmed by symx
mario/Player/MarioRun	TMario::doRunningAnimation()	97.77	EQUIVALENT	symx SAME: stores, calls+args, compares, returns and branch predicates with successors identical
mario/Animal/Bird	TAnimalBird::moveObject()	97.78	UNSURE	symx loose 11 not resolved
mario/Enemy/enemy	TSpineEnemy::calcEnemyRootMatrix()	97.78	EQUIVALENT	symx SAME: stores, calls+args, compares, returns and branch predicates with successors identical
mario/Camera/CameraJetCoaster	CPolarSubCamera::ctrlJetCoasterCamera_()	97.79	UNSURE	symx loose 18 not resolved
mario/Enemy/popo	TPopo::calcRootMatrix()	97.81	EQUIVALENT	symx SAME: stores, calls+args, compares, returns and branch predicates with successors identical; equiv-check DIFFERENT (block 16 branch: 0x1cd0 'bc 12,eq,1cf8 <calcRootMatrix__5TPopoFv+0x2cc) not confirmed by symx
mario/MarioUtil/LightUtil	TLightCommon::loadAfter()	97.81	EQUIVALENT	symx SAME: stores, calls+args, compares, returns and branch predicates with successors identical
mario/Enemy/bossgesso	TBossGesso::moveObject()	97.82	EQUIVALENT	retail calls SMS_GetMarioPos(), ours reads gpMarioPos inline; equiv-check DIFFERENT (block 33 effect 3: 0x4358 'lfs f30,764(r3)' vs 0x4604 'lwz r6,0(0)') not confirmed by symx
mario/NPC/NpcWalkTurn	TBaseNPC::execWalk(bool)	97.82	EQUIVALENT	symx SAME: stores, calls+args, compares, returns and branch predicates with successors identical; equiv-check DIFFERENT (block 22 branch: 0x618 'bc 4,eq,624 <execWalk__8TBaseNPCFb+0x1a0>' vs ) not confirmed by symx
mario/Camera/cameralib	CLBRotatePosAndUp(short, short, const JGeometry::TVec3<float>&, const JGeometry::TVec3<float>&, const JGeometry::TVec3<float>&, JGeometry::TVec3<float>*, JGeometry::TVec3<float>*)	97.85	EQUIVALENT	symx SAME: stores, calls+args, compares, returns and branch predicates with successors identical
mario/System/MSoundMainSide	MSStageCubeFadeDouble::proc()	97.86	EQUIVALENT	symx SAME: stores, calls+args, compares, returns and branch predicates with successors identical; equiv-check DIFFERENT (block 4 branch: 0x768 'bc 12,eq,784 <proc__21MSStageCubeFadeDoubleFv+0) not confirmed by symx
mario/Animal/BeeHive	TNerveBeeHiveWait::execute(TSpineBase<TLiveActor>*) const	97.87	EQUIVALENT	symx SAME: stores, calls+args, compares, returns and branch predicates with successors identical; equiv-check DIFFERENT (block 5 effect 12 address differs: 0x100c 'lwz r5,336(r31)' vs 0x12bc ) not confirmed by symx
mario/Enemy/hanasambo	TSamboFlowerCoinUnit::checkGenCoin()	97.87	EQUIVALENT	symx SAME: stores, calls+args, compares, returns and branch predicates with successors identical
mario/Enemy/Amenbo	TNerveAmenboSearch::execute(TSpineBase<TLiveActor>*) const	97.87	EQUIVALENT	setRotate axis temporaries differ only in which set() wrote the slots
mario/Enemy/chuuhana	TNerveChuuHanaRoll::execute(TSpineBase<TLiveActor>*) const	97.89	UNSURE	willFall false: retail stores owner+0x204 first, ours tests the nerve timer against 5000 first; not resolved
mario/Enemy/bosswanwan	TNerveBWJump::execute(TSpineBase<TLiveActor>*) const	97.92	EQUIVALENT	symx SAME: stores, calls+args, compares, returns and branch predicates with successors identical
mario/Enemy/igaiga	TRollEnemy::walkBehavior(int, float)	97.93	EQUIVALENT	symx SAME: stores, calls+args, compares, returns and branch predicates with successors identical
mario/Enemy/Kumokun	TKumokun::checkOnMovingFloor(JGeometry::TVec3<float>*, const TBGCheckData**, const JGeometry::TVec3<float>&, const JGeometry::TVec3<float>&) const	97.95	UNSURE	checkGround out-pointer: retail passes a stack slot, ours the caller pointer (both keep r5 in r29); stores come from stack temporaries
mario/JSystem/JParticle/JPADrawVisitor	JPADrawExecStripe::exec(const JPADrawContext*)	97.97	EQUIVALENT	symx SAME: stores, calls+args, compares, returns and branch predicates with successors identical
mario/Enemy/tinkoopa	TTinKoopaPartsBase::emitPartsTrackEffects(const char**, int)	98.00	EQUIVALENT	symx SAME: stores, calls+args, compares, returns and branch predicates with successors identical
mario/MoveBG/MapObjBall	TMapObjBall::touchWall(JGeometry::TVec3<float>*, TBGWallCheckRecord*)	98.01	EQUIVALENT	symx SAME: stores, calls+args, compares, returns and branch predicates with successors identical; equiv-check DIFFERENT (block 11 effect 5: 0x52ec 'lfs f1,52(r5)' vs 0x5a34 'stfs f0,0(r29)') not confirmed by symx
mario/GC2D/GCConsole2	TGCConsole2::startAppearBalloon(unsigned long, bool)	98.02	EQUIVALENT	retail compares unk3E0 with itself (inlined startDisappearBalloon param test), always false; recorded in the source TODO
mario/NPC/NpcInitPrg	TBaseNPC::setIndividualDifference_(JSUMemoryInputStream&)	98.03	EQUIVALENT	J3DGXColorS10 argument differs only in a neighbour slot (int->float scratch)
mario/Enemy/walker	TWalker::bind(TLiveActor*)	98.04	EQUIVALENT	same y >= f + 0.05f test; the operands sort the other way because y differs by stack-temporary identity
mario/Enemy/fireWanwan	TTailRubber::restrict()	98.06	UNSURE	symx loose 24 not resolved
mario/Map/BathWaterManager	TBathWaterManager::perform(unsigned long, JDrama::TGraphics*)	98.06	EQUIVALENT	ours calls TVec3::dot where retail inlines it; remaining residue is stack-temporary identity (setMax temporaries)
mario/Camera/cameragc	CPolarSubCamera::calcSlopeAngleX_(short*)	98.07	EQUIVALENT	symx SAME: stores, calls+args, compares, returns and branch predicates with successors identical; equiv-check DIFFERENT (block 11 branch: 0x1be4 'bc 12,eq,1bec <calcSlopeAngleX___15CPolarSubC) not confirmed by symx
mario/Enemy/Kazekun	TKazekun::calcRootMatrix()	98.08	EQUIVALENT	symx SAME: stores, calls+args, compares, returns and branch predicates with successors identical; equiv-check DIFFERENT (block 20 effect 2 call args differ: f6/f8: 0x281c 'bl 281c <calcRootMa) not confirmed by symx
mario/System/EventWatcher	evGetTalkNPCName(TSpcTypedInterp<TEventWatcher>*, unsigned long)	98.08	EQUIVALENT	symx SAME: stores, calls+args, compares, returns and branch predicates with successors identical; equiv-check DIFFERENT (block 6 effect 2 stored value differs: 0x86e4 'stw r0,4(r4)' vs 0x8940) not confirmed by symx
mario/Enemy/enemyMario	TEnemyMario::emReplayJumpToNearestNode()	98.09	EQUIVALENT	rand() has no arguments: garbage registers
mario/Enemy/Koopa	TKoopa::setUpHitActors()	98.09	EQUIVALENT	symx SAME: stores, calls+args, compares, returns and branch predicates with successors identical; equiv-check DIFFERENT (block 31 effect 7 address differs: 0x3138 'lfs f31,12(r3)' vs 0x3990 ') not confirmed by symx
mario/GC2D/CardLoad	TCardLoad::waitForStart(TEProgress)	98.09	EQUIVALENT	symx SAME: stores, calls+args, compares, returns and branch predicates with successors identical
mario/System/EventWatcher	evStartMareBottleDemo(TSpcTypedInterp<TEventWatcher>*, unsigned long)	98.09	EQUIVALENT	symx SAME: stores, calls+args, compares, returns and branch predicates with successors identical
mario/Map/BathWaterManager	TBathWaterMeshRenderer::render(JDrama::TGraphics*, const TBathtubData&, TBathWater**, TBathWaterParams**, int)	98.10	EQUIVALENT	GX colour words equal; the other words are neighbour slots
mario/Enemy/graph	TGraphTracer::calcSplineSpeed(float)	98.12	EQUIVALENT	symx SAME: stores, calls+args, compares, returns and branch predicates with successors identical
mario/Enemy/fireWanwan	TFireWanwan::calcRootMatrix()	98.15	EQUIVALENT	symx SAME: stores, calls+args, compares, returns and branch predicates with successors identical; equiv-check DIFFERENT (block 6 effect 4 address differs: 0x5520 'lfs f31,40(r3)' vs 0x6ee8 'l) not confirmed by symx
mario/Enemy/koopajr	TDirectionCalc::calcTurnDirection(float, float)	98.17	EQUIVALENT	symx SAME: stores, calls+args, compares, returns and branch predicates with successors identical
mario/Enemy/emario	TEMario::perform(unsigned long, JDrama::TGraphics*)	98.18	EQUIVALENT	symx SAME: stores, calls+args, compares, returns and branch predicates with successors identical
mario/Enemy/bossManta	TBossMantaManager::loadAfter()	98.18	EQUIVALENT	u16 id argument zero-extended in retail only; values are small constants + index; equiv-check DIFFERENT (block 2 effect 1 call args differ: r5: 0x1320 'bl 1320 <loadAfter__17T) not confirmed by symx
mario/Enemy/BossHanachanSub	TSphereLink::setDegreeZAndRevisionPosXZ(int, float)	98.19	EQUIVALENT	symx SAME: stores, calls+args, compares, returns and branch predicates with successors identical
mario/Enemy/BossHanachanMain	TBossHanachan::perform(unsigned long, JDrama::TGraphics*)	98.19	EQUIVALENT	fabs(d) < 0.001f vs < (double)0.001f: same test for a float d; emitParticle_ has no r4 argument
mario/GC2D/GCConsole2	TGCConsole2::startDisappearCoin()	98.19	EQUIVALENT	symx SAME: stores, calls+args, compares, returns and branch predicates with successors identical; equiv-check DIFFERENT (block 16 effect 0 call args differ: f2: 0xbec0 'bl bec0 <startDisappea) not confirmed by symx
mario/System/MarDirectorSetupObjects	TMarDirector::setupObjects()	98.19	UNSURE	578 effects; insert/push_back argument identity and an extra null test on getGlbResource in ours; not resolved
mario/Enemy/cannon	TCannon::killerShoot()	98.22	EQUIVALENT	velocity stored from a stack temporary; only the slot identity differs
mario/Player/ModelWaterManager	TModelWaterManager::drawMirror(float(*)[4])	98.23	EQUIVALENT	symx SAME: stores, calls+args, compares, returns and branch predicates with successors identical
mario/Enemy/BathtubKiller	TBathtubKiller::moveChasing()	98.24	EQUIVALENT	void: f1 at blr is garbage; equiv-check DIFFERENT (block 15 return value f1 differs (0x2bb4 'bclr 20,lt,0')) not confirmed by symx
mario/GC2D/ConsoleStr	TConsoleStr::perform(unsigned long, JDrama::TGraphics*)	98.25	EQUIVALENT	retail re-tests the same condition after the st1 (two ifs), ours merges them; the store does not change the tested value
mario/MoveBG/ModelGate	TModelGate::perform(unsigned long, JDrama::TGraphics*)	98.26	EQUIVALENT	symx SAME: stores, calls+args, compares, returns and branch predicates with successors identical
mario/Camera/CameraNormal	CPolarSubCamera::ctrlNormalOrTowerCamera_()	98.27	BUG, fixed 44107bc2	CNBackRatio diving/hovering arm: retail takes abs of the s16-narrowed (angle - unk258) (extsh. test), ours of the raw int: wrong once the yaw difference wraps past 180 deg; fixed as CLBAbs<int>((s16)(...)), 98.27 -> 98.32
mario/GC2D/Guide	TGuide::changeBotStatus(int)	98.28	EQUIVALENT	symx SAME: stores, calls+args, compares, returns and branch predicates with successors identical
mario/NPC/NpcCallback	NPCNeckCallBack(J3DNode*, int)	98.28	EQUIVALENT	CLBRoundf argument from a stack temporary; slot identity only
mario/Enemy/bossgesso	TBossGesso::perform(unsigned long, JDrama::TGraphics*)	98.29	EQUIVALENT	retail calls showMessage(4), ours expands it (flag test, startAppearBalloon(4, true), flag |= 2)
mario/Enemy/Kumokun	TNerveKumokunSearch::execute(TSpineBase<TLiveActor>*) const	98.30	EQUIVALENT	symx SAME: stores, calls+args, compares, returns and branch predicates with successors identical
mario/Enemy/tinkoopa	TTinKoopaPartsBase::emitPartsDisappearEffects(const char**, int, float)	98.31	EQUIVALENT	symx SAME: stores, calls+args, compares, returns and branch predicates with successors identical
mario/System/Application	TApplication::mountStageArchive()	98.31	EQUIVALENT	symx SAME: stores, calls+args, compares, returns and branch predicates with successors identical
mario/JSystem/JAudio/JAInterface/JAIGFrameSe	JAIBasic::checkNextFrameSe()	98.31	EQUIVALENT	getParamSeCategoryMax is static: r3 is garbage
mario/Map/MapWarp	TMapWarp::init(JSUMemoryInputStream&)	98.32	EQUIVALENT	symx SAME: stores, calls+args, compares, returns and branch predicates with successors identical; equiv-check DIFFERENT (block 11 effect 28 stored value differs: 0x300 'stwx r12,r8,r7' vs 0x3) not confirmed by symx
mario/Player/MarioMove	TMario::gunExec()	98.32	EQUIVALENT	retail has a redundant bool test whose two successors are identical
mario/GC2D/CardSave	TCardSave::perform(unsigned long, JDrama::TGraphics*)	98.33	EQUIVALENT	symx SAME: stores, calls+args, compares, returns and branch predicates with successors identical
mario/MoveBG/MapObjMamma	TLeanMirror::release()	98.33	EQUIVALENT	symx SAME: stores, calls+args, compares, returns and branch predicates with successors identical
mario/Enemy/bosseel	TBossEel::collideToMario()	98.34	EQUIVALENT	symx SAME: stores, calls+args, compares, returns and branch predicates with successors identical
mario/GC2D/SelectMenu	TSelectGrad::perform(unsigned long, JDrama::TGraphics*)	98.36	EQUIVALENT	GXSetChanAmbColor colour word equal; the other words are neighbour slots
mario/Map/MapCheck	TMapCollisionData::checkWalls(TBGWallCheckRecord*) const	98.36	EQUIVALENT	symx SAME: stores, calls+args, compares, returns and branch predicates with successors identical
mario/Enemy/hinokuri2	TNerveHino2Turn::execute(TSpineBase<TLiveActor>*) const	98.37	EQUIVALENT	angle-wrap phi nesting only
mario/Enemy/bosspakkun	TBPHeadHit::receiveMessage(THitActor*, unsigned long)	98.37	EQUIVALENT	returns bool: f1 at blr is garbage; equiv-check DIFFERENT (block 54 effect 4 icall args differ: f1/f2: 0x7ef8 'bclrl 20,lt,0' vs ) not confirmed by symx
mario/GC2D/Guide	TGuide::resetScore()	98.37	UNSURE	symx loose 8 not resolved
mario/Enemy/koopajr	TDirectionCalc::sub(float)	98.38	EQUIVALENT	symx SAME: stores, calls+args, compares, returns and branch predicates with successors identical
mario/GC2D/SelectShine2	TSelectShineManager::initData(unsigned char*, unsigned char, unsigned char, JPAEmitterManager*)	98.38	EQUIVALENT	cCenter reached by name vs section-relative: same object
mario/MoveBG/MapObjDolpic	TMonumentShine::hitByWater(THitActor*)	98.38	EQUIVALENT	static local up$ named vs section-relative: same object
mario/System/CardManager	TCardManager::readBlock_(unsigned long)	98.39	EQUIVALENT	symx SAME: stores, calls+args, compares, returns and branch predicates with successors identical
mario/MSound/MSoundStruct	MSSetSoundTL<MSSetSoundGrp>::startSoundSetDyna(unsigned long, const Vec*, unsigned long, float, unsigned long, unsigned long, unsigned char, MSSetSoundGrp*)	98.41	EQUIVALENT	symx SAME: stores, calls+args, compares, returns and branch predicates with successors identical
mario/MSound/MSoundStruct	MSSetSoundTL<MSSetSound>::startSoundSetDyna(unsigned long, const Vec*, unsigned long, float, unsigned long, unsigned long, unsigned char, MSSetSoundGrp*)	98.41	EQUIVALENT	symx SAME: stores, calls+args, compares, returns and branch predicates with successors identical
mario/GC2D/Talk2D2	TTalk2D2::perform(unsigned long, JDrama::TGraphics*)	98.41	EQUIVALENT	u8 store of min(x+4,255) with an extra clrlwi 16 (same byte); retail has a dead compare with identical successors
mario/Enemy/pakkun	TPakkunSeed::rebirth()	98.45	UNSURE	switch dispatch: retail one unsigned range test (x-257) vs 4, ours x==257 then (x-258) < 3; bodies look shared, not proven
mario/Enemy/koopajr	TKoopaJrSubmarine::calcRootMatrix()	98.46	EQUIVALENT	symx SAME: stores, calls+args, compares, returns and branch predicates with successors identical
mario/Enemy/Koopa	TKoopaHead::receiveMessage(THitActor*, unsigned long)	98.46	EQUIVALENT	symx SAME: stores, calls+args, compares, returns and branch predicates with successors identical
mario/Enemy/BathtubKiller	TBathtubKiller::perform(unsigned long, JDrama::TGraphics*)	98.47	EQUIVALENT	symx SAME: stores, calls+args, compares, returns and branch predicates with successors identical; equiv-check DIFFERENT (block 47 effect 0 call args differ: r4: 0x33c0 'bl 33c0 <perform__14TB) not confirmed by symx
mario/Player/WaterGun	TNozzleTrigger::animation(int)	98.47	EQUIVALENT	symx SAME: stores, calls+args, compares, returns and branch predicates with successors identical
mario/System/MarDirectorDirect	TMarDirector::direct()	98.47	BUG, fixed 44107bc2	unk4E&1 clear: retail performs mPerformListMovement (this+0x28); ours performed mShinePfLstMov in both arms so the movement list never ran; fixed, fuzzy unchanged 98.47
mario/Enemy/fireWanwan	JGeometry::TRotation3<JGeometry::TMatrix34<JGeometry::SMatrix34C<float>>>::setQuat(const JGeometry::TQuat4<float>&)	98.50	EQUIVALENT	symx SAME: stores, calls+args, compares, returns and branch predicates with successors identical
mario/GC2D/CardSave	TCardSave::waitForStop(TEProgress)	98.50	EQUIVALENT	symx SAME: stores, calls+args, compares, returns and branch predicates with successors identical
mario/Map/MapCheck	TMapCollisionData::checkGroundList(float, float, float, unsigned char, const TBGCheckList*, const TBGCheckData**)	98.50	EQUIVALENT	returns float: r3 at blr is garbage; equiv-check DIFFERENT (block 17 effect 0 address differs: 0x117c 'lfs f31,16(r3)' vs 0x14dc ') not confirmed by symx
mario/Player/WaterGun	TNozzleBase::TNozzleBase(const char*, const char*, TWaterGun*)	98.52	EQUIVALENT	calcKeyCode is static: r3 is garbage; equiv-check DIFFERENT (block 0 effect 0 address differs: 0x44d8 'stw r5,0(r3)' vs 0x4b50 'stw) not confirmed by symx
mario/Enemy/pakkun	TNervePakkunAppear::execute(TSpineBase<TLiveActor>*) const	98.55	EQUIVALENT	checkPass result tested with a record-form instruction instead of cmpwi
mario/Enemy/bosseel	TBossEelTooth::perform(unsigned long, JDrama::TGraphics*)	98.55	EQUIVALENT	bool tested with and without clrlwi
mario/System/MarDirectorDirect	TMarDirector::nextStateInitialize(unsigned char)	98.55	UNSURE	loop over the fader table in index vs pointer form plus TColor stack arguments; not resolved
mario/MarioUtil/MtxUtil	SMS_MakeJointsToArc(J3DModel*, const JGeometry::TVec3<float>&, const JGeometry::TVec3<float>&, const JGeometry::TVec3<float>&)	98.56	EQUIVALENT	equiv-check EQUIVALENT; symx residue (loose 36) is stack-temporary/phi noise
mario/Enemy/popo	TPopo::walkBehavior(int, float)	98.57	EQUIVALENT	rand() has no arguments: r3/r4 are garbage; equiv-check DIFFERENT (block 7 effect 0 address differs: 0x21fc 'lwz r3,0(r4)' vs 0x276c 'lwz) not confirmed by symx
mario/Map/MapCheck	TMapCollisionData::checkRoofList(float, float, float, unsigned char, const TBGCheckList*, const TBGCheckData**)	98.57	EQUIVALENT	returns float: r3 at blr is garbage; equiv-check DIFFERENT (block 9 effect 0 address differs: 0x1420 'lfs f31,16(r3)' vs 0x1780 'l) not confirmed by symx
mario/Player/MarioSpecial	TMario::pulling()	98.57	EQUIVALENT	symx SAME: stores, calls+args, compares, returns and branch predicates with successors identical
mario/System/GCLogoDir	TGCLogoDir::direct_dolby()	98.57	EQUIVALENT	symx SAME: stores, calls+args, compares, returns and branch predicates with successors identical; equiv-check DIFFERENT (block 15 effect 0: 0x10c 'lwz r0,28(r29)' vs -) not confirmed by symx
mario/System/MarDirectorDirect	TMarDirector::moveStage()	98.57	EQUIVALENT	setColor TColor argument: first word equal; the other words are neighbour slots
mario/MoveBG/MapObjLib	TMapObjBase::makeMtxRotByAxis(const JGeometry::TVec3<float>&, float, float(*)[4])	98.59	EQUIVALENT	symx SAME: stores, calls+args, compares, returns and branch predicates with successors identical
mario/Enemy/bosswanwan	TBWBinder::bind(TLiveActor*)	98.61	UNSURE	symx loose 28 not resolved
mario/Enemy/BossHanachanAnm	TBossHanachan::setHeadAndBodyAnm(EnumBossHanachanAnmKind, EnumBossHanachanStopMotionBlendOnOff)	98.61	EQUIVALENT	symx SAME: stores, calls+args, compares, returns and branch predicates with successors identical
mario/Player/MarioMove	TMario::setStatusToJumping(unsigned long, unsigned long)	98.61	EQUIVALENT	only where the *1.0f factor associates in the speed products (x*1.0f is exact); equiv-check DIFFERENT (block 1 effect 1: 0x65b4 'lfs f3,24(r30)' vs 0x6c54 'lwz r3,0(0)') not confirmed by symx
mario/Enemy/tinkoopa	TTinKoopa::reset()	98.63	EQUIVALENT	retail has a dead cmpwi r0,2 (empty == 2 arm) with no branch
mario/Enemy/bgtentacle	TBGTakeHit::perform(unsigned long, JDrama::TGraphics*)	98.64	EQUIVALENT	void: r3 at blr is garbage
mario/Map/BathWaterManager	TBathtubData::getGravityDir(float) const	98.64	EQUIVALENT	symx SAME: stores, calls+args, compares, returns and branch predicates with successors identical
mario/MoveBG/MapObjInit	TMapObjBase::makeMActors()	98.65	EQUIVALENT	symx SAME: stores, calls+args, compares, returns and branch predicates with successors identical
mario/Enemy/bosswanwan	TBossWanwan::control()	98.66	EQUIVALENT	a bool is materialised and re-tested before the st4 this+0x164; same stores
mario/Player/WaterGun	TWaterGun::init()	98.66	EQUIVALENT	symx SAME: stores, calls+args, compares, returns and branch predicates with successors identical; equiv-check DIFFERENT (block 8 effect 14 icall args differ: r5: 0x187c 'bclrl 20,lt,0' vs 0x1) not confirmed by symx
mario/Enemy/cannon	TChorobei::checkHit()	98.68	EQUIVALENT	symx SAME: stores, calls+args, compares, returns and branch predicates with successors identical; equiv-check DIFFERENT (block 34 effect 2 icall args differ: r5/r6: 0x4a88 'bclrl 20,lt,0' vs ) not confirmed by symx
mario/System/MarDirectorDirect	decideNextScenario(unsigned char)	98.68	EQUIVALENT	returns u8 in r3: f1 is garbage
mario/Enemy/bosswanwan	TBWLeash::perform(unsigned long, JDrama::TGraphics*)	98.69	EQUIVALENT	angle-wrap phi nesting only
mario/MarioUtil/ShadowUtil	TMBindShadowParts::calc(float)	98.70	EQUIVALENT	symx SAME: stores, calls+args, compares, returns and branch predicates with successors identical
mario/Enemy/namekuri	TNameIndParCallback::execute(JPABaseEmitter*, JPABaseParticle*)	98.71	EQUIVALENT	symx SAME: stores, calls+args, compares, returns and branch predicates with successors identical
mario/Enemy/hanasambo	TNerveSamboHeadHitWater::execute(TSpineBase<TLiveActor>*) const	98.71	EQUIVALENT	symx SAME: stores, calls+args, compares, returns and branch predicates with successors identical; equiv-check DIFFERENT (block 59 effect 0 address differs: 0x6c0 'lwz r12,0(r30)' vs 0x7d8 'lw) not confirmed by symx
mario/Enemy/BathtubKiller	TBathtubKiller::isAboided()	98.73	EQUIVALENT	symx SAME: stores, calls+args, compares, returns and branch predicates with successors identical
mario/MSound/MSound	MSSeCallBack::setParameterSeqSync(JASystem::TTrack*, unsigned short)	98.75	EQUIVALENT	symx SAME: stores, calls+args, compares, returns and branch predicates with successors identical; equiv-check DIFFERENT (block 72 return value r4 differs (0x2ba0 'bclr 20,lt,0')) not confirmed by symx
mario/MoveBG/MapObjLib	TMapObjTurn::control()	98.75	EQUIVALENT	symx SAME: stores, calls+args, compares, returns and branch predicates with successors identical
mario/Enemy/fireWanwan	TFireWanwan::updatePollute()	98.77	EQUIVALENT	symx SAME: stores, calls+args, compares, returns and branch predicates with successors identical; equiv-check DIFFERENT (block 9 effect 2 icall args differ: f4/f5: 0x4b14 'bclrl 20,lt,0' vs 0) not confirmed by symx
mario/Enemy/bossManta	TBossMantaAdditionalCollisionSet::adapt(TBossManta*)	98.77	EQUIVALENT	symx SAME: stores, calls+args, compares, returns and branch predicates with successors identical
mario/NPC/NpcParts	TNpcParts::partsPerform(unsigned long, JDrama::TGraphics*)	98.78	EQUIVALENT	symx SAME: stores, calls+args, compares, returns and branch predicates with successors identical; equiv-check DIFFERENT (block 30 return value r4 differs (0x1ac 'bclr 20,lt,0')) not confirmed by symx
mario/Enemy/tinkoopa	TTinKoopaLaunchOrder::checkOrder()	98.79	EQUIVALENT	symx SAME: stores, calls+args, compares, returns and branch predicates with successors identical; equiv-check DIFFERENT (block 0 branch: 0x2bc8 'bc 4,eq,2cf0 <checkOrder__20TTinKoopaLaunchOrd) not confirmed by symx
mario/Animal/BeeHive	TBeeHive::receiveMessage(THitActor*, unsigned long)	98.80	EQUIVALENT	symx SAME: stores, calls+args, compares, returns and branch predicates with successors identical
mario/M3DUtil/M3UJoint	M3UMtxCalcBlendAux(unsigned short, J3DTransformInfo*, J3DTransformInfo*, float, bool)	98.80	EQUIVALENT	symx SAME: stores, calls+args, compares, returns and branch predicates with successors identical
mario/JSystem/JKernel/JKRExpHeap	JKRExpHeap::allocFromHead(unsigned long, int)	98.80	EQUIVALENT	symx SAME: stores, calls+args, compares, returns and branch predicates with successors identical
mario/MarioUtil/MathUtil	MsGetRotFromZaxis(const JGeometry::TVec3<float>&)	98.81	EQUIVALENT	symx SAME: stores, calls+args, compares, returns and branch predicates with successors identical
mario/Enemy/enemyMario	TEnemyMario::findRunAwayNearestNode()	98.82	UNSURE	getPoint receiver differs only through a rotated-loop entry the tool cannot follow (a3 vs a4 at the header)
mario/MarioUtil/ShadowUtil	TMBindShadowManager::drawShadowGD(unsigned long, JDrama::TGraphics*)	98.82	EQUIVALENT	local class names differ only in the length prefix of the file-name suffix (26TSetup1$ShadowUtil_cpp vs 25...); equiv-check DIFFERENT (block 1 effect 7 stored value differs: 0x1b8c 'stw r0,0(r20)' vs 0x1b8) not confirmed by symx
mario/System/MarDirectorDirect	TMarDirector::changeState()	98.82	EQUIVALENT	symx SAME: stores, calls+args, compares, returns and branch predicates with successors identical
mario/Enemy/conductor	TConductor::isBossDefeated()	98.83	BUG, fix pending	retail switch sends every map except 3 to the hinokuri arm (cmpwi 2 / cmpwi 4 tree); ours has only case 2 and falls off the end without a return for other maps; `default:` on case 2 fixes it but 98.83 -> 95.6: pending-conductor-isBossDefeated.patch
mario/MoveBG/MapObjCorona	TBathtub::updatePosture_()	98.83	EQUIVALENT	equiv-check EQUIVALENT; symx residue (loose 22) is stack-temporary/phi noise
mario/Enemy/effectObj	TEffectObjBase::moveObject()	98.84	EQUIVALENT	symx SAME: stores, calls+args, compares, returns and branch predicates with successors identical; equiv-check DIFFERENT (block 3 effect 1 call args differ: f1/f2: 0x1d44 'bl 1d44 <moveObject_) not confirmed by symx
mario/Enemy/Kukku	TKukku::calcRootMatrix()	98.84	EQUIVALENT	symx SAME: stores, calls+args, compares, returns and branch predicates with successors identical
mario/Map/BathWaterManager	TBathWaterManager::throwMario(float)	98.84	EQUIVALENT	symx SAME: stores, calls+args, compares, returns and branch predicates with successors identical; equiv-check DIFFERENT (block 7 effect 0 address differs: 0x2288 'lfs f1,4(r31)' vs 0x2310 'lf) not confirmed by symx
mario/MoveBG/MapObjFence	TRailFence::goOnRail()	98.84	EQUIVALENT	symx SAME: stores, calls+args, compares, returns and branch predicates with successors identical; equiv-check DIFFERENT (block 7 effect 1 address differs: 0x4d4 'lwz r3,0(r30)' vs 0x6e0 'lwz ) not confirmed by symx
mario/Player/ModelWaterManager	TModelWaterManager::calcDrawVtx(float(*)[4])	98.84	EQUIVALENT	symx SAME: stores, calls+args, compares, returns and branch predicates with successors identical
mario/GC2D/Option	TOptionControl::isChangedSetting() const	98.85	EQUIVALENT	symx SAME: stores, calls+args, compares, returns and branch predicates with successors identical
mario/Map/MapWire	TMapWire::init(const TCubeGeneralInfo*)	98.86	EQUIVALENT	symx SAME: stores, calls+args, compares, returns and branch predicates with successors identical; equiv-check DIFFERENT (block 9 effect 6 call args differ: r7/r8: 0x4c4 'bl 4c4 <init__8TMapWi) not confirmed by symx
mario/Map/BathWaterManager	TBathWaterManager::initializeIfYet_()	98.86	UNSURE	symx loose 20 not resolved
mario/Enemy/bosstelesa	TBossTelesa::generateSlotItem()	98.87	EQUIVALENT	symx SAME: stores, calls+args, compares, returns and branch predicates with successors identical
mario/Camera/cameralib	CLBCalcPointInCubeRatio(const Vec&, const Vec&, const Vec&, const Vec&, float*, float*, float*)	98.88	EQUIVALENT	f1 at blr is garbage
mario/Enemy/bossManta	TBossMantaManager::spawn(int, const JGeometry::TVec3<float>&)	98.88	EQUIVALENT	symx SAME: stores, calls+args, compares, returns and branch predicates with successors identical
mario/Enemy/fireWanwan	TFireWanwan::moveObject()	98.89	EQUIVALENT	the else arm stores this+0x9c and mSpine->0x8 in the other order (independent); byte store with an extra clrlwi
mario/GC2D/Guide	TGuide::load(JSUMemoryInputStream&)	98.89	EQUIVALENT	symx SAME: stores, calls+args, compares, returns and branch predicates with successors identical
mario/MarioUtil/DrawUtil	SMS_AddDamageFogEffect(J3DModelData*, const JGeometry::TVec3<float>&, JDrama::TGraphics*)	98.89	EQUIVALENT	symx SAME: stores, calls+args, compares, returns and branch predicates with successors identical
mario/System/MSoundMainSide	MSStageCubeFadeMonte::proc()	98.90	EQUIVALENT	same phi-nesting difference as setBgmVolumeForce
mario/Enemy/killer	TNerveFlyEnemyChaseFly::execute(TSpineBase<TLiveActor>*) const	98.91	UNSURE	velocity += step: retail adds to the member, ours to a set() copy; likely the same, not proven
mario/GC2D/CardLoad	TCardLoad::waitForChoice(TEProgress, TEProgress, int)	98.91	EQUIVALENT	symx SAME: stores, calls+args, compares, returns and branch predicates with successors identical; equiv-check DIFFERENT (block 47 effect 21 icall args differ: r8: 0x8470 'bclrl 20,lt,0' vs 0x) not confirmed by symx
mario/JSystem/JParticle/JPAEmitter	JPABaseEmitter::createChildParticle(JPABaseParticle*)	98.91	EQUIVALENT	symx SAME: stores, calls+args, compares, returns and branch predicates with successors identical
mario/MoveBG/MapObjMare	TMapObjGrowTree::touchWater(THitActor*)	98.92	EQUIVALENT	retail calls getMActor(), ours reads the member
mario/MoveBG/MapObjMare	TMapObjGrowTree::control()	98.92	EQUIVALENT	retail calls getMActor(), ours reads the member
mario/Enemy/bossManta	TNerveMantaMove::execute(TSpineBase<TLiveActor>*) const	98.93	EQUIVALENT	symx SAME: stores, calls+args, compares, returns and branch predicates with successors identical
mario/MoveBG/MapObjCorona	TBathtubGrip::receiveMessage(THitActor*, unsigned long)	98.93	EQUIVALENT	symx SAME: stores, calls+args, compares, returns and branch predicates with successors identical; equiv-check DIFFERENT (block 46 effect 0: 0x3a0c 'lwz r0,0(r5)' vs 0x46d4 'stw r3,592(r4)') not confirmed by symx
mario/Camera/cameralib	CLBIsPointInCube(const Vec&, const Vec&, const Vec&, const Vec&)	98.94	EQUIVALENT	symx SAME: stores, calls+args, compares, returns and branch predicates with successors identical
mario/Enemy/bgtentacle	TBGTentacle::calcAttackGuideAnm()	98.94	EQUIVALENT	symx SAME: stores, calls+args, compares, returns and branch predicates with successors identical
mario/Enemy/rocket	TNerveRocketFly::execute(TSpineBase<TLiveActor>*) const	98.94	EQUIVALENT	symx SAME: stores, calls+args, compares, returns and branch predicates with successors identical
mario/Player/MarioPhysics	TMario::checkGroundAtJumping(const Vec&, int)	98.94	UNSURE	one successor tests phi(0,1)==0 (retail) vs phi(1,2,7)==7 (ours); not resolved
mario/Player/Tongue	TYoshiTongue::calcAnim(float(*)[4])	98.94	EQUIVALENT	symx SAME: stores, calls+args, compares, returns and branch predicates with successors identical; equiv-check DIFFERENT (block 15 effect 45 icall args differ: f6: 0x3cc 'bclrl 20,lt,0' vs 0x4) not confirmed by symx
mario/Enemy/bossgesso	TBGBeakHit::receiveMessage(THitActor*, unsigned long)	98.95	BUG, fixed 44107bc2	water-hit particle emitted at &mPosition (the beak); retail passes &sender->mPosition (r5 = a4+0x10); fixed, 98.95 -> 99.95
mario/Enemy/fireWanwan	TFireWanwanTailHit::perform(unsigned long, JDrama::TGraphics*)	98.95	EQUIVALENT	symx SAME: stores, calls+args, compares, returns and branch predicates with successors identical
mario/Enemy/bosseel	TBossEel::perform(unsigned long, JDrama::TGraphics*)	98.95	EQUIVALENT	symx SAME: stores, calls+args, compares, returns and branch predicates with successors identical; equiv-check DIFFERENT (block 37 effect 0 call args differ: f5: 0x3788 'bl 3788 <perform__8TBo) not confirmed by symx
mario/MarioUtil/MtxUtil	TMtxTimeLag::calc(float(*)[4])	98.96	EQUIVALENT	symx SAME: stores, calls+args, compares, returns and branch predicates with successors identical; equiv-check DIFFERENT (block 20 effect 19 address differs: 0x1bfc 'lfs f0,52(r31)' vs 0x1e30 ) not confirmed by symx
mario/System/Application	TApplication::gameLoop()	98.96	EQUIVALENT	gSetupThread named vs section-relative; OSGetTick/THPPlayerDrawDone take no args (garbage)
mario/Enemy/wireTrap	TWireTrap::checkHitActors()	98.97	BUG, fixed 44107bc2	second behaveHitWireTrap: retail passes the partner trap itself (both WireTrapReaction expansions on r27), ours passed this; fixed, 98.97 -> 99.04
mario/Enemy/Kumokun	TKumokun::decideTargetAtDir(const JGeometry::TVec3<float>&)	98.98	EQUIVALENT	symx SAME: stores, calls+args, compares, returns and branch predicates with successors identical
mario/GC2D/CardLoad	TCardLoad::waitForAnyKeyBM(TEProgress)	98.98	EQUIVALENT	symx SAME: stores, calls+args, compares, returns and branch predicates with successors identical; equiv-check DIFFERENT (block 29 effect 21 icall args differ: r8: 0x5f84 'bclrl 20,lt,0' vs 0x) not confirmed by symx
mario/Enemy/rocket	TRocket::calcRootMatrix()	98.99	EQUIVALENT	symx SAME: stores, calls+args, compares, returns and branch predicates with successors identical; equiv-check DIFFERENT (block 14 branch: 0x10e0 'bc 12,eq,1108 <calcRootMatrix__7TRocketFv+0x2) not confirmed by symx
mario/Player/MarioDraw	MarioHeadCtrl(J3DNode*, int)	98.99	UNSURE	else-if chain: retail materialises a (flags & 0x8000) bool before the isWallInFront() arm, ours reaches isWallInFront() directly; vcall arg is a stack address; not resolved
mario/System/MSoundMainSide	MSStageCubeFade::proc()	98.99	EQUIVALENT	symx SAME: stores, calls+args, compares, returns and branch predicates with successors identical
