6796	99.37	instr	1	1	0	466	67	1	GC2D/CardSave	TCardSave::waitForChoiceBM(TEProgress, TEProgress, signed char)	target r1, -0x498(r1) / ours r1, -0x438(r1)
4464	99.31	instr	2	2	0	234	17	2	GC2D/CardLoad	TCardLoad::waitForChoiceBM(TEProgress, TEProgress, int)	target r1, -0x468(r1) / ours r1, -0x3f8(r1)
2336	99.08	instr	1	1	0	110	37	0	GC2D/GCConsole2	TGCConsole2::startCameraDemo()	target r1, -0x290(r1) / ours r1, -0x260(r1)
1872	99.76	operand	0	0	0	0	16	2	JSystem/J3D/J3DGraphAnimator/J3DCluster	J3DDeformer::deform(J3DModel*, unsigned short, float*)	target r1, -0x118(r1) / ours r1, -0x118(r1)
1808	99.68	stack	0	0	0	145	0	0	System/GCLogoDir	TGCLogoDir::setup(JDrama::TDisplay*, TMarioGamePad*)	target r1, -0x280(r1) / ours r1, -0x258(r1)
1524	99.92	stack	0	0	0	32	0	0	Player/MarioSpecial	TMario::wireHanging()	target r1, -0x198(r1) / ours r1, -0x198(r1)
1452	99.68	stack	0	0	0	116	0	0	Enemy/graph	TSplineRail::TSplineRail(const TGraphWeb*)	target r1, -0x188(r1) / ours r1, -0x140(r1)
1396	99.17	instr	1	1	0	65	5	0	Enemy/bgtentacle	TBGTentacle::TBGTentacle(TBossGesso*, int, int)	target r1, -0x1a0(r1) / ours r1, -0x170(r1)
1380	99.81	stack	0	0	0	66	0	0	MoveBG/MapObjRailBlock	TRailBlock::control()	target r1, -0x1b0(r1) / ours r1, -0x158(r1)
1348	99.69	instr	0	0	2	61	2	2	GC2D/GCConsole2	TGCConsole2::drawJuice(J2DOrthoGraph&, unsigned long)	target r1, -0x128(r1) / ours r1, -0x108(r1)
1232	99.95	stack+reg	0	0	0	5	2	0	GC2D/Option	TOptionControl::loadSetting()	target r1, -0x100(r1) / ours r1, -0xe8(r1)
1220	99.89	stack	0	0	0	34	0	0	MarioUtil/DrawUtil	TTrembleModelEffect::movement()	target r1, -0x130(r1) / ours r1, -0x138(r1)
1076	99.98	stack	0	0	0	5	0	0	GC2D/Option	TOptionControl::checkInput()	target r1, -0xc8(r1) / ours r1, -0x70(r1)
1044	99.65	stack	0	0	0	91	0	0	Strategic/ObjHitCheck	TObjHitCheck::clearHitNum()	target r1, -0x228(r1) / ours r1, -0x1f8(r1)
1004	99.97	stack	0	0	0	7	0	0	Enemy/BathtubKiller	TBathtubKiller::bind()	target r1, -0x90(r1) / ours r1, -0x90(r1)
984	99.89	stack+reg	0	0	0	8	2	0	Enemy/fireWanwan	TFireWanwan::bindPoint(JGeometry::TVec3<float>*, const JGeometry::TVec3<float>&, const JGe	target r1, -0xe0(r1) / ours r1, -0xe0(r1)
960	99.98	stack	0	0	0	5	0	0	MSound/MSoundSE	MSoundSESystem::MSoundSE::startSoundActorInner(unsigned long, JAISound**, JAIActor*, unsig	target r1, -0x58(r1) / ours r1, -0x50(r1)
936	99.8	stack+reg	0	0	0	37	1	0	Animal/BeeHive	TBeeHive::reset()	target r1, -0x130(r1) / ours r1, -0x140(r1)
932	99.17	operand	0	0	0	58	23	2	System/MSoundMainSide	MSStageDistFadeMonte::proc()	target r1, -0x118(r1) / ours r1, -0xb0(r1)
924	99.95	stack	0	0	0	11	0	0	System/MSoundMainSide	MSStage::init(unsigned char, unsigned char)	target r1, -0x80(r1) / ours r1, -0x28(r1)
920	99.02	operand	0	0	0	110	6	1	Enemy/Kumokun	TKumokun::checkOnMovingRoof(JGeometry::TVec3<float>*, const TBGCheckData**, const JGeometr	target r1, -0x100(r1) / ours r1, -0xf8(r1)
916	99.67	reg	0	0	0	0	14	0	GC2D/GCConsole2	TGCConsole2::pauseOut()	target r1, -0xa8(r1) / ours r1, -0xa8(r1)
908	99.69	stack+reg	0	0	0	60	2	0	Player/MarioSpecial	TMario::wireSWait()	target r1, -0x148(r1) / ours r1, -0x150(r1)
904	99.96	stack	0	0	0	8	0	0	Map/MapEventMare	TMareWallRock::movement()	target r1, -0xf0(r1) / ours r1, -0xf0(r1)
904	99.92	stack	0	0	0	19	0	0	Enemy/fireWanwan	TFireWanwan::behaveToWater(THitActor*)	target r1, -0xe8(r1) / ours r1, -0x98(r1)
888	99.53	stack+reg	0	0	0	65	5	0	Enemy/fireWanwan	TFireWanwan::bindBody(JGeometry::TVec3<float>*, JGeometry::TVec3<float>*, const JGeometry:	target r1, -0x1e8(r1) / ours r1, -0x1e8(r1)
848	99.55	stack+reg	0	0	0	41	8	0	Enemy/bosseel	TBossEelVortex::perform(unsigned long, JDrama::TGraphics*)	target r1, -0x1b0(r1) / ours r1, -0x108(r1)
824	99.85	stack+reg	0	0	0	10	4	0	System/CardManager	TCardManager::filledInitData_(CARDFileInfo*)	target r1, -0x90(r1) / ours r1, -0x78(r1)
808	99.87	stack	0	0	0	27	0	0	MarioUtil/ShadowUtil	TMBindShadowManager::request(const TCircleShadowRequest&, unsigned long)	target r1, -0x70(r1) / ours r1, -0x48(r1)
796	99.97	stack	0	0	0	5	0	0	GC2D/Talk2D2	TTalk2D2::checkControler()	target r1, -0xa8(r1) / ours r1, -0x40(r1)
796	99.77	stack+reg	0	0	0	11	7	0	Enemy/bosseel	TBEelTears::init(TLiveManager*)	target r1, -0x110(r1) / ours r1, -0x110(r1)
796	99.62	operand	0	0	0	11	6	1	Player/MarioMove	TMario::checkSink()	target r1, -0xa0(r1) / ours r1, -0x58(r1)
772	99.59	stack+reg	0	0	0	2	13	0	MoveBG/MapObjCorona	TBathtub::perform(unsigned long, JDrama::TGraphics*)	target r1, -0x168(r1) / ours r1, -0x168(r1)
752	99.65	stack	0	0	0	65	0	0	Map/Map	initMare()	target r1, -0x148(r1) / ours r1, -0x130(r1)
744	99.65	stack+reg	0	0	0	1	12	0	Enemy/hinokuri2	THino2Mask::perform(unsigned long, JDrama::TGraphics*)	target r1, -0xd8(r1) / ours r1, -0xd8(r1)
728	99.98	stack	0	0	0	4	0	0	Strategic/spcinterp	TSpcInterp::execmul()	target r1, -0x70(r1) / ours r1, -0x70(r1)
728	99.98	stack	0	0	0	4	0	0	Strategic/spcinterp	TSpcInterp::execdiv()	target r1, -0x70(r1) / ours r1, -0x70(r1)
728	99.96	stack	0	0	0	7	0	0	Enemy/Amenbo	TAmenbo::bind()	target r1, -0x48(r1) / ours r1, -0x48(r1)
728	99.19	stack+reg	0	0	0	7	21	0	GC2D/Talk2D2	TTalk2D2::moveTalkWindow()	target r1, -0x40(r1) / ours r1, -0x38(r1)
712	99.39	stack+reg	0	0	0	69	4	0	Enemy/fireWanwan	TFireWanwanTailHit::performNodes(unsigned long, JDrama::TGraphics*)	target r1, -0x140(r1) / ours r1, -0x110(r1)
704	99.82	stack+reg	0	0	0	12	2	0	Strategic/ObjHitCheck	TObjHitCheck::checkAndEntryGroup(TIdxGroupObj*)	target r1, -0x140(r1) / ours r1, -0x140(r1)
688	99.65	stack+reg	0	0	0	35	5	0	Enemy/hanasambo	THanaSambo::init(TLiveManager*)	target r1, -0xe8(r1) / ours r1, -0xc8(r1)
680	99.79	reg	0	0	0	0	5	0	Player/MarioJump	TMario::slipFalling()	target r1, -0x70(r1) / ours r1, -0x70(r1)
676	99.17	operand	0	0	0	46	10	2	Enemy/enemyMario	TEnemyMario::drawHPMeter(float(*)[4])	target r1, -0xc8(r1) / ours r1, -0xb8(r1)
636	99.47	stack+reg	0	0	0	20	11	0	Player/ModelWaterManager	TModelWaterManager::perform(unsigned long, JDrama::TGraphics*)	target r1, -0x88(r1) / ours r1, -0x60(r1)
604	99.92	stack	0	0	0	12	0	0	Enemy/bossManta	TBossManta::control()	target r1, -0x178(r1) / ours r1, -0x178(r1)
596	99.87	stack	0	0	0	19	0	0	MoveBG/MapObjMonte	THangingBridge::initDraw() const	target r1, -0xf0(r1) / ours r1, -0xd8(r1)
588	99.76	stack	0	0	0	36	0	0	Enemy/enemy	TSpineEnemy::goToExclusiveNextGraphNode()	target r1, -0x170(r1) / ours r1, -0x160(r1)
556	99.98	stack	0	0	0	3	0	0	Enemy/bosseel	TBEelTearsDrop::TBEelTearsDrop(TBEelTears*, int, SDLModelData*, const char*)	target r1, -0x138(r1) / ours r1, -0x138(r1)
552	99.18	stack+reg	0	0	0	38	7	0	JSystem/JParticle/JPADrawVisitor	JPADrawExecRotation::exec(const JPADrawContext*, JPABaseParticle*)	target r1, -0xd8(r1) / ours r1, -0xd0(r1)
544	99.91	stack	0	0	0	12	0	0	Enemy/wireTrap	TWireTrap::load(JSUMemoryInputStream&)	target r1, -0xa8(r1) / ours r1, -0xa8(r1)
540	99.83	stack	0	0	0	23	0	0	JSystem/JParticle/JPADrawVisitor	JPADrawExecRotBillBoard::exec(const JPADrawContext*, JPABaseParticle*)	target r1, -0x80(r1) / ours r1, -0x80(r1)
532	99.86	stack	0	0	0	19	0	0	GC2D/Talk2D2	TTalk2D2::openTalkWindow(TBaseNPC*)	target r1, -0x98(r1) / ours r1, -0x60(r1)
524	99.96	stack	0	0	0	5	0	0	MoveBG/MapObjMare	TWireBell::initDraw() const	target r1, -0x80(r1) / ours r1, -0x88(r1)
480	99.94	stack	0	0	0	7	0	0	Enemy/hamukuri	THaneHamuKuri::bind()	target r1, -0x48(r1) / ours r1, -0x48(r1)
472	99.76	stack	0	0	0	28	0	0	Strategic/ObjHitCheck	TObjHitCheck::entryGroup(TIdxGroupObj*)	target r1, -0xe0(r1) / ours r1, -0xd8(r1)
468	99.27	reg	0	0	0	0	5	0	MSound/MSoundScene	MSSceneSE::sortMaxTrans(Vec*, unsigned char, unsigned char)	target r1, -0x40(r1) / ours r1, -0x40(r1)
452	99.96	stack	0	0	0	5	0	0	MSound/MSoundSE	MSoundSESystem::MSRandPlay::randPlay(unsigned long)	target r1, -0x40(r1) / ours r1, -0x40(r1)
412	99.91	stack	0	0	0	9	0	0	Enemy/enemyMario	TEnemyMario::emWaitingToInviteMario()	target r1, -0xa8(r1) / ours r1, -0xa8(r1)
384	99.93	stack	0	0	0	7	0	0	Enemy/pakkun	TPakkunSeed::loadInit(TSpineEnemy*, const char*)	target r1, -0xb0(r1) / ours r1, -0xb0(r1)
376	99.84	stack	0	0	0	15	0	0	MoveBG/MapObjMamma	TMammaBlockRotate::initMapObj()	target r1, -0x138(r1) / ours r1, -0xc8(r1)
372	99.72	stack	0	0	0	26	0	0	MoveBG/MapObjMare	TMapObjPuncher::touchPlayer(THitActor*)	target r1, -0x68(r1) / ours r1, -0x68(r1)
356	99.88	stack	0	0	0	11	0	0	System/EventWatcher	evStartSE(TSpcTypedInterp<TEventWatcher>*, unsigned long)	target r1, -0x50(r1) / ours r1, -0x50(r1)
356	99.79	stack	0	0	0	19	0	0	System/GCLogoDir	TGCLogoDir::direct()	target r1, -0x78(r1) / ours r1, -0x48(r1)
348	99.95	stack	0	0	0	4	0	0	Map/MapCheck	TMapCollisionData::checkRoof(float, float, float, unsigned char, const TBGCheckData**) con	target r1, -0x90(r1) / ours r1, -0x90(r1)
344	99.93	stack	0	0	0	6	0	0	Enemy/namekuri	TNameKuri::setMeltAnm()	target r1, -0x68(r1) / ours r1, -0x68(r1)
344	99.92	stack	0	0	0	7	0	0	Enemy/tamaNoko	TTamaNoko::receiveMessage(THitActor*, unsigned long)	target r1, -0x40(r1) / ours r1, -0x20(r1)
336	99.74	operand	0	0	0	0	0	2	MoveBG/MapObjBall	TResetFruit::touchWater(THitActor*)	target r1, -0x38(r1) / ours r1, -0x38(r1)
320	99.58	stack	0	0	0	34	0	0	GC2D/GCConsole2	TGCConsole2::processMoveNozzle()	target r1, -0xa8(r1) / ours r1, -0x60(r1)
304	99.92	stack	0	0	0	6	0	0	JSystem/JParticle/JPADrawVisitor	JPADrawCalcScaleYBySpeed::calc(const JPADrawContext*, JPABaseParticle*)	target r1, -0x78(r1) / ours r1, -0x78(r1)
300	99.88	stack	0	0	0	9	0	0	Enemy/tamaNoko	TTamaNokoManager::initSetEnemies()	target r1, -0xe0(r1) / ours r1, -0x38(r1)
292	99.73	stack	0	0	0	20	0	0	Enemy/fireWanwan	TFireWanwanTailHit::moveRequest(const JGeometry::TVec3<float>&)	target r1, -0x48(r1) / ours r1, -0x48(r1)
280	99.93	stack	0	0	0	5	0	0	JSystem/JParticle/JPAEmitter	JPABaseEmitter::JPABaseEmitter()	target r1, -0x28(r1) / ours r1, -0x20(r1)
276	99.7	stack	0	0	0	21	0	0	Enemy/enemy	TSpineEnemy::goToDirectedNextGraphNode(const JGeometry::TVec3<float>&)	target r1, -0x98(r1) / ours r1, -0x90(r1)
272	99.72	stack	0	0	0	19	0	0	MSound/MSoundSE	MSoundSESystem::MSoundSE::startSoundNpcActor(unsigned long, const Vec*, unsigned long, JAI	target r1, -0x88(r1) / ours r1, -0x78(r1)
208	99.79	stack	0	0	0	11	0	0	MoveBG/MapObjBase	TMapObjBase::initAndRegister(const char*)	target r1, -0x70(r1) / ours r1, -0x70(r1)
208	99.63	stack	0	0	0	19	0	0	System/Application	TApplication::TApplication()	target r1, -0x40(r1) / ours r1, -0x30(r1)
188	99.79	stack	0	0	0	10	0	0	Enemy/igaiga	TIgaigaManager::initSetEnemies()	target r1, -0x98(r1) / ours r1, -0x20(r1)
160	99.62	stack	0	0	0	15	0	0	MSound/MSoundSE	MSoundSESystem::MSRandPlay::MSRandPlay(unsigned long, long, long, float, float)	target r1, -0x48(r1) / ours r1, -0x40(r1)
144	99.86	stack	0	0	0	5	0	0	Map/Map	TMap::isTouchedOneWall(float, float, float, float) const	target r1, -0x68(r1) / ours r1, -0x68(r1)
