mario/Animal/AnimalBase	TAnimalBase::init(TLiveManager*)	99.823	656	0x98	0x70	0x28	29	all-shift(low region)	0x48>0x70 0x4c>0x74 0x50>0x78 0x54>0x7c 0x5c>0x84 0x60>0x88 0x64>0x8c 0x68>0x90
mario/Animal/Bird	TNerveAnimalBirdGraphWander::execute(TSpineBase<TLiveActor>*) const	99.760	800	0xa0	0xb8	-0x18	48	mixed	0x64>0x4c 0x68>0x50 0x6c>0x54 0x70>0x58 0x74>0x5c 0x78>0x60 0x7c>0x64 0x84>0x68 0x88>0x6c 0x8c>0x70 0x90>0x78 0x94>0x7c 0x98>0x80 0x9c>0x84 0xa0>0x88 0xa4>0x8c 0xac>0x94 0xb0>0x98
mario/MSound/MSoundSE	__sinit_MSoundSE_cpp	99.967	856	0x38	0x10	0x28	7	all-shift(low region)	0x8>0x30
mario/MSound/MSoundSE	MSSetSoundTL<MSSetSoundGrp>::MSSetSoundTL(unsigned long, const char*, MSSetSoundGrp*, unsigned char, unsigned char, unsigned char, unsigned char, float, unsigned char, float, float, float, float, float, long, float, long, float, float, float, bool)	99.793	600	0x128	0xc0	0x68	31	all-shift(low region)	0x48>0xb0 0x70>0xd8 0x78>0xe0 0x80>0xe8 0x88>0xf0 0x90>0xf8 0x98>0x100 0xa0>0x108 0xa8>0x110 0xb0>0x118 0xb8>0x120
mario/MSound/MSoundSE	MSoundSESystem::MSRandVol::MSRandVol(unsigned long)	99.833	168	0x20	0x18	0x8	7	all-shift(low region)	0x10>0x18
mario/MSound/MSoundSE	MSoundSESystem::MSRandPlay::MSRandPlay(unsigned long, long, long, float, float)	99.625	160	0x48	0x40	0x8	15	all-shift(low region)	0x20>0x28 0x24>0x2c 0x28>0x30 0x2c>0x34 0x30>0x38 0x38>0x40
mario/MSound/MSoundSE	MSoundSESystem::MSoundSE::startSoundActorInner(unsigned long, JAISound**, JAIActor*, unsigned long, unsigned char)	99.979	960	0x58	0x50	0x8	5	all-shift(low region)	0x34>0x3c
mario/MSound/MSoundSE	MSoundSESystem::MSoundSE::startSoundNpcActor(unsigned long, const Vec*, unsigned long, JAISound**, unsigned long, unsigned char)	99.721	272	0x88	0x78	0x10	19	mixed	0x4c>0x58 0x58>0x64 0x5c>0x68 0x60>0x6c 0x64>0x70 0x68>0x78 0x6c>0x7c 0x70>0x80
mario/MSound/MSoundStruct	MSSetSoundTL<MSSetSound>::MSSetSoundTL(unsigned long, const char*, MSSetSound*, unsigned char, unsigned char, unsigned char, unsigned char, float, unsigned char, float, float, float, float, float, long, float, long, float, float, float, bool)	99.793	600	0x128	0xc0	0x68	31	all-shift(low region)	0x48>0xb0 0x70>0xd8 0x78>0xe0 0x80>0xe8 0x88>0xf0 0x90>0xf8 0x98>0x100 0xa0>0x108 0xa8>0x110 0xb0>0x118 0xb8>0x120
mario/Camera/CameraChange	CPolarSubCamera::execCameraModeChangeProc_(int)	99.992	2544	0x100	0xb0	0x50	5	all-shift(low region)	0x98>0xe8
mario/Camera/CameraNotice	CPolarSubCamera::ctrlLButtonCamera_()	99.788	528	0x70	0x50	0x20	28	mixed	0x24>0x34 0x28>0x38 0x2c>0x3c 0x34>0x54 0x38>0x58 0x40>0x60 0x48>0x68
mario/Enemy/emario	TEMario::load(JSUMemoryInputStream&)	99.894	720	0xf0	0xa8	0x48	19	mixed	0x74>0xd0 0x78>0xd4 0x7c>0xc0 0x80>0xc4 0x84>0xc8 0x88>0xcc 0x90>0xd8 0x94>0xdc 0x9c>0xe4 0xa0>0xe8
mario/Enemy/emario	TEMario::init(TLiveManager*)	99.917	436	0x88	0x60	0x28	9	all-shift(low region)	0x54>0x7c 0x58>0x80
mario/Enemy/enemy	TSpineBase<TLiveActor>::update()	99.924	264	0x18	0x20	-0x8	5	regsave-only	
mario/Enemy/enemy	TSpineEnemy::goToExclusiveNextGraphNode()	99.755	588	0x170	0x160	0x10	36	mixed	0xd8>0x118 0xdc>0x11c 0xe0>0x120 0xe4>0x124 0xe8>0x128 0xec>0x12c 0xf0>0x130 0x108>0x134 0x10c>0x138 0x110>0x13c 0x114>0x140 0x118>0x144 0x11c>0x148 0x120>0x14c 0x154>0x164 0x158>0x168
mario/Enemy/enemy	TSpineEnemy::goToDirectedNextGraphNode(const JGeometry::TVec3<float>&)	99.696	276	0x98	0x90	0x8	21	mixed	0x5c>0x74 0x60>0x78 0x64>0x7c 0x68>0x80 0x6c>0x84 0x70>0x88 0x74>0x8c
mario/Enemy/enemymanager	TEnemyManager::createEnemies(int)	99.718	340	0xb0	0x98	0x18	24	mixed	0x48>0x5c 0x4c>0x60 0x50>0x64 0x54>0x68 0x58>0x6c 0x60>0x78 0x64>0x7c 0x68>0x80 0x70>0x84 0x7c>0x94
mario/Enemy/enemyMario	TEnemyMario::initModel()	99.913	1560	0x2f8	0x2a0	0x58	34	mixed	0xe0>0x13c 0xe4>0x140 0xe8>0x144 0xec>0x148 0xf0>0x14c 0xf4>0x150 0xf8>0x154 0xfc>0x178 0x12c>0x158 0x130>0x15c 0x134>0x160 0x138>0x164 0x13a>0x166 0x13c>0x168 0x140>0x16c 0x144>0x170 0x148>0x174 0x15
mario/Enemy/enemyMario	TEnemyMario::emWaiting()	99.871	280	0x38	0x40	-0x8	9	all-shift(low region)	0x28>0x20 0x2c>0x24 0x30>0x28 0x34>0x2c
mario/Enemy/enemyMario	TEnemyMario::consider()	99.932	2132	0x220	0x238	-0x18	36	all-shift(low region)	0x104>0xec 0x108>0xf0 0x10c>0xf4 0x114>0xfc 0x158>0x140 0x168>0x150 0x178>0x160 0x188>0x170 0x1c8>0x1b0 0x208>0x1f0 0x210>0x1f8 0x220>0x208 0x224>0x20c 0x228>0x210 0x22c>0x214 0x230>0x218
mario/Enemy/gesso	TGessoManager::initSetEnemies()	99.787	188	0xe8	0x20	0xc8	10	mixed	0xc>0x68 0x18>0xe0
mario/Enemy/gesso	TGessoPolluteObj::set()	99.737	320	0x70	0x78	-0x8	21	mixed	0x48>0x30 0x4c>0x34 0x50>0x38 0x54>0x3c 0x58>0x40 0x5c>0x44 0x60>0x54 0x64>0x58 0x68>0x5c 0x70>0x68
mario/Enemy/gesso	TNerveGessoFreeze::execute(TSpineBase<TLiveActor>*) const	99.804	1100	0xa8	0xa0	0x8	54	mixed	0x54>0x5c 0x58>0x60 0x5c>0x64 0x60>0x68 0x64>0x6c 0x68>0x70 0x6c>0x74 0x74>0x44 0x78>0x48 0x7c>0x4c 0x80>0x88 0x84>0x8c 0x88>0x90 0x94>0x9c 0x98>0xa0
mario/Enemy/graph	TSplineRail::TSplineRail(const TGraphWeb*)	99.680	1452	0x188	0x140	0x48	116	mixed	0x78>0x98 0x7c>0x9c 0x80>0xa0 0x88>0xa4 0x8c>0xa8 0x90>0xac 0x98>0xb0 0x9c>0xb4 0xa0>0xb8 0xa8>0xbc 0xac>0xc0 0xb0>0xc4 0xb8>0xcc 0xbc>0xd0 0xc0>0xd4 0xd4>0x130 0xd8>0x134 0xdc>0x138 0xe0>0x1c 0xe4>0x
mario/Enemy/graph	TSplineRail::getPosAndRot(float, JGeometry::TVec3<float>*, JGeometry::TVec3<float>*)	99.603	564	0xf8	0xe8	0x10	56	mixed	0x74>0x80 0x78>0x84 0x7c>0x88 0x80>0x8c 0x84>0x90 0x88>0x94 0x8c>0x98 0x90>0x9c 0x94>0xa0 0x98>0xa4 0x9c>0xa8 0xa0>0xac 0xa4>0xb0 0xa8>0xb4 0xac>0xb8 0xb4>0xc4 0xb8>0xc8 0xbc>0xcc 0xc0>0xd0 0xc8>0xd8 
mario/Enemy/hamukuri	THamuKuri::jumpToSearchActor()	99.807	436	0x68	0x60	0x8	21	mixed	0x24>0x18 0x28>0x1c 0x2c>0x20 0x30>0x24 0x34>0x28 0x38>0x2c 0x3c>0x30
mario/Enemy/hamukuri	THamuKuri::getTakingMtx()	99.672	256	0xe0	0xb8	0x28	21	all-shift(low region)	0x34>0x5c 0x64>0x8c 0x70>0x98 0x80>0xa8 0x90>0xb8 0x98>0xc0 0x9c>0xc4 0xa0>0xc8 0xa8>0xd0 0xb0>0xd8
mario/Enemy/hamukuri	TDangoHamuKuri::receiveMessage(THitActor*, unsigned long)	99.945	512	0x48	0x28	0x20	7	all-shift(low region)	0x20>0x40
mario/Enemy/hinokuri2	THinokuri2::init(TLiveManager*)	99.846	1376	0x1f8	0x1c8	0x30	53	mixed	0xd8>0xfc 0xdc>0x100 0xe0>0x104 0xe4>0x108 0xe8>0x10c 0xec>0x110 0xf0>0x114 0xf4>0x118 0x114>0x138 0x118>0x13c 0x120>0x144 0x124>0x148 0x12c>0x150 0x130>0x154 0x138>0x15c 0x13c>0x160 0x17c>0x1b0 0x180
mario/Enemy/hinokuri2	TNerveHino2GraphWander::execute(TSpineBase<TLiveActor>*) const	99.907	1248	0x110	0xf0	0x20	29	mixed	0xa8>0xd4 0xb4>0xb0 0xb8>0xb4 0xbc>0xb8 0xc8>0xe8 0xcc>0xec 0xd0>0xf0 0xd4>0xf4 0xd8>0xf8 0xdc>0xfc 0xe0>0x100 0xe4>0x104 0xe8>0x108
mario/Enemy/namekuri	TNameKuri::calcRootMatrix()	99.444	928	0x160	0x128	0x38	94	mixed	0x84>0xc0 0x88>0xc4 0x8c>0xc8 0x90>0xcc 0x94>0xd0 0x98>0xd4 0x9c>0xd8 0xa0>0xdc 0xa4>0xe0 0xa8>0xe4 0xac>0xf0 0xb0>0xfc 0xb4>0x108 0xb8>0xe8 0xbc>0xf4 0xc0>0x100 0xc4>0x10c 0xc8>0xec 0xcc>0xf8 0xd0>0x
mario/Enemy/pakkun	TPakkun::init(TLiveManager*)	99.947	680	0xb8	0xc0	-0x8	9	all-shift(low region)	0xb4>0xac 0xb8>0xb0
mario/Enemy/smallEnemy	TSmallEnemy::genEventCoin()	99.648	772	0x100	0x108	-0x8	68	mixed	0x24>0x28 0x28>0x2c 0x2c>0x30 0x2c>0x6c 0x30>0x34 0x34>0x38 0x44>0x40 0x48>0x44 0x4c>0x48 0x50>0x4c 0x54>0x50 0x58>0x54 0x5c>0x58 0x60>0x5c 0x64>0x60 0x68>0x64 0x6c>0x68 0x70>0x30 0x78>0x70 0x7c>0x74 
mario/Enemy/smallEnemy	TSmallEnemy::receiveMessage(THitActor*, unsigned long)	99.936	560	0x58	0x28	0x30	9	all-shift(low region)	0x1c>0x4c 0x20>0x50
mario/Enemy/spider	TSpider::bind(TLiveActor*)	99.590	1396	0x158	0x120	0x38	143	mixed	0x44>0x40 0x48>0x44 0x4c>0x48 0x50>0x80 0x54>0x84 0x58>0x88 0x5c>0x8c 0x60>0x90 0x64>0x94 0x68>0x98 0x6c>0x9c 0x70>0xa0 0x74>0xb0 0x78>0xb4 0x7c>0xb8 0x80>0xbc 0x84>0xc0 0x88>0xc4 0x8c>0xc8 0x90>0xcc 
mario/Enemy/walker	calcFarthestVertex(const TBGCheckData*, const JGeometry::TVec3<float>&, const JGeometry::TVec3<float>&)	99.807	456	0x70	0x58	0x18	22	mixed	0x30>0x34 0x34>0x48 0x38>0x4c 0x3c>0x50 0x40>0x54 0x44>0x58 0x48>0x5c 0x4c>0x60 0x50>0x64
mario/Enemy/bossgesso	TNerveBGWait::execute(TSpineBase<TLiveActor>*) const	99.833	1028	0xa0	0xd0	-0x30	43	mixed	0xa0>0x6c 0xa4>0x70 0xa8>0x74 0xac>0x78 0xb4>0x7c 0xb8>0x80 0xbc>0x84 0xc0>0x90 0xc4>0x94 0xc8>0x98
mario/Enemy/bossgesso	TNerveBGTentacleDamage::execute(TSpineBase<TLiveActor>*) const	99.893	712	0x78	0x80	-0x8	19	mixed	0x58>0x4c 0x5c>0x50 0x60>0x54 0x64>0x58 0x68>0x60 0x6c>0x64 0x74>0x6c 0x78>0x70
mario/Enemy/bossgesso	TNerveBGRoll::execute(TSpineBase<TLiveActor>*) const	99.927	1820	0xa8	0x158	-0xb0	33	all-shift(low region)	0x140>0x90 0x144>0x94 0x14c>0x9c 0x150>0xa0
mario/Enemy/elecNokonoko	TElecCarapace::sendMessage()	99.944	504	0xa0	0xa8	-0x8	7	mixed	0x60>0x54 0x64>0x58 0x88>0x80
mario/Enemy/elecNokonoko	TNerveElecCarapaceReturn::execute(TSpineBase<TLiveActor>*) const	99.895	912	0xc0	0xb8	0x8	24	mixed	0x50>0x74 0x54>0x78 0x58>0x7c 0x5c>0x48 0x60>0x4c 0x64>0x50 0xa0>0xa8 0xa4>0xac 0xa8>0xb0 0xb0>0xb8
mario/Enemy/fireWanwan	TTailRubber::adjust()	99.586	1208	0xc0	0xb0	0x10	125	mixed	0x3c>0x48 0x40>0x4c 0x44>0x50 0x48>0x54 0x4c>0x58 0x50>0x5c 0x60>0x6c 0x64>0x70 0x68>0x74 0x6c>0x78 0x70>0x7c 0x74>0x80 0x7c>0x88 0x80>0x8c 0x84>0x90 0x88>0x94 0x8c>0x98 0x90>0x9c 0x94>0xa0 0x98>0xa4 
mario/Enemy/fireWanwan	TFireWanwan::behaveToWater(THitActor*)	99.916	904	0xe8	0x98	0x50	19	all-shift(low region)	0x50>0xa0 0x54>0xa4 0x58>0xa8 0x70>0xc0 0x74>0xc4 0x78>0xc8 0x84>0xd4
mario/Enemy/bosspakkun	TBPPolDrop::move()	99.846	780	0x70	0x30	0x40	30	all-shift(low region)	0x10>0x50 0x14>0x54 0x18>0x58 0x1c>0x5c 0x20>0x60 0x24>0x64 0x28>0x68
mario/Enemy/tobiPuku	TNerveTobiPukuBound::execute(TSpineBase<TLiveActor>*) const	99.921	456	0x68	0x60	0x8	9	mixed	0x3c>0x54 0x40>0x58 0x44>0x5c
mario/Enemy/bosswanwan	TBWPicket::perform(unsigned long, JDrama::TGraphics*)	99.630	1328	0x1a0	0x138	0x68	123	mixed	0xd0>0x13c 0xd4>0x140 0xd8>0x144 0xdc>0x148 0xe0>0x14c 0xe4>0x150 0xec>0x154 0xf0>0x158 0xf4>0x15c 0xfc>0x168 0x100>0x16c 0x104>0x170 0x108>0x174 0x10c>0x178 0x110>0x17c 0x114>0x180 0x118>0x184 0x11c>
mario/Enemy/bosswanwan	TNerveBWRoll::execute(TSpineBase<TLiveActor>*) const	99.912	320	0x100	0x38	0xc8	7	all-shift(low region)	0x30>0xf8
mario/Enemy/bosswanwan	TNerveBWWakeup::execute(TSpineBase<TLiveActor>*) const	99.881	404	0x48	0x58	-0x10	12	all-shift(low region)	0x40>0x30 0x44>0x34 0x4c>0x3c 0x50>0x40
mario/Enemy/bosswanwan	TNerveBWJumpToBath::execute(TSpineBase<TLiveActor>*) const	99.707	820	0xa0	0x98	0x8	60	mixed	0x2c>0x40 0x30>0x44 0x34>0x48 0x38>0x4c 0x3c>0x50 0x40>0x54 0x44>0x58 0x48>0x5c 0x4c>0x60 0x50>0x64 0x54>0x10 0x58>0x14 0x5c>0x18 0x60>0x6c 0x64>0x70 0x68>0x74 0x6c>0x78 0x70>0x7c 0x74>0x80 0x78>0x84 
mario/Enemy/chuuhana	TChuuHana::isCollidMove(THitActor*)	99.816	1020	0x118	0x128	-0x10	47	mixed	0xb8>0xa8 0xbc>0xac 0xc0>0xb4 0xc4>0xb8 0xc8>0xbc 0xcc>0xc0 0xd0>0xc4 0xd4>0xc8 0xd8>0xcc 0xf0>0xe0 0xf4>0xe4 0xf8>0xe8 0xfc>0xec 0x100>0xf0 0x104>0xf4 0x108>0xf8 0x10c>0xfc 0x114>0x104
mario/Enemy/chuuhana	TChuuHana::setGoal()	99.500	360	0xa0	0x90	0x10	45	mixed	0x14>0x20 0x18>0x24 0x1c>0x28 0x20>0x2c 0x24>0x30 0x54>0x60 0x58>0x64 0x5c>0x68 0x60>0x6c 0x64>0x70 0x68>0x78 0x6c>0x7c 0x70>0x80 0x78>0x88 0x7c>0x8c 0x84>0x94 0x88>0x98
mario/Enemy/igaiga	TIgaigaManager::initSetEnemies()	99.787	188	0x98	0x20	0x78	10	mixed	0xc>0x48 0x18>0x90
mario/Enemy/igaiga	TIgaiga::walkBehavior(int, float)	99.718	412	0xc8	0x68	0x60	19	mixed	0x3c>0xa4 0x40>0xa8 0x44>0xa4 0x44>0xac 0x48>0x98 0x48>0xa0 0x4c>0x9c 0x50>0xa0 0x54>0x14 0x58>0x18 0x5c>0x1c
mario/Enemy/igaiga	TGorogoro::walkBehavior(int, float)	99.905	756	0x150	0xb8	0x98	18	mixed	0x60>0x100 0x64>0x104 0x68>0x108 0x6c>0x10c 0x70>0x110 0x74>0x114 0x78>0x118 0x90>0x12c 0x9c>0x134 0xb0>0x148
mario/Enemy/poihana	TPoiHanaManager::initSetEnemies()	99.725	160	0xe0	0x40	0xa0	11	all-shift(low region)	0x30>0xd0 0x34>0xd4 0x38>0xd8
mario/Enemy/tamaNoko	TTamaNokoManager::initSetEnemies()	99.880	300	0xe0	0x38	0xa8	9	mixed	0xc>0x84 0x14>0xbc
mario/Enemy/tamaNoko	TTamaNoko::walkBehavior(int, float)	99.841	1236	0x110	0xf8	0x18	49	mixed	0xac>0xc4 0xb0>0xc8 0xb4>0xcc 0xb8>0xd0 0xbc>0xd4 0xc0>0xd8 0xc8>0xdc 0xcc>0xe0 0xd0>0xe4 0xd8>0xf0 0xdc>0xf4 0xe0>0xf8 0xe4>0xfc 0xe8>0x100 0xf0>0x108
mario/Enemy/tamaNoko	TTamaNoko::receiveMessage(THitActor*, unsigned long)	99.919	344	0x40	0x20	0x20	7	all-shift(low region)	0x18>0x38
mario/Enemy/tamaNoko	TTamaNoko::landEffect()	99.713	808	0x90	0x80	0x10	58	mixed	0x10>0x1c 0x14>0x20 0x18>0x24 0x1c>0x50 0x20>0x54 0x24>0x58 0x34>0x5c 0x38>0x60 0x3c>0x64 0x40>0x34 0x44>0x38 0x48>0x3c 0x4c>0x68 0x50>0x6c 0x54>0x70 0x58>0x40 0x5c>0x44 0x60>0x48 0x64>0x74 0x68>0x78 
mario/Enemy/bosstelesa	TBubble::appendEnemy()	99.872	532	0x50	0x40	0x10	17	mixed	0x20>0x2c 0x24>0x30 0x28>0x38 0x2c>0x3c 0x30>0x40 0x34>0x44 0x38>0x48
mario/Enemy/bosstelesa	TBossTelesa::moveObject()	99.926	2276	0x1d0	0x190	0x40	42	mixed	0x124>0x164 0x130>0xd0 0x134>0xd4 0x138>0xd8 0x13c>0x17c 0x148>0xec 0x14c>0xf0 0x150>0xf4 0x15c>0x19c 0x160>0x1a0 0x164>0x1a4 0x16c>0x1ac 0x170>0x1b0 0x174>0x1b4 0x178>0x1b8 0x17c>0x1bc 0x180>0x1c0 0x
mario/Enemy/bosstelesa	TNerveBossTelesaDie::execute(TSpineBase<TLiveActor>*) const	99.980	2248	0x128	0xc8	0x60	11	all-shift(low region)	0xb8>0x118 0xbc>0x11c 0xc0>0x120
mario/Enemy/bosstelesa	TNerveBossTelesaAppear::execute(TSpineBase<TLiveActor>*) const	99.971	972	0x80	0x58	0x28	7	all-shift(low region)	0x50>0x78
mario/Enemy/bombhei	TBombHei::genEventCoin()	99.706	272	0x50	0x48	0x8	20	mixed	0x24>0x1c 0x28>0x20 0x2c>0x24 0x30>0x38 0x34>0x3c 0x38>0x40 0x40>0x48
mario/Enemy/cannon	TCannon::calcRootMatrix()	99.887	1164	0xf8	0xd0	0x28	33	all-shift(low region)	0x8c>0xb4 0x90>0xb8 0x94>0xbc 0xa8>0xd0 0xac>0xd4 0xb0>0xd8 0xb4>0xdc 0xb8>0xe0 0xbc>0xe4 0xc0>0xe8 0xc4>0xec 0xc8>0xf0
mario/Enemy/cannon	TNerveCannonOpen::execute(TSpineBase<TLiveActor>*) const	99.921	456	0x60	0x58	0x8	9	all-shift(low region)	0x4c>0x54 0x50>0x58
mario/Enemy/cannon	TNerveCannonSearch::execute(TSpineBase<TLiveActor>*) const	99.905	1732	0x198	0x170	0x28	41	mixed	0xd8>0x168 0xdc>0x16c 0xe0>0x170 0xe4>0xe8 0xe8>0xec 0xec>0xf0 0xf0>0x140 0xf4>0x144 0x130>0x158 0x134>0x15c 0x138>0x160 0x13c>0x164 0x158>0x180 0x15c>0x184 0x160>0x188 0x164>0x18c 0x168>0x190
mario/Enemy/bosseel	TNerveBossEelAppear::execute(TSpineBase<TLiveActor>*) const	99.919	844	0xa8	0x88	0x20	17	all-shift(low region)	0x68>0x88 0x6c>0x8c 0x74>0x94 0x78>0x98 0x7c>0x9c 0x80>0xa0
mario/Enemy/bosseel	TNerveBossEelOutWait::execute(TSpineBase<TLiveActor>*) const	99.964	1460	0xb0	0x80	0x30	13	all-shift(low region)	0x68>0x98 0x6c>0x9c 0x70>0xa0 0x74>0xa4 0x78>0xa8
mario/Enemy/bosseel	TNerveBossEelEat::execute(TSpineBase<TLiveActor>*) const	99.937	1588	0x118	0xc8	0x50	25	mixed	0x84>0xcc 0x98>0xe8 0xa0>0xec 0xa4>0xf0 0xa8>0xf4 0xb4>0x104 0xb8>0x108 0xbc>0x10c 0xc0>0x110
mario/Enemy/bosseel	TNerveBossEelDie::execute(TSpineBase<TLiveActor>*) const	99.955	1152	0x120	0xe0	0x40	13	all-shift(low region)	0xac>0xec 0xb0>0xf0 0xb4>0xf4 0xb8>0xf8 0xc4>0x104 0xd8>0x118
mario/Enemy/hanasambo	TSamboHead::attackToMario()	99.948	388	0x60	0x50	0x10	5	regsave-only	
mario/Enemy/popo	PopoNonScaleCallback(J3DNode*, int)	99.796	412	0xc0	0x80	0x40	21	mixed	0x44>0x80 0x48>0x84 0x4c>0x88 0x50>0x8c 0x54>0x90 0x58>0x94 0x5c>0x98 0x60>0x9c 0x64>0xa0 0x68>0xa4 0x6c>0xa8 0x70>0xac 0x78>0xb8
mario/Enemy/fruitsboat	TNerveFruitsBoatGraphWander::execute(TSpineBase<TLiveActor>*) const	99.853	1060	0x120	0x128	-0x8	39	mixed	0xe4>0xf4 0xe8>0xf8 0xec>0xfc 0xf4>0xb0 0xf4>0xd0 0xf8>0xb4 0xf8>0xd4 0xfc>0xb8 0xfc>0xd8 0x100>0xbc 0x100>0xdc 0x104>0xc0 0x104>0xe0 0x110>0x108 0x114>0x10c 0x118>0x110 0x11c>0x114 0x120>0x118
mario/Enemy/BossHanachanSub	BHSCalcCentrifugalForce(const JGeometry::TVec3<float>&, const JGeometry::TVec3<float>&, const JGeometry::TVec3<float>&, float)	99.837	688	0xa0	0x80	0x20	28	all-shift(low region)	0x50>0x70 0x54>0x74 0x5c>0x7c 0x60>0x80 0x68>0x88 0x70>0x90 0x78>0x98
mario/Enemy/BossHanachanParts	TBossHanachanPartsBase::considerSetAnm_(EnumBossHanachanNerveAnm)	99.954	1844	0x110	0xe8	0x28	21	all-shift(low region)	0xd0>0xf8 0xd4>0xfc 0xdc>0x104 0xe0>0x108
mario/Enemy/amiNoko	TNerveAmiNokoWalkOnFence::execute(TSpineBase<TLiveActor>*) const	99.829	1144	0xa0	0x98	0x8	49	mixed	0x50>0x54 0x54>0x58 0x58>0x5c 0x60>0x64 0x64>0x68 0x68>0x6c 0x80>0x88 0x84>0x8c 0x88>0x90 0x90>0x98
mario/Enemy/wireTrap	TNerveWireTrapReturnMove::execute(TSpineBase<TLiveActor>*) const	99.902	488	0x68	0x60	0x8	12	all-shift(low region)	0x48>0x50 0x4c>0x54 0x54>0x5c 0x58>0x60
mario/Enemy/wireTrap	TNerveWireTrapOnewayMove::execute(TSpineBase<TLiveActor>*) const	99.904	912	0x88	0x80	0x8	22	mixed	0x38>0x30 0x3c>0x34 0x40>0x38 0x68>0x70 0x6c>0x74 0x70>0x78 0x74>0x7c 0x78>0x80
mario/Enemy/rocket	TNerveRocketPossessedNozzle::execute(TSpineBase<TLiveActor>*) const	99.946	668	0xa0	0x40	0x60	9	all-shift(low region)	0x30>0x90 0x34>0x94 0x38>0x98
mario/Enemy/bossManta	TBossManta::collidedWithWater()	99.914	1164	0xa0	0xa8	-0x8	25	all-shift(low region)	0x58>0x50 0x5c>0x54 0x60>0x58 0x64>0x5c 0x68>0x60 0x6c>0x64 0x78>0x70 0x7c>0x74 0x80>0x78 0x84>0x7c 0x88>0x80 0x8c>0x84 0x98>0x90 0x9c>0x94 0xa0>0x98
mario/Enemy/bossManta	TBossMantaAdditionalCollisionSet::update(unsigned long, JDrama::TGraphics*)	99.808	480	0xf0	0x98	0x58	23	all-shift(low region)	0x3c>0x94 0x50>0xa8 0x58>0xb0 0x60>0xb8 0x68>0xc0 0x70>0xc8 0x78>0xd0 0x80>0xd8 0x88>0xe0 0x90>0xe8
mario/Enemy/koopajr	TKoopaJr::checkNerveKillerLaunchNormal()	99.949	548	0x28	0x38	-0x10	7	all-shift(low region)	0x30>0x20
mario/Enemy/koopajr	TKoopaJr::checkNerveKillerLaunchFast()	99.949	548	0x28	0x38	-0x10	7	all-shift(low region)	0x30>0x20
mario/Enemy/koopajr	TKoopaJrSubmarine::makeCollisionPositions()	99.800	220	0x80	0x48	0x38	11	all-shift(low region)	0x1c>0x54 0x30>0x68 0x38>0x70 0x40>0x78
mario/Enemy/koopajr	JGeometry::TUtil<float>::mod(float, float)	99.696	92	0x28	0x20	0x8	7	all-shift(low region)	0x10>0x18 0x18>0x20
mario/Enemy/Koopa	TNerveKoopaTurnL::execute(TSpineBase<TLiveActor>*) const	99.931	408	0x1a8	0x90	0x118	7	all-shift(low region)	0x84>0x19c 0x88>0x1a0
mario/Enemy/Koopa	TNerveKoopaTurnR::execute(TSpineBase<TLiveActor>*) const	99.930	400	0x1a0	0x90	0x110	7	all-shift(low region)	0x84>0x194 0x88>0x198
mario/Enemy/Koopa	TNerveKoopaTumble::execute(TSpineBase<TLiveActor>*) const	99.888	464	0x78	0x68	0x10	13	all-shift(low region)	0x50>0x60 0x54>0x64 0x58>0x68 0x5c>0x6c 0x60>0x70
mario/Enemy/Koopa	TKoopa::getTargetDir(const JGeometry::TVec3<float>&) const	99.810	252	0xe8	0xc0	0x28	12	all-shift(low region)	0xa8>0xd0 0xac>0xd4 0xb4>0xdc 0xb8>0xe0
mario/Enemy/Koopa	TKoopa::perform(unsigned long, JDrama::TGraphics*)	99.919	1192	0x1f0	0x1a0	0x50	24	mixed	0x170>0x1b8 0x174>0x1bc 0x178>0x1c0 0x180>0x1d0 0x198>0x1e8
mario/Enemy/Amenbo	TAmenbo::control()	99.881	1012	0x88	0x80	0x8	30	mixed	0x28>0x2c 0x4c>0x54 0x50>0x58 0x54>0x5c 0x58>0x60 0x5c>0x64 0x60>0x68 0x64>0x6c 0x68>0x70 0x6c>0x74 0x74>0x7c 0x78>0x80
mario/Enemy/limitkoopa	TLimitKoopa::loadAfter()	99.786	1216	0x188	0x168	0x20	65	mixed	0x8c>0x9c 0x90>0xa0 0x94>0xa4 0xa0>0xb0 0xa4>0xb4 0xa8>0xb8 0xb4>0xc4 0xb8>0xc8 0xbc>0xcc 0xc8>0xd8 0xcc>0xdc 0xd0>0xe0 0xdc>0xec 0xe0>0xf0 0xe4>0xf4 0xe8>0xf8 0xec>0xfc 0xf0>0x100 0xf4>0x104 0xf8>0x1
mario/Enemy/limitkoopa	TLimitKoopa::perform(unsigned long, JDrama::TGraphics*)	99.896	844	0x170	0x118	0x58	22	mixed	0xf4>0x144 0xf8>0x148 0xfc>0x14c 0x104>0x15c
mario/Enemy/limitkoopajr	TLimitKoopaJr::moveRun()	99.575	932	0x118	0x100	0x18	99	mixed	0x48>0x84 0x4c>0x88 0x50>0x8c 0x54>0x90 0x58>0x94 0x5c>0x98 0x60>0x9c 0x80>0x70 0x84>0x74 0x88>0x78 0x8c>0xb4 0x90>0xb8 0x94>0xbc 0x9c>0x6c 0xa0>0xa8 0xa4>0xac 0xa8>0xb0 0xac>0xc0 0xb0>0xc4 0xb4>0xc8 
mario/Enemy/limitkoopajr	TNerveLimitKoopaJrRun::execute(TSpineBase<TLiveActor>*) const	99.802	424	0x60	0x68	-0x8	21	all-shift(low region)	0x38>0x30 0x3c>0x34 0x40>0x38 0x44>0x3c 0x48>0x40 0x4c>0x44 0x50>0x48 0x60>0x58
mario/GC2D/GCConsole2	TGCConsole2::endCameraDemo()	99.863	612	0xc0	0xa0	0x20	21	mixed	0x68>0x94 0x6c>0x98 0x70>0x8c 0x74>0x90 0x78>0x84 0x7c>0x88 0x80>0xa0 0x84>0xa4 0x8c>0xac
mario/GC2D/GCConsole2	TGCConsole2::startInsertLife(int)	99.762	1212	0x2e8	0x2e0	0x8	72	mixed	0x1e8>0x240 0x1ec>0x238 0x1f0>0x230 0x1f4>0x228 0x208>0x220 0x20c>0x218 0x214>0x208 0x248>0x2a0 0x24c>0x298 0x250>0x290 0x254>0x288 0x268>0x280 0x26c>0x278 0x274>0x268 0x290>0x1f0 0x294>0x1f4 0x298>0x
mario/GC2D/GCConsole2	TGCConsole2::processMoveNozzle()	99.575	320	0xa8	0x60	0x48	34	mixed	0xc>0x4c 0x10>0x50 0x14>0x54 0x18>0x58 0x1c>0x5c 0x20>0x60 0x24>0x64 0x28>0x68 0x2c>0x6c 0x30>0x70 0x34>0x74 0x38>0x78 0x3c>0x7c 0x40>0x80 0x44>0x84 0x48>0x88 0x4c>0x8c 0x50>0x90 0x58>0xa0
mario/GC2D/Talk2D2	TTalk2D2::loadAfter()	99.788	1412	0x1e8	0x1d0	0x18	75	mixed	0xd8>0xec 0xdc>0xf0 0xe0>0xf4 0xe8>0xfc 0xf8>0x10c 0xfc>0x110 0x100>0x114 0x104>0x118 0x108>0x11c 0x10c>0x120 0x110>0x124 0x114>0x128 0x118>0x12c 0x11c>0x130 0x120>0x134 0x124>0x138 0x128>0x13c 0x12c>
mario/GC2D/Talk2D2	TTalk2D2::openTalkWindow(TBaseNPC*)	99.857	532	0x98	0x60	0x38	19	all-shift(low region)	0x38>0x70 0x3c>0x74 0x40>0x78 0x44>0x7c 0x48>0x80 0x4c>0x84 0x50>0x88 0x54>0x8c 0x58>0x90
mario/GC2D/Talk2D2	TTalk2D2::checkBoardControler()	99.873	440	0x70	0x38	0x38	14	mixed	0x14>0x50 0x18>0x54 0x1c>0x58 0x20>0x5c 0x24>0x60 0x28>0x64
mario/GC2D/Talk2D2	TTalk2D2::checkControler()	99.975	796	0xa8	0x40	0x68	5	regsave-only	
mario/GC2D/CardLoad	TCardLoad::perform(unsigned long, JDrama::TGraphics*)	99.937	3624	0x380	0x318	0x68	57	mixed	0xdc>0x118 0x160>0x20c 0x1e0>0x33c 0x1e4>0x340 0x1e8>0x344 0x1ec>0x348 0x1f0>0x23c 0x2e8>0x350 0x2ec>0x354 0x2f0>0x358 0x2f4>0x35c 0x2fc>0x364
mario/GC2D/CardLoad	TCardLoad::changeScene()	99.959	5956	0x1e0	0x178	0x68	61	mixed	0x78>0xd4 0x7c>0xd8 0x80>0xdc 0x98>0xf8 0x9c>0xfc 0xb0>0x110 0xc4>0x124 0xec>0x15c 0xf0>0x160 0x104>0x174 0x108>0x178 0x10c>0x17c 0x110>0x180 0x120>0x188 0x138>0x1a0 0x13c>0x1a4 0x140>0x1a8 0x144>0x1a
mario/GC2D/SelectDir	TSelectDir::direct()	99.831	708	0xd0	0x50	0x80	30	mixed	0x28>0x9c 0x29>0x9d 0x2a>0x9e 0x2b>0x9f 0x2c>0xa0 0x30>0xa4 0x31>0xa5 0x32>0xa6 0x33>0xa7 0x34>0xa8 0x35>0xa9 0x36>0xaa 0x37>0xab 0x38>0xac 0x3c>0xb4 0x44>0xc4 0x48>0xc8
mario/GC2D/SelectShine2	TSelectShine::TSelectShine(J3DModelData*, J3DAnmColor*, JPAEmitterManager*, JGeometry::TVec3<float>&, short, unsigned char, float, float, float)	99.828	696	0x108	0xd8	0x30	30	mixed	0x50>0x4c 0x54>0x50 0x58>0x54 0x5c>0x8c 0x60>0x90 0x64>0x94 0x68>0x98 0x98>0xc8 0x9c>0xcc 0xa4>0xd4 0xc0>0xf0 0xc8>0xf8 0xd0>0x100
mario/GC2D/hx_wiper	Hx_Test5	99.821	1272	0x110	0x108	0x8	57	mixed	0x2c>0x48 0x30>0x44 0x48>0x50 0x50>0x58 0x54>0x5c 0x58>0x60 0x5c>0x64 0x60>0x68 0x80>0x88 0x88>0x90 0x90>0x98 0x98>0xa0 0xa0>0xa8 0xa8>0xb0 0xb0>0xb8 0xb8>0xc0 0xc0>0xc8 0xc8>0xd0 0xd0>0xd8 0xd8>0xe0 
mario/GC2D/Option	TOptionControl::checkInput()	99.981	1076	0xc8	0x70	0x58	5	all-shift(low region)	0x5c>0xb4
mario/Map/Map	initMonte()	99.795	448	0xe8	0x98	0x50	23	mixed	0x3c>0x90 0x40>0x94 0x48>0x9c 0x4c>0xa0 0x78>0xcc 0x7c>0xd0 0x80>0xd4 0x8c>0xdc 0x90>0xe0
mario/Map/Map	initMare()	99.654	752	0x148	0x130	0x18	65	mixed	0x74>0x98 0x78>0x9c 0x7c>0xa0 0x80>0xa4 0x84>0xa8 0x88>0xac 0x8c>0xb0 0x90>0xb4 0x98>0xbc 0x9c>0xc0 0xa4>0xc8 0xa8>0xcc 0xb0>0xd4 0xb4>0xd8 0xbc>0xe0 0xc0>0xe4 0xcc>0xf0 0xd0>0xf4 0xd8>0xfc 0xdc>0x100
mario/Map/Map	initStageCommon()	99.636	736	0x1d0	0x158	0x78	67	mixed	0x88>0xfc 0x8c>0x100 0x90>0x104 0x94>0x108 0x98>0x10c 0x9c>0x110 0xa0>0x114 0xa4>0x118 0xac>0x120 0xb0>0x124 0xb8>0x12c 0xbc>0x130 0xc4>0x138 0xc8>0x13c 0xd0>0x144 0xd4>0x148 0xe4>0x158 0xe8>0x15c 0xf
mario/Map/Map	initStage()	99.935	432	0x70	0x38	0x38	7	all-shift(low region)	0x30>0x68
mario/Map/Map	TMap::update()	99.941	612	0x110	0x70	0xa0	9	all-shift(low region)	0x64>0x104 0x68>0x108
mario/Map/MapEventSink	TMapEventSinkInPollution::loadAfter()	99.763	152	0xb8	0xa0	0x18	9	all-shift(low region)	0x94>0xac 0x98>0xb0
mario/Map/MapEventSink	TMapEventSinkInPollutionReset::loadAfter()	99.883	308	0x158	0x120	0x38	9	all-shift(low region)	0x114>0x14c 0x118>0x150
mario/Map/MapMakeData	TMapCollisionBase::updateTrans(const JGeometry::TVec3<float>&)	99.706	408	0x70	0x58	0x18	30	mixed	0x20>0x2c 0x24>0x30 0x28>0x34 0x2c>0x44 0x30>0x48 0x34>0x4c 0x38>0x50 0x3c>0x54 0x40>0x58 0x44>0x5c 0x48>0x60 0x50>0x68
mario/Map/MapMakeList	TMapCollisionData::updateCheckListNode(long, long, long)	99.922	256	0x60	0x48	0x18	5	all-shift(low region)	0x28>0x40
mario/Map/MapMakeList	TMapCollisionData::removeCheckListData(unsigned short, long)	99.967	608	0x70	0x48	0x28	5	all-shift(low region)	0x28>0x50
mario/Map/MapWire	TMapWire::drawUpper() const	99.882	304	0x58	0x40	0x18	9	all-shift(low region)	0x2c>0x44 0x30>0x48 0x38>0x50
mario/Map/MapEventMare	TMareEventDepressWall::depressing()	99.938	1100	0xe8	0xc0	0x28	17	mixed	0x60>0x9c 0x64>0xa0 0x68>0xa4 0x78>0xa8 0x7c>0xac 0x80>0xb0 0x90>0xb8 0xb0>0xd8 0xb8>0xe0
mario/MoveBG/MapObjInit	TMapObjBase::initUnique()	99.979	2116	0x2d8	0x100	0x1d8	11	all-shift(low region)	0xf0>0x2c8 0xf4>0x2cc 0xf8>0x2d0
mario/MoveBG/MapObjLib	TMapObjBase::rotateVecByAxisY(JGeometry::TVec3<float>*, float)	99.776	268	0xd0	0xf0	-0x20	15	all-shift(low region)	0xc4>0xa4 0xc8>0xa8 0xd0>0xb0 0xd8>0xb8 0xe0>0xc0 0xe8>0xc8
mario/MoveBG/Item	TShine::control()	99.953	1536	0xf8	0xa8	0x50	18	mixed	0x6c>0xa0 0x78>0xdc 0x79>0xde 0x7a>0xdd 0x7b>0xdf 0x98>0xe8 0x9c>0xec 0xa0>0xf0
mario/MoveBG/Item	TEggYoshi::decideRandomLoveFruit()	99.872	312	0x68	0x28	0x40	10	all-shift(low region)	0x10>0x50 0x14>0x54 0x18>0x58 0x1c>0x5c
mario/MoveBG/MapObjBianco	TBiancoWatermillVertical::TBiancoWatermillVertical(const char*)	99.800	100	0x28	0x18	0x10	5	regsave-only	
mario/MoveBG/MapObjBianco	TLampSeesawMain::loadAfter()	99.898	196	0x90	0x88	0x8	5	all-shift(low region)	0x6c>0x74
mario/MoveBG/MapObjSirena	TPictureTelesa::touchActor(THitActor*)	99.921	356	0x28	0x30	-0x8	7	all-shift(low region)	0x28>0x20
mario/MoveBG/MapObjMamma	TLeanMirror::draw() const	99.477	352	0x58	0x50	0x8	46	mixed	0x1c>0x30 0x20>0x34 0x24>0x38 0x28>0x24 0x2c>0x28 0x30>0x2c 0x34>0x3c 0x38>0x40 0x3c>0x44
mario/MoveBG/MapObjMamma	TLeanMirror::load(JSUMemoryInputStream&)	99.848	316	0xd0	0xa0	0x30	12	all-shift(low region)	0x10>0x40 0x50>0x80 0x90>0xc0 0x98>0xc8
mario/MoveBG/MapObjMamma	TMammaBlockRotate::initMapObj()	99.840	376	0x138	0xc8	0x70	15	all-shift(low region)	0xac>0x11c 0xb0>0x120 0xb4>0x124 0xbc>0x12c 0xc0>0x130
mario/MoveBG/MapObjMamma	TSandBird::control()	99.938	580	0x78	0x48	0x30	9	all-shift(low region)	0x3c>0x6c 0x40>0x70
mario/MoveBG/MapObjMamma	TMammaMirrorMapOperator::TMammaMirrorMapOperator(const char*)	99.913	412	0x30	0x38	-0x8	9	all-shift(low region)	0x2c>0x24 0x30>0x28
mario/MoveBG/MapObjPinna	TPinnaShell::control()	99.891	884	0xb0	0x80	0x30	24	mixed	0x40>0x64 0x44>0x68 0x48>0x6c 0x4c>0x70 0x50>0x74 0x54>0x78 0x58>0x7c 0x5c>0x80 0x60>0x84 0x64>0x88 0x68>0x8c 0x6c>0x90 0x70>0xa0 0x74>0xa4
mario/MoveBG/MapObjPinna	TAmiKing::moveObject()	99.922	872	0xd8	0x88	0x50	17	mixed	0x58>0xa0 0x5c>0xa4 0x6c>0xac 0x70>0xb0 0x74>0xb4 0x7c>0xcc 0x80>0xd0
mario/MoveBG/MapObjMare	TCogwheel::initDraw() const	99.962	524	0x80	0x88	-0x8	5	regsave-only	
mario/MoveBG/MapObjMare	TWireBell::initDraw() const	99.962	524	0x80	0x88	-0x8	5	regsave-only	
mario/MoveBG/MapObjBall	TMapObjBall::kicked()	99.815	540	0xb8	0x78	0x40	25	mixed	0x3c>0x70 0x40>0x74 0x44>0x78 0x48>0x7c 0x4c>0x80 0x50>0x84 0x54>0x88 0x58>0x8c 0x5c>0x90 0x60>0xa0 0x64>0xa4 0x68>0xa8 0x6c>0xac 0x70>0xb0
mario/MoveBG/MapObjBall	TResetFruit::control()	99.947	1584	0xf8	0x90	0x68	21	mixed	0x3c>0xc0 0x40>0xc4 0x44>0xc8 0x48>0x90 0x64>0xac 0x7c>0xe4 0x80>0xe8 0x84>0xec 0x88>0xf0
mario/MoveBG/ModelGate	TModelGate::loadAfter()	99.952	2168	0x2b0	0x268	0x48	26	mixed	0x94>0xd0 0x98>0xd4 0xa4>0xec 0xa8>0xf0 0xf0>0x124 0xf4>0x128 0x110>0x14c 0x140>0x188 0x144>0x18c 0x14c>0x194 0x254>0x29c
mario/MoveBG/MapObjFence	TFenceWaterH::control()	99.624	712	0xf8	0x128	-0x30	67	all-shift(low region)	0x90>0x60 0x94>0x64 0x98>0x68 0x9c>0x6c 0xa0>0x70 0xa4>0x74 0xa8>0x78 0xac>0x7c 0xb0>0x80 0xb4>0x84 0xb8>0x88 0xbc>0x8c 0xc0>0x90 0xc4>0x94 0xc8>0x98 0xcc>0x9c 0xd0>0xa0 0xd4>0xa4 0xd8>0xa8 0xdc>0xac 
mario/MoveBG/MapObjRailBlock	TRailBlock::control()	99.809	1380	0x1b0	0x158	0x58	66	mixed	0x90>0xcc 0x94>0xd0 0x98>0xd4 0x9c>0xd8 0xa0>0xdc 0xa4>0xe0 0xb8>0x110 0xc4>0x11c 0xc8>0x120 0xcc>0x124 0xd0>0x128 0xd4>0x12c 0xd8>0x130 0xdc>0x134 0xe0>0x138 0xe4>0x13c 0xe8>0x140 0x120>0x178 0x124>0
mario/MoveBG/MapObjMonte	THangingBridge::initDraw() const	99.872	596	0xf0	0xd8	0x18	19	mixed	0x1c>0x38 0x20>0x3c 0x24>0x40 0x4c>0x68 0x74>0x90 0x78>0x94 0xa0>0xbc 0xc8>0xe4
mario/MoveBG/MapObjMonte	TSwingBoard::initDraw() const	99.962	524	0x80	0x88	-0x8	5	regsave-only	
mario/MoveBG/MapObjMonte	TSwingBoard::control()	99.873	756	0x118	0x70	0xa8	24	mixed	0x20>0xd0 0x24>0xd4 0x28>0xd8 0x2c>0xdc 0x30>0xe0 0x34>0xe4 0x38>0xe8 0x3c>0xec 0x40>0xf0 0x44>0xf4 0x48>0xf8 0x4c>0xfc 0x58>0x100 0x5c>0x104 0x60>0x108 0x68>0x110
mario/MoveBG/MapObjMonte	TSwingBoard::load(JSUMemoryInputStream&)	99.844	540	0x40	0x68	-0x28	21	all-shift(low region)	0x50>0x28 0x54>0x2c 0x58>0x30 0x5c>0x34 0x60>0x38
mario/MoveBG/MapObjMonte	TFluff::move()	99.923	572	0x78	0x28	0x50	11	all-shift(low region)	0x14>0x64 0x18>0x68 0x1c>0x6c
mario/MoveBG/MapObjMonte	TFluffManager::loadAfter()	99.822	964	0x78	0x88	-0x10	43	mixed	0x44>0x30 0x48>0x34 0x4c>0x38 0x50>0x40 0x54>0x44 0x58>0x48 0x5c>0x4c 0x60>0x50 0x64>0x54 0x6c>0x5c 0x70>0x60 0x74>0x64 0x78>0x68 0x80>0x70
mario/MoveBG/MapObjItem2	TMushroom1up::control()	99.806	1072	0x88	0x80	0x8	52	mixed	0x40>0x44 0x44>0x48 0x48>0x4c 0x60>0x68 0x64>0x6c 0x68>0x70 0x6c>0x74 0x74>0x7c 0x78>0x80
mario/NPC/NpcNerve	TNerveNPCTurnToMario::execute(TSpineBase<TLiveActor>*) const	99.872	872	0xb0	0x88	0x28	28	mixed	0x44>0x88 0x48>0x8c 0x4c>0x90 0x50>0x78 0x54>0x7c 0x58>0x80 0x70>0x98 0x74>0x9c 0x78>0xa0 0x7c>0xa4 0x80>0xa8
mario/Strategic/ObjHitCheck	TObjHitCheck::entryGroup(TIdxGroupObj*)	99.763	472	0xe0	0xd8	0x8	28	mixed	0x9c>0xa8 0xa0>0xac 0xa8>0xb0 0xac>0xb4 0xb0>0xb8 0xb4>0xbc 0xb8>0xc0 0xc0>0xc8 0xc8>0xd0 0xd0>0xd8
mario/Strategic/ObjHitCheck	TObjHitCheck::checkActorsHit()	99.896	844	0xd8	0xb8	0x20	22	mixed	0x90>0x94 0x94>0x98 0x98>0x9c 0x9c>0xa0 0xac>0xcc 0xb0>0xd0
mario/Strategic/ObjHitCheck	TObjHitCheck::clearHitNum()	99.651	1044	0x228	0x1f8	0x30	91	mixed	0x104>0x108 0x108>0x10c 0x10c>0x114 0x110>0x118 0x114>0x120 0x118>0x124 0x11c>0x12c 0x120>0x130 0x124>0x138 0x128>0x13c 0x134>0x14c 0x138>0x150 0x13c>0x154 0x140>0x158 0x154>0x170 0x158>0x174 0x15c>0x
mario/MarioUtil/DrawUtil	TTrembleModelEffect::movement()	99.889	1220	0x130	0x138	-0x8	34	mixed	0xfc>0x7c 0x100>0x80 0x104>0x84 0x108>0x90 0x10c>0x94 0x110>0x10c 0x114>0x110 0x118>0x114 0x11c>0x118 0x11e>0x11a 0x120>0x11c 0x128>0x120 0x12c>0x124 0x130>0x128
mario/MarioUtil/LightUtil	TLightCommon::perform(unsigned long, JDrama::TGraphics*)	99.857	308	0x80	0x70	0x10	11	mixed	0x18>0x24 0x5c>0x6c
mario/MarioUtil/ShadowUtil	TMBindShadowManager::request(const TCircleShadowRequest&, unsigned long)	99.866	808	0x70	0x48	0x28	27	mixed	0x18>0x30 0x1c>0x34 0x24>0x44 0x28>0x48 0x2c>0x4c 0x34>0x5c 0x38>0x60 0x3c>0x64 0x40>0x68
mario/MarioUtil/ShadowUtil	TMBindShadowManager::forceRequest(const TCircleShadowRequest&, unsigned long)	99.500	304	0x58	0x40	0x18	23	mixed	0x0>0x14 0x4>0x18 0x8>0x1c 0x20>0x14 0x24>0x18 0x28>0x1c 0x30>0x48 0x34>0x4c 0x38>0x50
mario/M3DUtil/MActorData	MActorAnmData::MActorAnmData()	99.880	100	0x20	0x10	0x10	3	regsave-only	
mario/Player/MarioAutodemo	TMario::warpIn()	99.792	1228	0xf8	0xf0	0x8	64	mixed	0x84>0x5c 0x88>0x60 0x8c>0x64 0x90>0x98 0x94>0x9c 0x98>0xa0 0x9c>0x68 0xa0>0x6c 0xa4>0x70 0xa8>0x74 0xac>0x78 0xb0>0x7c 0xb4>0xc0 0xb8>0xc4 0xbc>0xc8 0xc8>0xd0 0xcc>0xd4 0xd0>0xd8 0xd8>0xe0 0xdc>0xe4 
mario/Player/MarioAutodemo	TMario::warpOut()	99.937	700	0x38	0x28	0x10	11	all-shift(low region)	0x10>0x20 0x14>0x24 0x18>0x28 0x1c>0x2c
mario/Player/MarioCap	TMarioCap::perform(unsigned long, JDrama::TGraphics*)	99.930	1668	0x1e0	0x178	0x68	29	mixed	0x140>0x174 0x144>0x178 0x148>0x17c 0x14c>0x1ac 0x150>0x1b0 0x154>0x1b4 0x160>0x1c8 0x164>0x1cc 0x16c>0x1d4 0x170>0x1d8
mario/Player/MarioCollision	TMario::incHP(int)	99.857	280	0x50	0x30	0x20	10	all-shift(low region)	0x20>0x40 0x24>0x44 0x28>0x48
mario/Player/MarioCollision	TMario::calcDamagePos(const JGeometry::TVec3<float>&)	99.489	376	0x80	0x98	-0x18	48	mixed	0x44>0x20 0x48>0x24 0x4c>0x28 0x5c>0x48 0x60>0x4c 0x64>0x50 0x68>0x2c 0x6c>0x30 0x70>0x34 0x74>0x3c 0x78>0x40 0x7c>0x44 0x80>0x6c 0x84>0x70 0x88>0x74
mario/Player/MarioJump	TMario::jumpingBasic(int, int, int)	99.988	1668	0xa0	0x58	0x48	5	all-shift(low region)	0x44>0x8c
mario/Player/MarioJump	TMario::jumpMain()	99.985	4224	0x88	0x60	0x28	16	mixed	0x34>0x60 0x38>0x64 0x3c>0x68 0x54>0x7c 0x58>0x80
mario/Player/MarioMove	TMario::checkWallPlane(Vec*, float, float)	99.692	312	0x78	0x88	-0x10	24	mixed	0x44>0x30 0x48>0x34 0x4c>0x38 0x50>0x3c 0x54>0x40 0x58>0x44 0x5c>0x48 0x70>0x60 0x74>0x64 0x78>0x68 0x7c>0x6c 0x80>0x70
mario/Player/MarioRun	TMario::getSlideStickMult()	99.881	168	0x48	0x28	0x20	5	regsave-only	
mario/Player/MarioRun	TMario::moveMain()	99.983	2588	0x60	0x50	0x10	11	all-shift(low region)	0x40>0x50 0x44>0x54 0x48>0x58
mario/Player/MarioSpecial	TMario::getOnWirePosAngle(JGeometry::TVec3<float>*, short*)	99.516	488	0x148	0x150	-0x8	59	mixed	0x54>0x2c 0x58>0x30 0x5c>0x34 0x68>0x50 0x6c>0x54 0x70>0x58 0x74>0x38 0x78>0x3c 0x7c>0x40 0x80>0x44 0x84>0x48 0x88>0x4c 0x8c>0x74 0x90>0x78 0x94>0x7c 0x98>0x80 0xc8>0xb0 0xf8>0xe0 0x128>0x114 0x12c>0x
mario/Player/MarioSpecial	TMario::wireMove(float)	99.692	312	0x68	0x58	0x10	24	mixed	0x20>0x18 0x24>0x1c 0x28>0x20 0x30>0x34 0x34>0x38 0x38>0x3c 0x3c>0x4c 0x40>0x50 0x44>0x54 0x4c>0x5c 0x50>0x60
mario/Player/MarioSpecial	TMario::wireWait()	99.797	1104	0x158	0x148	0x10	56	mixed	0x44>0x2c 0x58>0x54 0x5c>0x58 0x60>0x5c 0x64>0x6c 0x68>0x70 0x6c>0x74 0x70>0x7c 0xa0>0xac 0xd0>0xdc 0x100>0x10c 0x104>0x110 0x108>0x114 0x10c>0x44 0x110>0x48 0x114>0x4c 0x118>0x38 0x11c>0x3c 0x120>0x4
mario/Player/MarioSpecial	TMario::wireHanging()	99.853	1524	0x198	0x190	0x8	56	mixed	0x7c>0x60 0x98>0x94 0x9c>0x98 0xa0>0x9c 0xa4>0xa0 0xa8>0xa4 0xac>0xb4 0xb0>0xb8 0xb4>0xbc 0xb8>0xc4 0xe8>0xf4 0x118>0x124 0x148>0x154 0x14c>0x158 0x150>0x15c 0x154>0x78 0x158>0x7c 0x15c>0x80 0x160>0x6
mario/Player/Tongue	TYoshiTongue::emit(const JGeometry::TVec3<float>&, const JGeometry::TVec3<float>&, const JGeometry::TVec3<float>&)	99.733	404	0x60	0x58	0x8	27	mixed	0x2c>0x24 0x30>0x28 0x34>0x2c 0x38>0x3c 0x3c>0x40 0x40>0x44 0x44>0x30 0x48>0x34 0x4c>0x38 0x50>0x58
mario/Player/Tongue	TYoshiTongue::findTarget(bool, bool)	99.736	788	0xe0	0xc0	0x20	52	mixed	0x38>0x34 0x3c>0x38 0x40>0x3c 0x48>0x60 0x4c>0x64 0x50>0x68 0x54>0x70 0x58>0x74 0x5c>0x78 0x64>0x84 0x88>0xa8 0x90>0xb0 0x98>0xb8 0xa0>0xc0 0xa8>0xc8 0xb0>0xd0 0xb8>0xd8
mario/Player/WaterGun	TWaterGun::perform(unsigned long, JDrama::TGraphics*)	99.940	332	0xb0	0x58	0x58	5	all-shift(low region)	0x40>0x98
mario/Player/Yoshi	TYoshi::init(TMario*)	99.966	2724	0x290	0x270	0x20	23	all-shift(low region)	0x248>0x268 0x24c>0x26c 0x250>0x270 0x254>0x274 0x258>0x278 0x25c>0x27c 0x260>0x280 0x264>0x284 0x268>0x288
mario/Player/Yoshi	TYoshi::appearFromEgg(const JGeometry::TVec3<float>&, float, TEggYoshi*)	99.867	392	0x50	0x48	0x8	13	all-shift(low region)	0x30>0x38 0x34>0x3c 0x38>0x40 0x3c>0x44 0x40>0x48
mario/Player/Yoshi	TYoshi::doSearch()	99.741	1376	0x158	0x110	0x48	89	mixed	0x60>0xc4 0x6c>0xd0 0x78>0xe0 0x7c>0xe4 0x80>0xe8 0x84>0xec 0x88>0xf0 0x8c>0xf4 0x90>0x88 0x94>0x8c 0x98>0x90 0x9c>0xf8 0xa8>0x104 0xb4>0x114 0xb8>0x118 0xbc>0x11c 0xc0>0x120 0xc4>0x124 0xc8>0x128 0xc
mario/Player/Yoshi	TYoshi::entry()	99.945	800	0x148	0x158	-0x10	11	all-shift(low region)	0x120>0x110 0x124>0x114 0x128>0x118 0x12c>0x11c 0x130>0x120 0x134>0x124 0x138>0x128
mario/Player/ModelWaterManager	TModelWaterManager::drawSilhouette(float(*)[4])	99.865	1004	0xb0	0x90	0x20	34	mixed	0x1c>0x38 0x1d>0x39 0x1e>0x3a 0x1f>0x3b 0x20>0x3c 0x24>0x40 0x27>0x43 0x28>0x44 0x2c>0x48 0x30>0x4c 0x34>0x50 0x35>0x51 0x36>0x52 0x37>0x53 0x38>0x54 0x68>0x88 0x6c>0x8c 0x70>0x90 0x74>0x94 0x7c>0x9c
mario/Player/MarioReceiveMsg	TMario::receiveMessage(THitActor*, unsigned long)	99.984	8900	0x220	0x1a8	0x78	35	mixed	0x164>0x194 0x168>0x198 0x16c>0x19c 0x170>0x1a0 0x174>0x1a4 0x178>0x1a8 0x17c>0x1f0 0x180>0x1f4 0x184>0x1f8 0x188>0x200 0x18c>0x204 0x190>0x208 0x194>0x20c 0x19c>0x214 0x1a0>0x218
mario/System/EventWatcher	evGetTalkMode(TSpcTypedInterp<TEventWatcher>*, unsigned long)	99.763	152	0x38	0x40	-0x8	9	mixed	0x2c>0x20 0x30>0x24
mario/System/EventWatcher	evSetAttentionTime(TSpcTypedInterp<TEventWatcher>*, unsigned long)	99.804	184	0x70	0x58	0x18	9	mixed	0x34>0x40 0x38>0x44
mario/System/EventWatcher	evSetPollutionIncreaseCount(TSpcTypedInterp<TEventWatcher>*, unsigned long)	99.804	184	0x70	0x58	0x18	9	mixed	0x30>0x40 0x34>0x44
mario/System/EventWatcher	evGetRestTime(TSpcTypedInterp<TEventWatcher>*, unsigned long)	99.800	220	0x30	0x38	-0x8	11	mixed	0x24>0x20 0x28>0x24 0x30>0x28
mario/System/GCLogoDir	TGCLogoDir::direct()	99.787	356	0x78	0x48	0x30	19	mixed	0x20>0x50 0x21>0x51 0x22>0x52 0x23>0x53 0x24>0x58 0x28>0x5c 0x2c>0x60 0x30>0x64 0x3c>0x6c 0x40>0x70
mario/System/MarDirectorDirect	decideNextStage()	99.649	228	0x50	0x48	0x8	20	mixed	0x38>0x3c 0x39>0x3d 0x3a>0x3e 0x40>0x48
mario/System/MarDirectorDirect	TMarDirector::currentStateFinalize(unsigned char)	99.950	720	0x120	0x90	0x90	9	all-shift(low region)	0x84>0x114 0x88>0x118
mario/System/MarDirectorEvent	TMarDirector::findNearestTalkNPC()	99.958	192	0x58	0x50	0x8	2	regsave-only	
mario/System/MarDirectorEvent	TMarDirector::setNextStage(unsigned short, JDrama::TActor*)	99.660	400	0x50	0x40	0x10	34	mixed	0x1c>0x20 0x20>0x24 0x24>0x28 0x28>0x2c 0x2c>0x38 0x2d>0x39 0x2e>0x3a 0x30>0x40 0x34>0x44 0x38>0x48
mario/System/MenuDir	TMenuDirector::setup(JDrama::TDisplay*, TMarioGamePad*)	99.787	300	0x58	0x40	0x18	16	mixed	0x14>0x20 0x18>0x24 0x1c>0x28 0x20>0x30 0x24>0x38 0x28>0x40
mario/System/MenuDir	TMenuDirector::rsetup()	99.770	2316	0x2f0	0x298	0x58	133	mixed	0xd0>0xf4 0xd4>0xf8 0xd8>0x100 0xdc>0x104 0xe0>0x108 0xe4>0x10c 0xe8>0x110 0xec>0x114 0xf0>0x118 0xf4>0x11c 0xf8>0x120 0xfc>0x124 0x100>0x128 0x104>0x12c 0x108>0x130 0x10c>0x134 0x110>0x138 0x11c>0x15
mario/System/MenuDir	TMenuDirector::direct()	99.963	2296	0x128	0x78	0xb0	21	mixed	0x18>0x78 0x1c>0x7c 0x24>0x94 0x28>0x98 0x50>0x100 0x51>0x101 0x52>0x102 0x54>0x104 0x5c>0x10c
mario/System/MenuDir	TMenuDirector::setFixedStageValue()	99.926	1080	0x58	0x38	0x20	20	mixed	0xc>0x28 0x10>0x2c 0x14>0x30 0x18>0x34 0x1c>0x38 0x20>0x3c 0x24>0x40 0x28>0x44 0x2c>0x48 0x30>0x4c
mario/System/PerformList	TPerformList::perform(unsigned long, JDrama::TGraphics*)	99.333	216	0xe8	0xc0	0x28	36	mixed	0x6c>0x90 0x70>0x94 0x74>0xa4 0x78>0xa8 0x84>0xb0 0x88>0xb4 0x90>0xb8 0x94>0xbc 0x98>0xc0 0xa8>0xd0 0xac>0xd4 0xb0>0xd8 0xb4>0xdc 0xb8>0xe0
mario/System/Application	TApplication::TApplication()	99.635	208	0x40	0x30	0x10	19	mixed	0xc>0x14 0x10>0x18 0x14>0x1c 0x18>0x20 0x1c>0x24 0x20>0x28 0x28>0x38
mario/System/Application	TApplication::checkAdditionalMovie()	99.926	484	0x58	0x20	0x38	9	all-shift(low region)	0x14>0x4c 0x18>0x50
mario/System/Application	TApplication::proc()	99.982	1104	0xc8	0x78	0x50	5	all-shift(low region)	0x5c>0xac
mario/System/CardManager	TCardManager::copyTo(TCardManager::TCriteria*, TCardBookmarkInfo*)	99.796	412	0x98	0xa0	-0x8	21	mixed	0x50>0x30 0x52>0x32 0x54>0x34 0x58>0x60 0x5c>0x64 0x68>0x38 0x6c>0x5c 0x70>0x68 0x8c>0x84
mario/System/CardManager	TCardManager::writeBlock_(unsigned long)	99.926	544	0x70	0x58	0x18	10	mixed	0x2c>0x40 0x40>0x58
mario/System/MovieDirector	TMovieDirector::setup(JDrama::TDisplay*, TMarioGamePad*)	99.792	308	0x58	0x40	0x18	16	mixed	0x14>0x20 0x18>0x24 0x1c>0x28 0x20>0x30 0x24>0x38 0x28>0x40
mario/System/MSoundMainSide	MSMainProc::setMSoundEnterStage(unsigned char, unsigned char)	99.992	2512	0x88	0x40	0x48	5	all-shift(low region)	0x1c>0x64
mario/System/MSoundMainSide	MSStage::init(unsigned char, unsigned char)	99.952	924	0x80	0x28	0x58	11	all-shift(low region)	0x10>0x68 0x14>0x6c 0x18>0x70 0x20>0x78
mario/JSystem/JAudio/JALibrary/JALModSe	JALSystem::append(JALSystem::ModType, const char*, unsigned long, float, float, float, float, float, JALCalc::CurveSign, float, float, unsigned char)	99.849	1484	0x130	0xc8	0x68	56	all-shift(low region)	0x70>0xd8 0x74>0xdc 0x78>0xe0 0x7c>0xe4 0x80>0xe8 0x84>0xec 0x88>0xf0 0x90>0xf8 0xa8>0x110 0xb0>0x118 0xb8>0x120 0xc0>0x128
mario/JSystem/JAudio/JASystem/JASChannel	JASystem::Driver::__UpdateJcToDSP(JASystem::TChannel*)	99.890	328	0x30	0x20	0x10	9	all-shift(low region)	0x14>0x24 0x18>0x28
mario/JSystem/JAudio/JASystem/JASChannel	JASystem::Driver::__UpdateJcToDSPInit(JASystem::TChannel*)	99.864	264	0x30	0x20	0x10	9	all-shift(low region)	0x14>0x24 0x18>0x28
mario/JSystem/JAudio/JASystem/JASChannel	JASystem::Driver::updatecallDSPChannel(JASystem::TDSPChannel*, unsigned long)	99.979	932	0x48	0x30	0x18	5	all-shift(low region)	0x1c>0x34
mario/JSystem/JAudio/JASystem/JASTrack	JASystem::TTrack::writeRegDirect(unsigned char, unsigned short)	99.784	204	0x28	0x20	0x8	11	all-shift(low region)	0x10>0x18 0x14>0x1c 0x18>0x20
mario/JSystem/JParticle/JPAEmitter	JPABaseEmitter::JPABaseEmitter()	99.929	280	0x28	0x20	0x8	5	regsave-only	
mario/JSystem/JParticle/JPAEmitter	JPABaseEmitter::deleteAllParticle()	99.792	212	0x40	0x48	-0x8	11	all-shift(low region)	0x38>0x30 0x3c>0x34 0x40>0x38
mario/JSystem/JParticle/JPAEmitter	JPABaseEmitter::loadBaseEmitterBlock(JPADataBlock*)	99.810	968	0x58	0x50	0x8	46	all-shift(low region)	0x18>0x20 0x1c>0x24 0x30>0x38 0x34>0x3c 0x38>0x40 0x3c>0x44 0x42>0x4a 0x48>0x50
mario/JSystem/JParticle/JPAEmitter	JPABaseEmitter::calcKeyFrameAnime()	99.845	464	0x88	0x98	-0x10	18	all-shift(low region)	0x50>0x40 0x54>0x44 0x58>0x48 0x5c>0x4c 0x60>0x50 0x64>0x54 0x68>0x58 0x90>0x80
mario/JSystem/JParticle/JPAField	JPABaseField::loadFieldBlock(JPADataBlock*)	99.927	604	0x50	0x48	0x8	11	all-shift(low region)	0x38>0x40 0x3c>0x44 0x40>0x48
mario/JSystem/JParticle/JPADrawVisitor	dirTypePrevPtcl(JPABaseParticle*, JPABaseEmitter*, JGeometry::TVec3<float>&)	99.738	168	0x68	0x58	0x10	11	all-shift(low region)	0x3c>0x4c 0x40>0x50 0x48>0x58 0x50>0x60
mario/JSystem/JParticle/JPADrawVisitor	JPADrawExecLine::exec(const JPADrawContext*, JPABaseParticle*)	99.634	448	0x78	0x70	0x8	41	mixed	0x44>0x40 0x48>0x44 0x4c>0x48 0x54>0x5c 0x58>0x60 0x60>0x68 0x68>0x70
