13064	99.19	operand	0	0	0	658	310	10	GC2D/CardSave	TCardSave::execMovement_()	target r1, -0x5e8(r1) / ours r1, -0x540(r1)
8900	99.98	stack	0	0	0	35	0	0	Player/MarioReceiveMsg	TMario::receiveMessage(THitActor*, unsigned long)	target r1, -0x220(r1) / ours r1, -0x1a8(r1)
7452	100.0	stack	0	0	0	4	0	0	System/MarNameRefGen	TMarNameRefGen::getNameRef(const char*) const	target r1, -0x178(r1) / ours r1, -0x178(r1)
6796	99.37	instr	1	1	0	466	67	1	GC2D/CardSave	TCardSave::waitForChoiceBM(TEProgress, TEProgress, signed char)	target r1, -0x498(r1) / ours r1, -0x438(r1)
6580	99.27	instr	1	1	0	504	79	1	GC2D/CardSave	TCardSave::waitForChoice(TEProgress, TEProgress, signed char)	target r1, -0x428(r1) / ours r1, -0x410(r1)
6480	99.4	instr	1	1	0	331	72	1	GC2D/CardLoad	TCardLoad::selectFunction()	target r1, -0x498(r1) / ours r1, -0x430(r1)
6060	99.68	operand	0	0	0	270	39	3	GC2D/SelectMenu	TSelectMenu::perform(unsigned long, JDrama::TGraphics*)	target r1, -0x7b0(r1) / ours r1, -0x708(r1)
5956	99.96	stack	0	0	0	61	0	0	GC2D/CardLoad	TCardLoad::changeScene()	target r1, -0x1e0(r1) / ours r1, -0x178(r1)
5128	99.64	instr	1	0	0	165	38	0	GC2D/GCConsole2	TGCConsole2::loadAfter()	target r1, -0x610(r1) / ours r1, -0x4b0(r1)
4952	99.23	stack+reg	0	0	0	21	142	0	GC2D/CardLoad	TCardLoad::load(JSUMemoryInputStream&)	target r1, -0x240(r1) / ours r1, -0x220(r1)
4828	100.0	stack	0	0	0	2	0	0	MSound/MSoundSE	MSoundSESystem::MSoundSE::construct()	target r1, -0xa0(r1) / ours r1, -0xa0(r1)
4712	99.9	instr	0	1	0	0	1	1	GC2D/CardSave	TCardSave::initData(TMarioGamePad*)	target r1, -0x188(r1) / ours r1, -0x188(r1)
4464	99.31	instr	2	2	0	234	17	2	GC2D/CardLoad	TCardLoad::waitForChoiceBM(TEProgress, TEProgress, int)	target r1, -0x468(r1) / ours r1, -0x3f8(r1)
4432	99.75	operand	0	0	0	31	42	1	Enemy/enemyMario	TEnemyMario::initEnemyValues()	target r1, -0x590(r1) / ours r1, -0x4f0(r1)
4384	99.63	operand	0	0	0	365	1	3	GC2D/SelectDir	TSelectDir::rsetup()	target r1, -0x648(r1) / ours r1, -0x610(r1)
4224	99.98	stack	0	0	0	16	0	0	Player/MarioJump	TMario::jumpMain()	target r1, -0x88(r1) / ours r1, -0x60(r1)
3984	99.64	stack+reg	0	0	0	41	53	0	Player/MarioDraw	TMario::initModel()	target r1, -0x5c0(r1) / ours r1, -0x4f0(r1)
3900	99.09	stack+reg	0	0	0	27	130	0	GC2D/CardLoad	TCardLoad::selectBookmark(TEProgress, TEProgress, bool)	target r1, -0x200(r1) / ours r1, -0x200(r1)
3892	99.48	instr	0	2	0	70	38	1	GC2D/SelectMenu	TSelectMenu::initData(unsigned char, JKRArchive*, TSelectShineManager*, TSelectDir*)	target r1, -0x538(r1) / ours r1, -0x518(r1)
3776	99.88	instr	0	1	0	0	1	1	GC2D/GCConsole2	TGCConsole2::load(JSUMemoryInputStream&)	target r1, -0x118(r1) / ours r1, -0x118(r1)
3740	99.61	instr	1	1	0	33	2	0	JSystem/JAudio/JAInterface/JAIGFrameSequence	JAIBasic::checkPlayingSeqTrack(unsigned long)	target r1, -0x98(r1) / ours r1, -0xa0(r1)
3624	99.94	stack	0	0	0	57	0	0	GC2D/CardLoad	TCardLoad::perform(unsigned long, JDrama::TGraphics*)	target r1, -0x380(r1) / ours r1, -0x318(r1)
3380	99.66	instr	1	1	0	73	3	0	Player/Yoshi	TYoshi::movement()	target r1, -0x240(r1) / ours r1, -0x1b8(r1)
3340	99.85	stack	0	0	0	69	0	0	Enemy/bosstelesa	TBossTelesa::loadAfter()	target r1, -0x370(r1) / ours r1, -0x338(r1)
3176	99.81	operand	0	0	0	19	24	2	NPC/NpcAnm	TBaseNPC::npcWetting()	target r1, -0x160(r1) / ours r1, -0x100(r1)
3168	99.53	instr	1	1	0	40	1	0	GC2D/Guide	TGuide::linkSelect()	target r1, -0x140(r1) / ours r1, -0xd8(r1)
3088	99.65	instr	2	0	0	73	0	0	Enemy/bosspakkun	TNerveBPWait::execute(TSpineBase<TLiveActor>*) const	target r1, -0x1b8(r1) / ours r1, -0x180(r1)
3084	99.75	operand	0	0	0	132	7	2	System/MarDirectorInitECT	TMarDirector::initECDisp(TPerformList*, JDrama::TViewObjPtrListT<JDrama::TViewObj, JDrama:	target r1, -0x370(r1) / ours r1, -0x2f8(r1)
3000	99.55	operand	0	0	0	3	54	2	GC2D/Talk2D2	TTalk2D2::setTagParam(JSUMemoryInputStream&, J2DTextBox&, int*, int*)	target r1, -0x130(r1) / ours r1, -0x130(r1)
2928	99.17	operand	0	0	0	167	54	5	Player/MarioDraw	TMario::calcBaseMtx(float(*)[4])	target r1, -0x2f0(r1) / ours r1, -0x2b8(r1)
2816	99.54	instr	1	0	0	56	19	0	Enemy/bosseel	TBossEel::init(TLiveManager*)	target r1, -0x310(r1) / ours r1, -0x318(r1)
2748	99.19	instr	3	1	0	41	14	7	Player/MarioMove	TMario::checkCurrentPlane()	target r1, -0x290(r1) / ours r1, -0x2b0(r1)
2740	99.81	operand	0	0	0	39	13	6	Enemy/Koopa	TNerveKoopaFlame::execute(TSpineBase<TLiveActor>*) const	target r1, -0x368(r1) / ours r1, -0x220(r1)
2740	99.6	operand	0	0	0	165	7	6	Enemy/pakkun	TNervePakkunStay::execute(TSpineBase<TLiveActor>*) const	target r1, -0x2d0(r1) / ours r1, -0x340(r1)
2724	99.97	stack	0	0	0	23	0	0	Player/Yoshi	TYoshi::init(TMario*)	target r1, -0x290(r1) / ours r1, -0x270(r1)
2604	99.92	stack+reg	0	0	0	39	2	0	MarioUtil/ShadowUtil	TMBindShadowManager::drawShadow(unsigned long, JDrama::TGraphics*)	target r1, -0xf8(r1) / ours r1, -0x128(r1)
2588	99.98	stack	0	0	0	11	0	0	Player/MarioRun	TMario::moveMain()	target r1, -0x60(r1) / ours r1, -0x50(r1)
2544	99.99	stack	0	0	0	5	0	0	Camera/CameraChange	CPolarSubCamera::execCameraModeChangeProc_(int)	target r1, -0x100(r1) / ours r1, -0xb0(r1)
2512	99.99	stack	0	0	0	5	0	0	System/MSoundMainSide	MSMainProc::setMSoundEnterStage(unsigned char, unsigned char)	target r1, -0x88(r1) / ours r1, -0x40(r1)
2408	99.82	operand	0	0	0	69	6	1	Map/BathWaterManager	TBathWaterFlatRenderer::render(JDrama::TGraphics*, const TBathtubData&, TBathWater**, TBat	target r1, -0x258(r1) / ours r1, -0x1e8(r1)
2400	99.6	operand	0	0	0	155	1	4	Enemy/bgtentacle	TBGTentacle::moveNode()	target r1, -0x278(r1) / ours r1, -0x1e0(r1)
2368	99.39	instr	1	1	0	102	5	1	GC2D/PauseMenu2	TPauseMenu2::perform(unsigned long, JDrama::TGraphics*)	target r1, -0x5f8(r1) / ours r1, -0x568(r1)
2336	99.08	instr	1	1	0	110	37	0	GC2D/GCConsole2	TGCConsole2::startCameraDemo()	target r1, -0x290(r1) / ours r1, -0x260(r1)
2316	99.77	stack	0	0	0	133	0	0	System/MenuDir	TMenuDirector::rsetup()	target r1, -0x2f0(r1) / ours r1, -0x298(r1)
2296	99.96	stack	0	0	0	21	0	0	System/MenuDir	TMenuDirector::direct()	target r1, -0x128(r1) / ours r1, -0x78(r1)
2276	99.93	stack	0	0	0	42	0	0	Enemy/bosstelesa	TBossTelesa::moveObject()	target r1, -0x1d0(r1) / ours r1, -0x190(r1)
2268	99.41	instr	1	1	0	23	17	9	Enemy/Koopa	TNerveKoopaWait::execute(TSpineBase<TLiveActor>*) const	target r1, -0x260(r1) / ours r1, -0x1d8(r1)
2248	99.98	stack	0	0	0	11	0	0	Enemy/bosstelesa	TNerveBossTelesaDie::execute(TSpineBase<TLiveActor>*) const	target r1, -0x128(r1) / ours r1, -0xc8(r1)
2240	99.87	stack	0	0	0	75	0	0	Enemy/bossgesso	TBossGesso::init(TLiveManager*)	target r1, -0x250(r1) / ours r1, -0x250(r1)
2208	99.9	operand	0	0	0	7	5	2	Enemy/hamukuri	THaneHamuKuri::walkBehavior(int, float)	target r1, -0x190(r1) / ours r1, -0x190(r1)
2200	99.34	stack+reg	0	0	0	61	59	0	System/MovieDirector	TMovieDirector::direct()	target r1, -0x270(r1) / ours r1, -0x1c0(r1)
2188	99.93	stack	0	0	0	36	0	0	MarioUtil/ShadowUtil	TMBindShadowManager::drawShadowVolume(bool, TAlphaShadowQuad*)	target r1, -0x1b0(r1) / ours r1, -0x1b0(r1)
2184	99.8	stack+reg	0	0	0	38	13	0	System/MarDirectorDirect	TMarDirector::updateGameMode()	target r1, -0x130(r1) / ours r1, -0xa8(r1)
2168	99.95	stack	0	0	0	26	0	0	MoveBG/ModelGate	TModelGate::loadAfter()	target r1, -0x2b0(r1) / ours r1, -0x268(r1)
2148	99.97	stack	0	0	0	14	0	0	Player/MarioMain	TMario::perform(unsigned long, JDrama::TGraphics*)	target r1, -0x168(r1) / ours r1, -0x168(r1)
2148	99.83	operand	0	0	0	19	12	1	Enemy/bosswanwan	TBossWanwan::perform(unsigned long, JDrama::TGraphics*)	target r1, -0x168(r1) / ours r1, -0x130(r1)
2132	99.93	stack	0	0	0	36	0	0	Enemy/enemyMario	TEnemyMario::consider()	target r1, -0x220(r1) / ours r1, -0x238(r1)
2116	99.98	stack	0	0	0	11	0	0	MoveBG/MapObjInit	TMapObjBase::initUnique()	target r1, -0x2d8(r1) / ours r1, -0x100(r1)
2096	99.58	instr	1	0	0	26	13	4	Camera/cameragc	CPolarSubCamera::loadAfter()	target r1, -0x140(r1) / ours r1, -0xc8(r1)
2092	99.69	stack+reg	0	0	0	153	2	0	System/MovieDirector	TMovieDirector::rsetup()	target r1, -0x318(r1) / ours r1, -0x310(r1)
2088	99.51	operand	0	0	0	140	12	1	Enemy/fruitsboat	TFruitsBoat::moveObject()	target r1, -0x160(r1) / ours r1, -0x150(r1)
2068	99.33	operand	0	0	0	131	32	2	Enemy/TabePuku	TTabePuku::swimTo(const JGeometry::TVec3<float>&)	target r1, -0x1f8(r1) / ours r1, -0x178(r1)
2052	99.63	operand	0	0	0	104	5	9	Enemy/fireWanwan	TFireWanwan::bind()	target r1, -0x158(r1) / ours r1, -0x148(r1)
2000	99.84	operand	0	0	0	11	12	1	Enemy/bosspakkun	TBossPakkun::perform(unsigned long, JDrama::TGraphics*)	target r1, -0x178(r1) / ours r1, -0x130(r1)
1984	99.78	stack+reg	0	0	0	89	2	0	Player/MarioSpecial	TMario::fenceMove()	target r1, -0x1b8(r1) / ours r1, -0x190(r1)
1980	99.65	operand	0	0	0	57	13	4	Enemy/bgtentacle	TBGTentacleMtxCalc::calc(unsigned short)	target r1, -0x2d0(r1) / ours r1, -0x2d0(r1)
1968	99.88	instr	0	0	1	45	1	0	Enemy/tamaNoko	TNerveTamaNokoAttack::execute(TSpineBase<TLiveActor>*) const	target r1, -0xf8(r1) / ours r1, -0x108(r1)
1952	99.77	stack+reg	0	0	0	4	18	0	MarioUtil/ScreenUtil	TAfterEffect::perform(unsigned long, JDrama::TGraphics*)	target r1, -0xa0(r1) / ours r1, -0xa0(r1)
1944	99.86	stack	0	0	0	68	0	0	Strategic/liveinterp	linGetSRT(TSpcTypedInterp<TLiveActor>*, unsigned long)	target r1, -0xe0(r1) / ours r1, -0xe0(r1)
1936	99.74	operand	0	0	0	17	20	2	Enemy/bosswanwan	TBossWanwan::init(TLiveManager*)	target r1, -0x1b8(r1) / ours r1, -0x1b8(r1)
1936	99.63	instr	1	0	0	11	2	0	Player/MarioRun	TMario::running()	target r1, -0x90(r1) / ours r1, -0x58(r1)
1932	99.93	stack	0	0	0	33	0	0	Enemy/bosstelesa	TBossTelesa::init(TLiveManager*)	target r1, -0x258(r1) / ours r1, -0x258(r1)
1932	99.67	stack+reg	0	0	0	30	26	0	Player/WaterGun	TNozzleDeform::animation(int)	target r1, -0x208(r1) / ours r1, -0x160(r1)
1888	99.68	stack+reg	0	0	0	55	16	0	Enemy/gatekeeper	TBiancoGateKeeper::init(TLiveManager*)	target r1, -0x1c8(r1) / ours r1, -0x178(r1)
1872	99.76	operand	0	0	0	0	16	2	JSystem/J3D/J3DGraphAnimator/J3DCluster	J3DDeformer::deform(J3DModel*, unsigned short, float*)	target r1, -0x118(r1) / ours r1, -0x118(r1)
1856	99.99	stack	0	0	0	6	0	0	PowerPC_EABI_Support/Msl/MSL_C/MSL_Common_Embedded/Math/Single_precision/exponentialsf	powf	target r1, -0x90(r1) / ours r1, -0x90(r1)
1852	99.95	stack+reg	0	0	0	11	1	0	MoveBG/MapObjMonte	THangingBridge::drawRopeBetweenBoards(float, int) const	target r1, -0x108(r1) / ours r1, -0x100(r1)
1844	99.95	stack	0	0	0	21	0	0	Enemy/BossHanachanParts	TBossHanachanPartsBase::considerSetAnm_(EnumBossHanachanNerveAnm)	target r1, -0x110(r1) / ours r1, -0xe8(r1)
1844	99.5	instr	1	0	0	55	3	0	Player/MarioSpecial	TMario::wireRolling()	target r1, -0x1a0(r1) / ours r1, -0x198(r1)
1836	99.63	instr	1	0	0	29	6	0	Enemy/bosspakkun	TBPTornado::perform(unsigned long, JDrama::TGraphics*)	target r1, -0x140(r1) / ours r1, -0x138(r1)
1824	99.57	stack+reg	0	0	0	50	17	0	GC2D/Guide	TGuide::perform(unsigned long, JDrama::TGraphics*)	target r1, -0x2b8(r1) / ours r1, -0x228(r1)
1820	99.93	stack	0	0	0	33	0	0	Enemy/bossgesso	TNerveBGRoll::execute(TSpineBase<TLiveActor>*) const	target r1, -0xa8(r1) / ours r1, -0x158(r1)
1812	99.9	operand	0	0	0	28	0	3	Enemy/bossgesso	TNerveBGDie::execute(TSpineBase<TLiveActor>*) const	target r1, -0x1c0(r1) / ours r1, -0x1c0(r1)
1812	99.6	operand	0	0	0	27	1	2	Enemy/hinokuri2	THinokuri2::moveObject()	target r1, -0x178(r1) / ours r1, -0xd0(r1)
1808	99.97	stack	0	0	0	14	0	0	Enemy/gesso	TNerveGessoFall::execute(TSpineBase<TLiveActor>*) const	target r1, -0xc8(r1) / ours r1, -0xc8(r1)
1808	99.68	stack	0	0	0	145	0	0	System/GCLogoDir	TGCLogoDir::setup(JDrama::TDisplay*, TMarioGamePad*)	target r1, -0x280(r1) / ours r1, -0x258(r1)
1780	99.5	operand	0	0	0	99	6	9	Enemy/Kumokun	TKumokun::bind()	target r1, -0x188(r1) / ours r1, -0x190(r1)
1768	99.82	stack+reg	0	0	0	15	13	0	MSound/MSound	MSound::startMarioVoice(unsigned long, short, unsigned char)	target r1, -0xa0(r1) / ours r1, -0x78(r1)
1744	99.31	stack+reg	0	0	0	185	20	0	Enemy/bossManta	TBossManta::updateAttractor()	target r1, -0x168(r1) / ours r1, -0x170(r1)
1732	99.91	stack	0	0	0	41	0	0	Enemy/cannon	TNerveCannonSearch::execute(TSpineBase<TLiveActor>*) const	target r1, -0x198(r1) / ours r1, -0x170(r1)
1712	99.79	stack+reg	0	0	0	69	4	0	Enemy/bossManta	TBossMantaManager::drawMantaShadow(JDrama::TGraphics*)	target r1, -0x278(r1) / ours r1, -0x200(r1)
1668	99.99	stack	0	0	0	5	0	0	Player/MarioJump	TMario::jumpingBasic(int, int, int)	target r1, -0xa0(r1) / ours r1, -0x58(r1)
1668	99.93	stack	0	0	0	29	0	0	Player/MarioCap	TMarioCap::perform(unsigned long, JDrama::TGraphics*)	target r1, -0x1e0(r1) / ours r1, -0x178(r1)
1652	99.61	instr	0	1	1	27	5	0	Camera/CameraChange	CPolarSubCamera::changeCamModeSub_(int, int, bool)	target r1, -0x108(r1) / ours r1, -0xf0(r1)
1652	99.46	stack	0	0	0	65	0	0	System/EventWatcher	evSetTransScale(TSpcTypedInterp<TEventWatcher>*, unsigned long)	target r1, -0x1a8(r1) / ours r1, -0x1a8(r1)
1652	99.44	instr	0	2	0	13	4	0	Player/MarioDraw	TMario::calcAnim(unsigned long, JDrama::TGraphics*)	target r1, -0x328(r1) / ours r1, -0x300(r1)
1648	99.63	stack+reg	0	0	0	18	15	0	NPC/NpcChange	TBaseNPC::changeNerveProc_()	target r1, -0x128(r1) / ours r1, -0xe0(r1)
1644	99.91	reg	0	0	0	0	6	0	Enemy/BossHanachanAnm	TBossHanachan::changeAnmRateAndFrameUpdate_()	target r1, -0x118(r1) / ours r1, -0x118(r1)
1632	99.71	stack+reg	0	0	0	80	1	0	GC2D/GCConsole2	TGCConsole2::drawWater(J2DOrthoGraph&)	target r1, -0x218(r1) / ours r1, -0x1c8(r1)
1624	99.56	operand	0	0	0	89	5	2	Enemy/bossgesso	TBGBeakHit::perform(unsigned long, JDrama::TGraphics*)	target r1, -0x138(r1) / ours r1, -0xe8(r1)
1588	99.94	stack	0	0	0	25	0	0	Enemy/bosseel	TNerveBossEelEat::execute(TSpineBase<TLiveActor>*) const	target r1, -0x118(r1) / ours r1, -0xc8(r1)
1584	99.95	stack	0	0	0	21	0	0	MoveBG/MapObjBall	TResetFruit::control()	target r1, -0xf8(r1) / ours r1, -0x90(r1)
1560	99.91	stack	0	0	0	34	0	0	Enemy/enemyMario	TEnemyMario::initModel()	target r1, -0x2f8(r1) / ours r1, -0x2a0(r1)
1536	99.95	stack	0	0	0	18	0	0	MoveBG/Item	TShine::control()	target r1, -0xf8(r1) / ours r1, -0xa8(r1)
1524	99.92	stack	0	0	0	32	0	0	Player/MarioSpecial	TMario::wireHanging()	target r1, -0x198(r1) / ours r1, -0x198(r1)
1508	99.81	operand	0	0	0	29	4	4	Enemy/cannon	TCannon::init(TLiveManager*)	target r1, -0x1a0(r1) / ours r1, -0x1a0(r1)
1484	99.85	stack	0	0	0	56	0	0	JSystem/JAudio/JALibrary/JALModSe	JALSystem::append(JALSystem::ModType, const char*, unsigned long, float, float, float, flo	target r1, -0x130(r1) / ours r1, -0xc8(r1)
1460	99.96	stack	0	0	0	13	0	0	Enemy/bosseel	TNerveBossEelOutWait::execute(TSpineBase<TLiveActor>*) const	target r1, -0xb0(r1) / ours r1, -0x80(r1)
1456	99.88	stack+reg	0	0	0	15	5	0	Enemy/enemyMario	TEnemyMario::perform(unsigned long, JDrama::TGraphics*)	target r1, -0x1b8(r1) / ours r1, -0x1a0(r1)
1456	99.12	instr	1	1	0	70	10	0	Player/ModelWaterManager	TModelWaterManager::drawShineShadowVolume(float(*)[4])	target r1, -0x138(r1) / ours r1, -0x130(r1)
1452	99.68	stack	0	0	0	116	0	0	Enemy/graph	TSplineRail::TSplineRail(const TGraphWeb*)	target r1, -0x188(r1) / ours r1, -0x140(r1)
1440	99.18	operand	0	0	0	111	30	1	JSystem/JParticle/JPADrawVisitor	JPADrawExecRotDirectionalCross::exec(const JPADrawContext*, JPABaseParticle*)	target r1, -0x1d8(r1) / ours r1, -0x1d0(r1)
1436	99.81	stack+reg	0	0	0	48	3	0	MoveBG/MapObjMonte	THangingBridge::loadAfter()	target r1, -0x2a8(r1) / ours r1, -0x208(r1)
1428	99.14	instr	0	1	0	92	20	1	GC2D/ConsoleStr	TConsoleStr::startCloseWipe(bool)	target r1, -0x1e0(r1) / ours r1, -0x1a0(r1)
1412	99.95	stack	0	0	0	16	0	0	Enemy/igaiga	TGorogoro::generateByGateKeeper(const JGeometry::TVec3<float>&, const JGeometry::TVec3<flo	target r1, -0xe8(r1) / ours r1, -0xe8(r1)
1412	99.79	stack	0	0	0	75	0	0	GC2D/Talk2D2	TTalk2D2::loadAfter()	target r1, -0x1e8(r1) / ours r1, -0x1d0(r1)
1408	99.95	stack	0	0	0	19	0	0	Enemy/bossgesso	TNerveBGBeakDamage::execute(TSpineBase<TLiveActor>*) const	target r1, -0x158(r1) / ours r1, -0x158(r1)
1396	99.59	stack	0	0	0	143	0	0	Enemy/spider	TSpider::bind(TLiveActor*)	target r1, -0x158(r1) / ours r1, -0x120(r1)
1396	99.17	instr	1	1	0	65	5	0	Enemy/bgtentacle	TBGTentacle::TBGTentacle(TBossGesso*, int, int)	target r1, -0x1a0(r1) / ours r1, -0x170(r1)
1396	99.1	instr	1	1	0	23	3	1	Enemy/bosstelesa	TBossTelesa::calcRootMatrix()	target r1, -0x2a8(r1) / ours r1, -0x2a0(r1)
1388	99.97	stack	0	0	0	10	0	0	MoveBG/MapObjSirena	TItemSlotDrum::moveObject()	target r1, -0xd8(r1) / ours r1, -0xd8(r1)
1384	99.82	stack	0	0	0	64	0	0	GC2D/GCConsole2	TGCConsole2::startAppearLife(int)	target r1, -0x2c8(r1) / ours r1, -0x2c8(r1)
1380	99.81	stack	0	0	0	66	0	0	MoveBG/MapObjRailBlock	TRailBlock::control()	target r1, -0x1b0(r1) / ours r1, -0x158(r1)
1376	99.85	stack	0	0	0	53	0	0	Enemy/hinokuri2	THinokuri2::init(TLiveManager*)	target r1, -0x1f8(r1) / ours r1, -0x1c8(r1)
1376	99.74	stack	0	0	0	89	0	0	Player/Yoshi	TYoshi::doSearch()	target r1, -0x158(r1) / ours r1, -0x110(r1)
1372	99.96	reg	0	0	0	0	3	0	Enemy/fireWanwan	TFireWanwan::emitEffects()	target r1, -0xd8(r1) / ours r1, -0xd8(r1)
1372	99.66	stack+reg	0	0	0	70	7	0	GC2D/hx_wiper	Hxs_GameOver	target r1, -0x188(r1) / ours r1, -0x170(r1)
1368	99.15	operand	0	0	0	107	30	1	JSystem/JParticle/JPADrawVisitor	JPADrawExecDirectionalCross::exec(const JPADrawContext*, JPABaseParticle*)	target r1, -0x168(r1) / ours r1, -0x160(r1)
1364	99.94	stack	0	0	0	22	0	0	MoveBG/MapObjBall	TMapObjBall::boundByActor(THitActor*)	target r1, -0x120(r1) / ours r1, -0x120(r1)
1360	99.96	stack	0	0	0	15	0	0	Player/ModelWaterManager	TModelWaterManager::drawRefracAndSpec() const	target r1, -0xc8(r1) / ours r1, -0xc8(r1)
1352	99.78	stack+reg	0	0	0	33	7	0	Enemy/BossHanachanMain	TBossHanachan::init(TLiveManager*)	target r1, -0x188(r1) / ours r1, -0x130(r1)
1348	99.69	instr	0	0	2	61	2	2	GC2D/GCConsole2	TGCConsole2::drawJuice(J2DOrthoGraph&, unsigned long)	target r1, -0x128(r1) / ours r1, -0x108(r1)
1328	99.63	stack	0	0	0	123	0	0	Enemy/bosswanwan	TBWPicket::perform(unsigned long, JDrama::TGraphics*)	target r1, -0x1a0(r1) / ours r1, -0x138(r1)
1328	99.11	operand	0	0	0	16	42	1	Camera/lensglow	TLensGlow::perform(unsigned long, JDrama::TGraphics*)	target r1, -0x178(r1) / ours r1, -0x178(r1)
1288	99.89	stack+reg	0	0	0	21	3	0	Enemy/bosseel	TNerveBossEelMouthOpenWait::execute(TSpineBase<TLiveActor>*) const	target r1, -0x110(r1) / ours r1, -0xe8(r1)
1272	99.82	stack	0	0	0	57	0	0	GC2D/hx_wiper	Hx_Test5	target r1, -0x110(r1) / ours r1, -0x108(r1)
1256	99.87	stack+reg	0	0	0	10	6	0	Enemy/namekuri	TNerveNameKuriJumpAttack::execute(TSpineBase<TLiveActor>*) const	target r1, -0x120(r1) / ours r1, -0x120(r1)
1252	99.1	stack+reg	0	0	0	61	35	0	Enemy/enemy	TSpineEnemy::walkToCurPathNode(float, float, float)	target r1, -0xe0(r1) / ours r1, -0xc8(r1)
1248	99.91	stack	0	0	0	29	0	0	Enemy/hinokuri2	TNerveHino2GraphWander::execute(TSpineBase<TLiveActor>*) const	target r1, -0x110(r1) / ours r1, -0xf0(r1)
1248	99.84	stack	0	0	0	51	0	0	Enemy/enemyMario	TEnemyMario::emRunAwayToNearestNode()	target r1, -0x128(r1) / ours r1, -0x128(r1)
1236	99.84	stack	0	0	0	49	0	0	Enemy/tamaNoko	TTamaNoko::walkBehavior(int, float)	target r1, -0x110(r1) / ours r1, -0xf8(r1)
1232	99.95	stack+reg	0	0	0	5	2	0	GC2D/Option	TOptionControl::loadSetting()	target r1, -0x100(r1) / ours r1, -0xe8(r1)
1232	99.7	operand	0	0	0	70	0	2	Enemy/poihana	TNervePoihanaTrapped::execute(TSpineBase<TLiveActor>*) const	target r1, -0x158(r1) / ours r1, -0x150(r1)
1232	99.69	stack+reg	0	0	0	54	4	0	GC2D/SelectShine2	TSelectShine::move()	target r1, -0x158(r1) / ours r1, -0x140(r1)
1228	99.79	stack	0	0	0	64	0	0	Player/MarioAutodemo	TMario::warpIn()	target r1, -0xf8(r1) / ours r1, -0xf0(r1)
1220	99.89	stack	0	0	0	34	0	0	MarioUtil/DrawUtil	TTrembleModelEffect::movement()	target r1, -0x130(r1) / ours r1, -0x138(r1)
1216	99.79	stack	0	0	0	65	0	0	Enemy/limitkoopa	TLimitKoopa::loadAfter()	target r1, -0x188(r1) / ours r1, -0x168(r1)
1212	99.76	stack	0	0	0	72	0	0	GC2D/GCConsole2	TGCConsole2::startInsertLife(int)	target r1, -0x2e8(r1) / ours r1, -0x2e0(r1)
1208	99.68	stack+reg	0	0	0	18	16	0	Player/WaterGun	TNozzleBase::animation(int)	target r1, -0x158(r1) / ours r1, -0x130(r1)
1208	99.59	stack	0	0	0	125	0	0	Enemy/fireWanwan	TTailRubber::adjust()	target r1, -0xc0(r1) / ours r1, -0xb0(r1)
1196	99.97	stack	0	0	0	8	0	0	Player/MarioMove	TMario::playerControl(JDrama::TGraphics*)	target r1, -0xe0(r1) / ours r1, -0xe0(r1)
1196	99.05	reg	0	0	0	0	26	0	MoveBG/MapObjCorona	TBathtub::control()	target r1, -0x140(r1) / ours r1, -0x140(r1)
1192	99.92	stack	0	0	0	24	0	0	Enemy/Koopa	TKoopa::perform(unsigned long, JDrama::TGraphics*)	target r1, -0x1f0(r1) / ours r1, -0x1a0(r1)
1192	99.87	stack	0	0	0	40	0	0	Enemy/amiNoko	TNerveAmiNokoDie::execute(TSpineBase<TLiveActor>*) const	target r1, -0xe8(r1) / ours r1, -0xe8(r1)
1188	99.98	stack	0	0	0	6	0	0	Enemy/fruitsboat	TFruitsBoat::init(TLiveManager*)	target r1, -0xf8(r1) / ours r1, -0xf8(r1)
1184	99.98	stack	0	0	0	7	0	0	Enemy/hamukuri	TDangoHamuKuri::behaveToWater(THitActor*)	target r1, -0xc0(r1) / ours r1, -0xc0(r1)
1164	99.91	stack	0	0	0	25	0	0	Enemy/bossManta	TBossManta::collidedWithWater()	target r1, -0xa0(r1) / ours r1, -0xa8(r1)
1164	99.89	stack	0	0	0	33	0	0	Enemy/cannon	TCannon::calcRootMatrix()	target r1, -0xf8(r1) / ours r1, -0xd0(r1)
1152	99.95	stack	0	0	0	13	0	0	Enemy/bosseel	TNerveBossEelDie::execute(TSpineBase<TLiveActor>*) const	target r1, -0x120(r1) / ours r1, -0xe0(r1)
1148	99.94	stack	0	0	0	17	0	0	Enemy/graph	TGraphWeb::getEscapeDirLimited(int, int, const JGeometry::TVec3<float>&, const JGeometry::	target r1, -0x148(r1) / ours r1, -0x148(r1)
1144	99.96	stack	0	0	0	12	0	0	Enemy/amiNoko	TNerveAmiNokoWalkOnFence::execute(TSpineBase<TLiveActor>*) const	target r1, -0xa0(r1) / ours r1, -0xa0(r1)
1144	99.85	stack+reg	0	0	0	8	6	0	Map/MapEventMare	TMareEventDepressWall::initCommon()	target r1, -0x1d8(r1) / ours r1, -0x1e0(r1)
1136	99.91	stack+reg	0	0	0	11	3	0	NPC/NpcChange	TBaseNPC::behaveToHitObject_(THitActor*, EnumHitNpcObjectKind)	target r1, -0xc0(r1) / ours r1, -0x90(r1)
1128	99.8	operand	0	0	0	23	1	2	GC2D/GCConsole2	TGCConsole2::setTimer(long)	target r1, -0x1a0(r1) / ours r1, -0x150(r1)
1128	99.6	instr	0	0	1	93	2	0	Enemy/bossgesso	TBGBinder::bind(TLiveActor*)	target r1, -0x100(r1) / ours r1, -0xd0(r1)
1116	99.9	stack	0	0	0	29	0	0	Enemy/smallEnemy	TSmallEnemy::moveObject()	target r1, -0xb0(r1) / ours r1, -0xb0(r1)
1116	99.2	operand	0	0	0	79	22	1	JSystem/JParticle/JPADrawVisitor	JPADrawExecRotDirectional::exec(const JPADrawContext*, JPABaseParticle*)	target r1, -0x178(r1) / ours r1, -0x170(r1)
1112	99.8	reg	0	0	0	0	11	0	Enemy/bosstelesa	TTelesaSlot::moveObject()	target r1, -0xd0(r1) / ours r1, -0xd0(r1)
1104	99.98	stack	0	0	0	5	0	0	System/Application	TApplication::proc()	target r1, -0xc8(r1) / ours r1, -0x78(r1)
1104	99.89	stack	0	0	0	30	0	0	Player/MarioSpecial	TMario::wireWait()	target r1, -0x158(r1) / ours r1, -0x158(r1)
1100	99.94	stack	0	0	0	17	0	0	Map/MapEventMare	TMareEventDepressWall::depressing()	target r1, -0xe8(r1) / ours r1, -0xc0(r1)
1100	99.8	stack	0	0	0	54	0	0	Enemy/gesso	TNerveGessoFreeze::execute(TSpineBase<TLiveActor>*) const	target r1, -0xa8(r1) / ours r1, -0xa0(r1)
1092	99.76	stack+reg	0	0	0	45	4	0	Map/MapWire	TMapWire::release()	target r1, -0x138(r1) / ours r1, -0xc8(r1)
1088	99.99	stack	0	0	0	3	0	0	Camera/cameragc	CPolarSubCamera::CPolarSubCamera(const char*)	target r1, -0x58(r1) / ours r1, -0x58(r1)
1088	99.55	operand	0	0	0	0	12	10	Enemy/Koopa	TKoopa::getShowered()	target r1, -0xe0(r1) / ours r1, -0xe0(r1)
1084	99.53	stack+reg	0	0	0	38	12	0	Enemy/Koopa	TKoopa::init(TLiveManager*)	target r1, -0x150(r1) / ours r1, -0x120(r1)
1080	99.93	stack	0	0	0	20	0	0	System/MenuDir	TMenuDirector::setFixedStageValue()	target r1, -0x58(r1) / ours r1, -0x38(r1)
1076	99.98	stack	0	0	0	5	0	0	GC2D/Option	TOptionControl::checkInput()	target r1, -0xc8(r1) / ours r1, -0x70(r1)
1076	99.13	operand	0	0	0	20	21	3	Enemy/bosswanwan	TNerveBWDie::execute(TSpineBase<TLiveActor>*) const	target r1, -0x100(r1) / ours r1, -0x100(r1)
1072	99.81	stack	0	0	0	52	0	0	MoveBG/MapObjItem2	TMushroom1up::control()	target r1, -0x88(r1) / ours r1, -0x80(r1)
1072	99.29	stack+reg	0	0	0	89	14	0	MoveBG/MapObjBall	TMapObjBall::calcCurrentMtx()	target r1, -0x1c0(r1) / ours r1, -0x178(r1)
1068	99.99	stack	0	0	0	4	0	0	Enemy/graph	TGraphWeb::getRandomButDirLimited(int, int, const JGeometry::TVec3<float>&, const JGeometr	target r1, -0x138(r1) / ours r1, -0x138(r1)
1068	99.6	stack+reg	0	0	0	2	8	0	NPC/NpcAnm	TBaseNPC::walkAnmRateChange_()	target r1, -0xe0(r1) / ours r1, -0xe0(r1)
1060	99.85	stack	0	0	0	39	0	0	Enemy/fruitsboat	TNerveFruitsBoatGraphWander::execute(TSpineBase<TLiveActor>*) const	target r1, -0x120(r1) / ours r1, -0x128(r1)
1044	99.65	stack	0	0	0	91	0	0	Strategic/ObjHitCheck	TObjHitCheck::clearHitNum()	target r1, -0x228(r1) / ours r1, -0x1f8(r1)
1044	99.61	stack+reg	0	0	0	32	12	0	Enemy/BossHanachanEffect	TBossHanachan::emitParticle_()	target r1, -0xc8(r1) / ours r1, -0xa8(r1)
1044	99.16	operand	0	0	0	75	22	1	JSystem/JParticle/JPADrawVisitor	JPADrawExecDirectional::exec(const JPADrawContext*, JPABaseParticle*)	target r1, -0x128(r1) / ours r1, -0x100(r1)
1036	99.81	operand	0	0	0	20	3	2	System/Application	TApplication::drawDVDErr()	target r1, -0x318(r1) / ours r1, -0x318(r1)
1032	99.62	instr	0	0	1	94	0	0	Enemy/hauntLeg	THauntLeg::calcRootMatrix()	target r1, -0x178(r1) / ours r1, -0x138(r1)
1028	99.83	stack	0	0	0	43	0	0	Enemy/bossgesso	TNerveBGWait::execute(TSpineBase<TLiveActor>*) const	target r1, -0xa0(r1) / ours r1, -0xd0(r1)
1028	99.75	stack	0	0	0	63	0	0	Enemy/bgtentacle	TBGAttackHit::perform(unsigned long, JDrama::TGraphics*)	target r1, -0xe8(r1) / ours r1, -0xa8(r1)
1020	99.82	stack	0	0	0	47	0	0	Enemy/chuuhana	TChuuHana::isCollidMove(THitActor*)	target r1, -0x118(r1) / ours r1, -0x128(r1)
1016	99.86	stack+reg	0	0	0	5	6	0	Map/MapStaticObject	TMapStaticObj::init(const char*)	target r1, -0x118(r1) / ours r1, -0x118(r1)
1012	99.88	stack	0	0	0	30	0	0	Enemy/Amenbo	TAmenbo::control()	target r1, -0x88(r1) / ours r1, -0x80(r1)
1012	99.72	stack	0	0	0	10	0	0	Enemy/enemymanager	TEnemyManager::performShared(unsigned long, JDrama::TGraphics*)	target r1, -0xf0(r1) / ours r1, -0xf0(r1)
1012	99.14	instr	0	1	0	53	9	1	Player/MarioPhysics	TMario::keepDistance(const JGeometry::TVec3<float>&, float, float)	target r1, -0xc8(r1) / ours r1, -0xc8(r1)
1004	99.97	stack	0	0	0	7	0	0	Enemy/BathtubKiller	TBathtubKiller::bind()	target r1, -0x90(r1) / ours r1, -0x90(r1)
1004	99.92	stack	0	0	0	21	0	0	Enemy/chuuhana	TNerveChuuHanaKeepBalance::execute(TSpineBase<TLiveActor>*) const	target r1, -0xf0(r1) / ours r1, -0xf0(r1)
1004	99.86	stack	0	0	0	34	0	0	Player/ModelWaterManager	TModelWaterManager::drawSilhouette(float(*)[4])	target r1, -0xb0(r1) / ours r1, -0x90(r1)
1004	99.86	operand	0	0	0	0	4	2	GC2D/hx_wiper	Hx_Logo	target r1, -0x30(r1) / ours r1, -0x30(r1)
1000	99.18	instr	0	2	0	0	0	1	Enemy/tinkoopa	TNerveTinKoopaBreak::execute(TSpineBase<TLiveActor>*) const	target r1, -0x118(r1) / ours r1, -0x118(r1)
988	99.96	reg	0	0	0	0	1	0	JSystem/J3D/J3DGraphAnimator/J3DCluster	J3DSkinDeform::initMtxIndexArray(J3DModelData*)	target r1, -0x110(r1) / ours r1, -0x110(r1)
984	99.97	stack	0	0	0	7	0	0	MarioUtil/ShadowUtil	TMBindShadowBody::TMBindShadowBody(THitActor*, J3DModel*, float)	target r1, -0x98(r1) / ours r1, -0x98(r1)
984	99.89	stack+reg	0	0	0	8	2	0	Enemy/fireWanwan	TFireWanwan::bindPoint(JGeometry::TVec3<float>*, const JGeometry::TVec3<float>&, const JGe	target r1, -0xe0(r1) / ours r1, -0xe0(r1)
976	99.65	reg	0	0	0	0	17	0	GC2D/hx_wiper	Hxs2_Circle	target r1, -0x198(r1) / ours r1, -0x198(r1)
972	99.97	stack	0	0	0	7	0	0	Enemy/bosstelesa	TNerveBossTelesaAppear::execute(TSpineBase<TLiveActor>*) const	target r1, -0x80(r1) / ours r1, -0x60(r1)
972	99.88	stack+reg	0	0	0	2	4	0	GC2D/GCConsole2	TGCConsole2::startAppearStar()	target r1, -0x160(r1) / ours r1, -0x160(r1)
968	99.97	stack	0	0	0	8	0	0	Player/MarioRun	TMario::slideProcess(float, float)	target r1, -0x88(r1) / ours r1, -0x88(r1)
968	99.81	stack	0	0	0	46	0	0	JSystem/JParticle/JPAEmitter	JPABaseEmitter::loadBaseEmitterBlock(JPADataBlock*)	target r1, -0x58(r1) / ours r1, -0x50(r1)
964	99.82	stack	0	0	0	43	0	0	MoveBG/MapObjMonte	TFluffManager::loadAfter()	target r1, -0x78(r1) / ours r1, -0x88(r1)
964	99.81	operand	0	0	0	1	4	1	GC2D/Option	TOptionRumbleUnit::update()	target r1, -0xd8(r1) / ours r1, -0xd8(r1)
960	99.98	stack	0	0	0	5	0	0	MSound/MSoundSE	MSoundSESystem::MSoundSE::startSoundActorInner(unsigned long, JAISound**, JAIActor*, unsig	target r1, -0x58(r1) / ours r1, -0x50(r1)
952	99.99	stack	0	0	0	3	0	0	Enemy/hanasambo	TSamboFlowerManager::loadAfter()	target r1, -0xc8(r1) / ours r1, -0xc8(r1)
952	99.85	stack+reg	0	0	0	26	2	0	Enemy/BathtubKiller	TNerveBathtubKillerWander::execute(TSpineBase<TLiveActor>*) const	target r1, -0x98(r1) / ours r1, -0x98(r1)
952	99.81	reg	0	0	0	0	9	0	GC2D/Guide	TGuide::appearGuidePane(int)	target r1, -0x148(r1) / ours r1, -0x148(r1)
944	99.62	operand	0	0	0	43	4	2	Enemy/popo	PopoPossessedCallback(J3DNode*, int)	target r1, -0x148(r1) / ours r1, -0xe8(r1)
936	99.8	stack+reg	0	0	0	37	1	0	Animal/BeeHive	TBeeHive::reset()	target r1, -0x130(r1) / ours r1, -0x140(r1)
936	99.5	instr	0	1	0	0	1	0	GC2D/Talk2D2	TTalk2D2::load(JSUMemoryInputStream&)	target r1, -0x30(r1) / ours r1, -0x30(r1)
936	99.18	stack+reg	0	0	0	12	35	0	System/DrawSyncManager	JGadget::TVector<TDrawSyncManager::TDrawSyncTokenRange, JGadget::TAllocator<TDrawSyncManag	target r1, -0x100(r1) / ours r1, -0x120(r1)
932	99.98	stack	0	0	0	5	0	0	JSystem/JAudio/JASystem/JASChannel	JASystem::Driver::updatecallDSPChannel(JASystem::TDSPChannel*, unsigned long)	target r1, -0x48(r1) / ours r1, -0x30(r1)
932	99.97	stack	0	0	0	8	0	0	Animal/Bird	TAnimalBird::receiveMessage(THitActor*, unsigned long)	target r1, -0x78(r1) / ours r1, -0x78(r1)
932	99.58	stack	0	0	0	99	0	0	Enemy/limitkoopajr	TLimitKoopaJr::moveRun()	target r1, -0x118(r1) / ours r1, -0x100(r1)
932	99.17	operand	0	0	0	58	23	2	System/MSoundMainSide	MSStageDistFadeMonte::proc()	target r1, -0x118(r1) / ours r1, -0xb0(r1)
928	99.9	stack	0	0	0	24	0	0	Enemy/BossHanachanMain	TBossHanachan::execSlip()	target r1, -0xa8(r1) / ours r1, -0xa8(r1)
928	99.44	stack	0	0	0	94	0	0	Enemy/namekuri	TNameKuri::calcRootMatrix()	target r1, -0x160(r1) / ours r1, -0x128(r1)
924	99.95	stack	0	0	0	11	0	0	System/MSoundMainSide	MSStage::init(unsigned char, unsigned char)	target r1, -0x80(r1) / ours r1, -0x28(r1)
920	99.97	stack	0	0	0	6	0	0	Enemy/Kumokun	TKumokun::calcRootMatrix()	target r1, -0x178(r1) / ours r1, -0x178(r1)
920	99.02	operand	0	0	0	110	6	1	Enemy/Kumokun	TKumokun::checkOnMovingRoof(JGeometry::TVec3<float>*, const TBGCheckData**, const JGeometr	target r1, -0x100(r1) / ours r1, -0xf8(r1)
916	99.67	reg	0	0	0	0	14	0	GC2D/GCConsole2	TGCConsole2::pauseOut()	target r1, -0xa8(r1) / ours r1, -0xa8(r1)
912	99.9	stack	0	0	0	22	0	0	Enemy/wireTrap	TNerveWireTrapOnewayMove::execute(TSpineBase<TLiveActor>*) const	target r1, -0x88(r1) / ours r1, -0x80(r1)
912	99.89	stack	0	0	0	24	0	0	Enemy/elecNokonoko	TNerveElecCarapaceReturn::execute(TSpineBase<TLiveActor>*) const	target r1, -0xc0(r1) / ours r1, -0xb8(r1)
912	99.86	stack+reg	0	0	0	22	2	0	Enemy/BathtubKiller	TNerveBathtubKillerChase::execute(TSpineBase<TLiveActor>*) const	target r1, -0x80(r1) / ours r1, -0x80(r1)
912	99.86	stack	0	0	0	33	0	0	Enemy/TabePuku	TNerveTabePukuAttack::execute(TSpineBase<TLiveActor>*) const	target r1, -0xf8(r1) / ours r1, -0x100(r1)
908	99.93	stack	0	0	0	15	0	0	Enemy/smallEnemy	TSmallEnemy::init(TLiveManager*)	target r1, -0x128(r1) / ours r1, -0x128(r1)
908	99.69	stack+reg	0	0	0	60	2	0	Player/MarioSpecial	TMario::wireSWait()	target r1, -0x148(r1) / ours r1, -0x150(r1)
904	99.96	stack	0	0	0	8	0	0	Map/MapEventMare	TMareWallRock::movement()	target r1, -0xf0(r1) / ours r1, -0xf0(r1)
904	99.92	stack	0	0	0	19	0	0	Enemy/fireWanwan	TFireWanwan::behaveToWater(THitActor*)	target r1, -0xe8(r1) / ours r1, -0x98(r1)
900	99.41	instr	0	1	0	17	3	0	System/GCLogoDir	TGCLogoDir::direct_nlogo()	target r1, -0x130(r1) / ours r1, -0x88(r1)
896	99.86	stack	0	0	0	31	0	0	Enemy/hanasambo	TNerveSamboHeadAttack::execute(TSpineBase<TLiveActor>*) const	target r1, -0x120(r1) / ours r1, -0x120(r1)
888	99.56	operand	0	0	0	27	12	1	Enemy/koopajr	TKoopaJrSubmarine::checkNerve()	target r1, -0xe8(r1) / ours r1, -0xc0(r1)
888	99.53	stack+reg	0	0	0	65	5	0	Enemy/fireWanwan	TFireWanwan::bindBody(JGeometry::TVec3<float>*, JGeometry::TVec3<float>*, const JGeometry:	target r1, -0x1e8(r1) / ours r1, -0x1e8(r1)
884	99.97	stack	0	0	0	7	0	0	Enemy/bosstelesa	TBossTelesa::genAttacker()	target r1, -0x138(r1) / ours r1, -0x138(r1)
884	99.89	stack	0	0	0	24	0	0	MoveBG/MapObjPinna	TPinnaShell::control()	target r1, -0xb0(r1) / ours r1, -0x80(r1)
884	99.85	stack	0	0	0	34	0	0	Enemy/limitkoopajr	TNerveLimitKoopaJrWait::execute(TSpineBase<TLiveActor>*) const	target r1, -0xb0(r1) / ours r1, -0xb0(r1)
884	99.64	stack+reg	0	0	0	2	14	0	JSystem/JParticle/JPAEmitter	JPABaseEmitter::calcEmitterGlobalParams()	target r1, -0x118(r1) / ours r1, -0x118(r1)
876	99.95	reg	0	0	0	0	2	0	JSystem/JParticle/JPADrawVisitor	JPADrawExecRotationCross::exec(const JPADrawContext*, JPABaseParticle*)	target r1, -0x138(r1) / ours r1, -0x138(r1)
876	99.56	operand	0	0	0	15	8	2	MoveBG/MapObjMonte	TFluffManager::control()	target r1, -0xa0(r1) / ours r1, -0x58(r1)
872	99.92	stack	0	0	0	17	0	0	MoveBG/MapObjPinna	TAmiKing::moveObject()	target r1, -0xd8(r1) / ours r1, -0x88(r1)
872	99.87	stack	0	0	0	28	0	0	NPC/NpcNerve	TNerveNPCTurnToMario::execute(TSpineBase<TLiveActor>*) const	target r1, -0xb0(r1) / ours r1, -0x88(r1)
872	99.67	stack+reg	0	0	0	11	11	0	Map/MapEventMare	TMareEventDepressWall::rising()	target r1, -0x90(r1) / ours r1, -0x80(r1)
868	99.56	stack+reg	0	0	0	10	6	0	MarioUtil/DrawUtil	SetViewFrustumClipCheck(float, float, float, float, float, float)	target r1, -0xc8(r1) / ours r1, -0xc8(r1)
864	99.52	operand	0	0	0	13	16	1	Enemy/bosspakkun	TNerveBPVomit::execute(TSpineBase<TLiveActor>*) const	target r1, -0x110(r1) / ours r1, -0x110(r1)
856	99.97	stack	0	0	0	7	0	0	MSound/MSoundSE	__sinit_MSoundSE_cpp	target r1, -0x38(r1) / ours r1, -0x10(r1)
856	99.97	stack	0	0	0	7	0	0	Enemy/hinokuri2	THino2MtxCalc::calc(unsigned short)	target r1, -0x148(r1) / ours r1, -0x148(r1)
852	99.73	operand	0	0	0	14	0	4	Camera/CameraDemo	CPolarSubCamera::updateDemoCamera_(bool)	target r1, -0xc8(r1) / ours r1, -0xc8(r1)
848	99.55	stack+reg	0	0	0	41	8	0	Enemy/bosseel	TBossEelVortex::perform(unsigned long, JDrama::TGraphics*)	target r1, -0x1b0(r1) / ours r1, -0x108(r1)
844	99.92	stack	0	0	0	17	0	0	Enemy/bosseel	TNerveBossEelAppear::execute(TSpineBase<TLiveActor>*) const	target r1, -0xa8(r1) / ours r1, -0x88(r1)
844	99.91	stack+reg	0	0	0	5	3	0	Enemy/conductor	TConductor::genEnemyFromPollution()	target r1, -0xe0(r1) / ours r1, -0xe0(r1)
844	99.9	stack	0	0	0	22	0	0	Strategic/ObjHitCheck	TObjHitCheck::checkActorsHit()	target r1, -0xd8(r1) / ours r1, -0xb8(r1)
844	99.9	stack	0	0	0	22	0	0	Enemy/limitkoopa	TLimitKoopa::perform(unsigned long, JDrama::TGraphics*)	target r1, -0x170(r1) / ours r1, -0x118(r1)
840	99.51	operand	0	0	0	0	9	9	Enemy/Koopa	TKoopa::getDown()	target r1, -0xa8(r1) / ours r1, -0xa8(r1)
836	99.97	stack	0	0	0	7	0	0	Enemy/telesa	TTelesa::bind()	target r1, -0xd0(r1) / ours r1, -0xd0(r1)
828	99.86	stack+reg	0	0	0	14	3	0	Enemy/bosswanwan	TBWLeash::TBWLeash(TBossWanwan*, int, const char*)	target r1, -0x120(r1) / ours r1, -0x120(r1)
824	99.88	reg	0	0	0	0	5	0	JSystem/JAudio/JASystem/JASTrack	JASystem::TTrack::noteOn(unsigned char, long, long, long)	target r1, -0x70(r1) / ours r1, -0x70(r1)
824	99.85	stack+reg	0	0	0	10	4	0	System/CardManager	TCardManager::filledInitData_(CARDFileInfo*)	target r1, -0x90(r1) / ours r1, -0x78(r1)
820	99.71	stack	0	0	0	60	0	0	Enemy/bosswanwan	TNerveBWJumpToBath::execute(TSpineBase<TLiveActor>*) const	target r1, -0xa0(r1) / ours r1, -0x98(r1)
808	99.87	stack	0	0	0	27	0	0	MarioUtil/ShadowUtil	TMBindShadowManager::request(const TCircleShadowRequest&, unsigned long)	target r1, -0x70(r1) / ours r1, -0x48(r1)
808	99.71	stack	0	0	0	58	0	0	Enemy/tamaNoko	TTamaNoko::landEffect()	target r1, -0x90(r1) / ours r1, -0x80(r1)
804	99.96	stack	0	0	0	8	0	0	System/Application	TApplication::setupThreadFuncLogo()	target r1, -0x140(r1) / ours r1, -0x140(r1)
800	99.95	reg	0	0	0	0	1	0	GC2D/GCConsole2	TGCConsole2::startDisappearStar()	target r1, -0xa0(r1) / ours r1, -0xa0(r1)
800	99.94	stack	0	0	0	11	0	0	Player/Yoshi	TYoshi::entry()	target r1, -0x148(r1) / ours r1, -0x158(r1)
800	99.94	stack	0	0	0	11	0	0	Map/MapWarp	TMapWarp::watchToWarp()	target r1, -0x170(r1) / ours r1, -0x170(r1)
800	99.76	stack	0	0	0	48	0	0	Animal/Bird	TNerveAnimalBirdGraphWander::execute(TSpineBase<TLiveActor>*) const	target r1, -0xa0(r1) / ours r1, -0xb8(r1)
800	99.64	stack	0	0	0	73	0	0	Enemy/enemy	TSpineEnemy::doShortCut()	target r1, -0xb0(r1) / ours r1, -0xb0(r1)
796	99.97	stack	0	0	0	5	0	0	GC2D/Talk2D2	TTalk2D2::checkControler()	target r1, -0xa8(r1) / ours r1, -0x40(r1)
796	99.77	stack+reg	0	0	0	11	7	0	Enemy/bosseel	TBEelTears::init(TLiveManager*)	target r1, -0x110(r1) / ours r1, -0x110(r1)
796	99.62	operand	0	0	0	11	6	1	Player/MarioMove	TMario::checkSink()	target r1, -0xa0(r1) / ours r1, -0x58(r1)
788	99.74	stack	0	0	0	52	0	0	Player/Tongue	TYoshiTongue::findTarget(bool, bool)	target r1, -0xe0(r1) / ours r1, -0xc0(r1)
788	99.56	instr	0	0	1	29	9	3	Enemy/bosswanwan	TNerveBWStun::execute(TSpineBase<TLiveActor>*) const	target r1, -0x108(r1) / ours r1, -0xb8(r1)
784	99.99	stack	0	0	0	2	0	0	JSystem/JParticle/JPAEmitter	JPABaseEmitter::calcCreateParticle()	target r1, -0x58(r1) / ours r1, -0x58(r1)
780	99.85	stack	0	0	0	30	0	0	Enemy/bosspakkun	TBPPolDrop::move()	target r1, -0x70(r1) / ours r1, -0x30(r1)
780	99.75	operand	0	0	0	27	0	2	Enemy/BossHanachanMain	TBossHanachan::bind()	target r1, -0xb8(r1) / ours r1, -0xb8(r1)
776	99.93	operand	0	0	0	2	0	2	MoveBG/MapObjBase	TMapObjBase::makeObjAppeared()	target r1, -0xc0(r1) / ours r1, -0xc0(r1)
772	99.92	stack	0	0	0	16	0	0	Enemy/smallEnemy	TSmallEnemy::genEventCoin()	target r1, -0x100(r1) / ours r1, -0x100(r1)
772	99.87	operand	0	0	0	0	3	1	MoveBG/MapObjCloud	TRideCloud::control()	target r1, -0xc8(r1) / ours r1, -0xc8(r1)
772	99.6	operand	0	0	0	2	6	2	Enemy/Kumokun	TWallAtGraph::init(const TGraphWeb*, const JGeometry::TVec3<float>&, const JGeometry::TVec	target r1, -0xd0(r1) / ours r1, -0xd0(r1)
772	99.59	stack+reg	0	0	0	2	13	0	MoveBG/MapObjCorona	TBathtub::perform(unsigned long, JDrama::TGraphics*)	target r1, -0x168(r1) / ours r1, -0x168(r1)
768	99.85	stack	0	0	0	29	0	0	Enemy/hamukuri	TNerveHaneHamuKuriMoveOnGraph::execute(TSpineBase<TLiveActor>*) const	target r1, -0x148(r1) / ours r1, -0x148(r1)
764	99.94	stack	0	0	0	12	0	0	Player/MarioDraw	TMario::addDamageFog(JDrama::TGraphics*)	target r1, -0x150(r1) / ours r1, -0x150(r1)
756	99.97	operand	0	0	0	0	0	5	Enemy/Koopa	TKoopa::stagger(bool)	target r1, -0xc0(r1) / ours r1, -0xc0(r1)
756	99.96	stack	0	0	0	7	0	0	Enemy/hauntLeg	TNerveHauntLegHaunt::execute(TSpineBase<TLiveActor>*) const	target r1, -0x80(r1) / ours r1, -0x80(r1)
756	99.9	stack	0	0	0	18	0	0	Enemy/igaiga	TGorogoro::walkBehavior(int, float)	target r1, -0x150(r1) / ours r1, -0xb8(r1)
756	99.87	stack	0	0	0	24	0	0	MoveBG/MapObjMonte	TSwingBoard::control()	target r1, -0x118(r1) / ours r1, -0x70(r1)
756	99.85	stack	0	0	0	29	0	0	Enemy/elecNokonoko	TElecCarapace::shoot()	target r1, -0xd0(r1) / ours r1, -0xd0(r1)
752	99.65	stack	0	0	0	65	0	0	Map/Map	initMare()	target r1, -0x148(r1) / ours r1, -0x130(r1)
752	99.3	stack+reg	0	0	0	2	2	0	Map/MapStaticObject	TMapStaticObj::perform(unsigned long, JDrama::TGraphics*)	target r1, -0x150(r1) / ours r1, -0x150(r1)
744	99.96	stack	0	0	0	7	0	0	Enemy/chuuhana	TChuuHana::bind()	target r1, -0x88(r1) / ours r1, -0x88(r1)
744	99.76	stack+reg	0	0	0	34	2	0	Enemy/bgtentacle	TBGTakeHit::moveRequest(const JGeometry::TVec3<float>&)	target r1, -0x110(r1) / ours r1, -0x110(r1)
744	99.65	stack+reg	0	0	0	1	12	0	Enemy/hinokuri2	THino2Mask::perform(unsigned long, JDrama::TGraphics*)	target r1, -0xd8(r1) / ours r1, -0xd8(r1)
736	99.64	stack	0	0	0	67	0	0	Map/Map	initStageCommon()	target r1, -0x1d0(r1) / ours r1, -0x158(r1)
732	99.91	stack	0	0	0	17	0	0	Enemy/cannon	TCannon::moveObject()	target r1, -0x80(r1) / ours r1, -0x80(r1)
728	99.98	stack	0	0	0	4	0	0	Strategic/spcinterp	TSpcInterp::execsub()	target r1, -0x70(r1) / ours r1, -0x70(r1)
728	99.98	stack	0	0	0	4	0	0	Strategic/spcinterp	TSpcInterp::execmul()	target r1, -0x70(r1) / ours r1, -0x70(r1)
728	99.98	stack	0	0	0	4	0	0	Strategic/spcinterp	TSpcInterp::execdiv()	target r1, -0x70(r1) / ours r1, -0x70(r1)
728	99.98	stack	0	0	0	4	0	0	Strategic/spcinterp	TSpcInterp::execadd()	target r1, -0x70(r1) / ours r1, -0x70(r1)
728	99.96	stack	0	0	0	7	0	0	Enemy/Amenbo	TAmenbo::bind()	target r1, -0x48(r1) / ours r1, -0x48(r1)
728	99.86	operand	0	0	0	2	0	4	Enemy/seal	TSeal::init(TLiveManager*)	target r1, -0xc0(r1) / ours r1, -0xc0(r1)
728	99.67	stack+reg	0	0	0	50	2	0	System/MSoundMainSide	MSStageDistFade::proc()	target r1, -0xd8(r1) / ours r1, -0x98(r1)
728	99.64	reg	0	0	0	0	12	0	TRK_MINNOW_DOLPHIN/debugger/embedded/MetroTRK/Portable/support	TRKSuppAccessFile	target r1, -0x48(r1) / ours r1, -0x48(r1)
728	99.41	operand	0	0	0	22	12	1	MarioUtil/ShadowUtil	TMBindShadowBody::entryDrawShadow()	target r1, -0x98(r1) / ours r1, -0x98(r1)
728	99.19	stack+reg	0	0	0	7	21	0	GC2D/Talk2D2	TTalk2D2::moveTalkWindow()	target r1, -0x40(r1) / ours r1, -0x38(r1)
724	99.83	stack+reg	0	0	0	5	5	0	System/MarDirectorDirect	TMarDirector::setMario()	target r1, -0xb0(r1) / ours r1, -0x60(r1)
724	99.57	operand	0	0	0	33	4	1	GC2D/Option	TOptionSoundUnit::update()	target r1, -0xf0(r1) / ours r1, -0xd0(r1)
720	99.95	stack	0	0	0	9	0	0	System/MarDirectorDirect	TMarDirector::currentStateFinalize(unsigned char)	target r1, -0x120(r1) / ours r1, -0x90(r1)
720	99.89	stack	0	0	0	19	0	0	Enemy/emario	TEMario::load(JSUMemoryInputStream&)	target r1, -0xf0(r1) / ours r1, -0xa8(r1)
716	99.92	stack	0	0	0	14	0	0	Enemy/hanasambo	TSamboHead::genEventCoin()	target r1, -0xf0(r1) / ours r1, -0xf0(r1)
716	99.61	stack+reg	0	0	0	50	4	0	Enemy/telesa	TNerveTelesaAttackMario::execute(TSpineBase<TLiveActor>*) const	target r1, -0xf8(r1) / ours r1, -0xf8(r1)
716	99.61	operand	0	0	0	0	10	4	JSystem/JAudio/JASystem/JASChannel	JASystem::TChannel::updateEffectorParam()	target r1, -0x58(r1) / ours r1, -0x58(r1)
716	99.55	stack+reg	0	0	0	26	8	0	Enemy/koopajr	TKoopaJrSubmarine::makeRoundVelocity()	target r1, -0xa0(r1) / ours r1, -0x90(r1)
712	99.89	stack	0	0	0	19	0	0	Enemy/bossgesso	TNerveBGTentacleDamage::execute(TSpineBase<TLiveActor>*) const	target r1, -0x78(r1) / ours r1, -0x80(r1)
712	99.87	stack	0	0	0	23	0	0	NPC/NpcAnm	TBaseNPC::npcMadding()	target r1, -0xb8(r1) / ours r1, -0xb8(r1)
712	99.62	stack	0	0	0	67	0	0	MoveBG/MapObjFence	TFenceWaterH::control()	target r1, -0xf8(r1) / ours r1, -0x128(r1)
712	99.39	stack+reg	0	0	0	69	4	0	Enemy/fireWanwan	TFireWanwanTailHit::performNodes(unsigned long, JDrama::TGraphics*)	target r1, -0x140(r1) / ours r1, -0x110(r1)
708	99.83	stack	0	0	0	30	0	0	GC2D/SelectDir	TSelectDir::direct()	target r1, -0xd0(r1) / ours r1, -0x50(r1)
708	99.15	stack+reg	0	0	0	85	11	0	Enemy/bosswanwan	TBWLeashNode::calcMatrix()	target r1, -0xe8(r1) / ours r1, -0x78(r1)
704	99.93	stack	0	0	0	12	0	0	Enemy/Amenbo	TNerveAmenboTurn::execute(TSpineBase<TLiveActor>*) const	target r1, -0x60(r1) / ours r1, -0x60(r1)
704	99.82	stack+reg	0	0	0	12	2	0	Strategic/ObjHitCheck	TObjHitCheck::checkAndEntryGroup(TIdxGroupObj*)	target r1, -0x140(r1) / ours r1, -0x140(r1)
700	99.94	stack	0	0	0	11	0	0	Player/MarioAutodemo	TMario::warpOut()	target r1, -0x38(r1) / ours r1, -0x28(r1)
700	99.67	operand	0	0	0	13	5	4	Enemy/bosstelesa	TBossTelesa::rouletteStart()	target r1, -0xb0(r1) / ours r1, -0xb0(r1)
700	99.41	stack+reg	0	0	0	54	6	0	Enemy/Kumokun	TKumokun::bindOnFlying()	target r1, -0xa8(r1) / ours r1, -0xa8(r1)
696	99.96	stack	0	0	0	7	0	0	Enemy/wireBinder	TWireBinder::bind(TLiveActor*)	target r1, -0x78(r1) / ours r1, -0x78(r1)
696	99.93	stack	0	0	0	12	0	0	Enemy/bosswanwan	TBossWanwan::slideToCurPathNode(float, float)	target r1, -0x90(r1) / ours r1, -0x90(r1)
696	99.83	stack	0	0	0	30	0	0	GC2D/SelectShine2	TSelectShine::TSelectShine(J3DModelData*, J3DAnmColor*, JPAEmitterManager*, JGeometry::TVe	target r1, -0x108(r1) / ours r1, -0xd8(r1)
696	99.14	stack+reg	0	0	0	35	21	0	MoveBG/MapObjFlag	TMapObjFlag::draw()	target r1, -0x108(r1) / ours r1, -0xb8(r1)
692	99.95	stack	0	0	0	8	0	0	Enemy/bossManta	TBossMantaManager::setupEfbAlpha(JDrama::TGraphics*)	target r1, -0xd8(r1) / ours r1, -0xd8(r1)
688	99.98	stack	0	0	0	4	0	0	Enemy/yunbo	TNerveYumboDancing::execute(TSpineBase<TLiveActor>*) const	target r1, -0xb0(r1) / ours r1, -0xb0(r1)
688	99.97	stack	0	0	0	5	0	0	Enemy/chuuhana	TNerveChuuHanaForceJumped::execute(TSpineBase<TLiveActor>*) const	target r1, -0xd8(r1) / ours r1, -0xd8(r1)
688	99.84	stack	0	0	0	28	0	0	Enemy/BossHanachanSub	BHSCalcCentrifugalForce(const JGeometry::TVec3<float>&, const JGeometry::TVec3<float>&, co	target r1, -0xa0(r1) / ours r1, -0x80(r1)
688	99.65	stack+reg	0	0	0	35	5	0	Enemy/hanasambo	THanaSambo::init(TLiveManager*)	target r1, -0xe8(r1) / ours r1, -0xc8(r1)
688	99.53	reg	0	0	0	0	10	0	Enemy/Kazekun	JGeometry::TRotation3<JGeometry::TMatrix34<JGeometry::SMatrix34C<float>>>::getQuat(JGeomet	
680	99.95	stack	0	0	0	9	0	0	Enemy/pakkun	TPakkun::init(TLiveManager*)	target r1, -0xb8(r1) / ours r1, -0xc0(r1)
680	99.94	reg	0	0	0	0	2	0	Animal/Bird	TNerveAnimalBirdWaitOnGround::execute(TSpineBase<TLiveActor>*) const	target r1, -0x80(r1) / ours r1, -0x80(r1)
680	99.79	reg	0	0	0	0	5	0	Player/MarioJump	TMario::slipFalling()	target r1, -0x70(r1) / ours r1, -0x70(r1)
680	99.76	reg	0	0	0	0	6	0	Enemy/TabePuku	TNerveTabePukuFound::execute(TSpineBase<TLiveActor>*) const	target r1, -0x90(r1) / ours r1, -0x90(r1)
680	99.22	instr	0	1	0	27	0	1	Enemy/popo	TPopo::attackToMario()	target r1, -0xa0(r1) / ours r1, -0xa0(r1)
676	99.85	reg	0	0	0	0	5	0	MarioUtil/MathUtil	matan(float, float)	target r1, -0x18(r1) / ours r1, -0x18(r1)
676	99.17	operand	0	0	0	46	10	2	Enemy/enemyMario	TEnemyMario::drawHPMeter(float(*)[4])	target r1, -0xc8(r1) / ours r1, -0xb8(r1)
668	99.95	stack	0	0	0	9	0	0	Enemy/rocket	TNerveRocketPossessedNozzle::execute(TSpineBase<TLiveActor>*) const	target r1, -0xa0(r1) / ours r1, -0x40(r1)
664	99.52	reg	0	0	0	0	13	0	MoveBG/MapObjMamma	TSandBombBase::control()	target r1, -0x88(r1) / ours r1, -0x88(r1)
660	99.14	operand	0	0	0	8	25	1	Enemy/bossManta	TBossManta::init(TLiveManager*)	target r1, -0xa8(r1) / ours r1, -0xa8(r1)
656	99.92	stack	0	0	0	13	0	0	Enemy/telesa	TTelesa::behaveToWater(THitActor*)	target r1, -0x98(r1) / ours r1, -0x98(r1)
656	99.89	stack	0	0	0	18	0	0	Enemy/bossManta	TBossManta::getIntoGraphVec(JGeometry::TVec3<float>*)	target r1, -0x130(r1) / ours r1, -0x130(r1)
656	99.82	stack	0	0	0	29	0	0	Animal/AnimalBase	TAnimalBase::init(TLiveManager*)	target r1, -0x98(r1) / ours r1, -0x70(r1)
652	99.59	stack+reg	0	0	0	2	12	0	Enemy/igaiga	TIgaiga::moveObject()	target r1, -0x118(r1) / ours r1, -0x118(r1)
648	99.03	stack	0	0	0	37	0	0	Enemy/wireTrap	TNerveWireTrapSearch::execute(TSpineBase<TLiveActor>*) const	target r1, -0xa0(r1) / ours r1, -0x88(r1)
644	99.98	stack	0	0	0	3	0	0	Enemy/poihana	TPoiHana::init(TLiveManager*)	target r1, -0xd0(r1) / ours r1, -0xd0(r1)
644	99.68	operand	0	0	0	8	4	1	GC2D/Option	TOptionSubtitleUnit::update()	target r1, -0x1f0(r1) / ours r1, -0x1f0(r1)
640	99.96	stack	0	0	0	7	0	0	Enemy/enemyAttachment	TEnemyAttachment::bind()	target r1, -0x78(r1) / ours r1, -0x78(r1)
640	99.86	stack	0	0	0	23	0	0	MoveBG/MapObjGeneral	TMapObjGeneral::bind()	target r1, -0xb0(r1) / ours r1, -0xb0(r1)
640	99.64	stack+reg	0	0	0	27	4	0	Map/MapWire	TMapWire::move()	target r1, -0xd8(r1) / ours r1, -0x78(r1)
636	99.47	stack+reg	0	0	0	20	11	0	Player/ModelWaterManager	TModelWaterManager::perform(unsigned long, JDrama::TGraphics*)	target r1, -0x88(r1) / ours r1, -0x60(r1)
628	99.96	stack	0	0	0	6	0	0	Enemy/bosspakkun	TNerveBPTumbleOut::execute(TSpineBase<TLiveActor>*) const	target r1, -0xa0(r1) / ours r1, -0xa0(r1)
628	99.63	operand	0	0	0	6	8	2	Player/MarioDraw	MarioWaistCtrl(J3DNode*, int)	target r1, -0xe0(r1) / ours r1, -0xe0(r1)
624	99.92	stack	0	0	0	13	0	0	MSound/MSoundSE	MSoundSESystem::MSoundSE::startSoundActorWithInfo(unsigned long, const Vec*, Vec*, float, 	target r1, -0x88(r1) / ours r1, -0x88(r1)
624	99.23	stack+reg	0	0	0	2	22	0	JSystem/JParticle/JPAMath	JPAGetRMtxTVecElement(float(*)[4], float(*)[4], JGeometry::TVec3<float>&)	target r1, -0x68(r1) / ours r1, -0x68(r1)
620	99.74	instr	0	0	1	26	1	0	MoveBG/MapObjCorona	TBathtub::allowsTumble() const	target r1, -0x88(r1) / ours r1, -0x78(r1)
616	99.84	stack	0	0	0	24	0	0	System/EventWatcher	evIsOnLiveActorFlag(TSpcTypedInterp<TEventWatcher>*, unsigned long)	target r1, -0xb0(r1) / ours r1, -0xb0(r1)
616	99.79	stack	0	0	0	32	0	0	JSystem/JParticle/JPADrawVisitor	JPADrawExecRotYBillBoard::exec(const JPADrawContext*, JPABaseParticle*)	target r1, -0x90(r1) / ours r1, -0x90(r1)
612	99.95	stack	0	0	0	7	0	0	Enemy/chuuhana	TChuuHana::attackToMario()	target r1, -0xc0(r1) / ours r1, -0xc0(r1)
612	99.94	stack	0	0	0	9	0	0	Map/Map	TMap::update()	target r1, -0x110(r1) / ours r1, -0xb8(r1)
612	99.93	stack	0	0	0	10	0	0	Enemy/cannon	TCannon::bombSet()	target r1, -0x80(r1) / ours r1, -0x80(r1)
612	99.86	stack	0	0	0	21	0	0	GC2D/GCConsole2	TGCConsole2::endCameraDemo()	target r1, -0xc0(r1) / ours r1, -0xa0(r1)
612	99.85	stack	0	0	0	23	0	0	Enemy/igaiga	TIgaiga::setMeltAnm()	target r1, -0x90(r1) / ours r1, -0x90(r1)
608	99.97	stack	0	0	0	5	0	0	Map/MapMakeList	TMapCollisionData::removeCheckListData(unsigned short, long)	target r1, -0x70(r1) / ours r1, -0x48(r1)
608	99.95	stack	0	0	0	8	0	0	MoveBG/MapObjMamma	TMammaBlockRotate::control()	target r1, -0xb8(r1) / ours r1, -0xb8(r1)
608	99.95	stack	0	0	0	7	0	0	Enemy/hamukuri	THamuKuri::bind()	target r1, -0x68(r1) / ours r1, -0x68(r1)
608	99.78	stack	0	0	0	33	0	0	Animal/BeeHive	TBeeHive::bind()	target r1, -0x68(r1) / ours r1, -0x68(r1)
604	99.95	stack	0	0	0	7	0	0	Strategic/liveactor	TLiveActor::bind()	target r1, -0x40(r1) / ours r1, -0x40(r1)
604	99.93	stack	0	0	0	11	0	0	JSystem/JParticle/JPAField	JPABaseField::loadFieldBlock(JPADataBlock*)	target r1, -0x50(r1) / ours r1, -0x48(r1)
604	99.92	stack	0	0	0	12	0	0	Enemy/bossManta	TBossManta::control()	target r1, -0x178(r1) / ours r1, -0x178(r1)
600	99.79	stack	0	0	0	31	0	0	MSound/MSoundStruct	MSSetSoundTL<MSSetSound>::MSSetSoundTL(unsigned long, const char*, MSSetSound*, unsigned c	target r1, -0x128(r1) / ours r1, -0xc0(r1)
600	99.79	stack	0	0	0	31	0	0	MSound/MSoundSE	MSSetSoundTL<MSSetSoundGrp>::MSSetSoundTL(unsigned long, const char*, MSSetSoundGrp*, unsi	target r1, -0x128(r1) / ours r1, -0xc0(r1)
600	99.5	operand	0	0	0	0	13	1	MSound/MAnmSound	MAnmSoundNPC::startAnimSound(void*, unsigned long, JAISound**, JAIActor*, unsigned char)	target r1, -0x90(r1) / ours r1, -0x90(r1)
596	99.87	stack	0	0	0	19	0	0	MoveBG/MapObjMonte	THangingBridge::initDraw() const	target r1, -0xf0(r1) / ours r1, -0xd8(r1)
596	99.83	stack	0	0	0	26	0	0	Enemy/tobiPuku	TNerveTobiPukuReturnLaunch::execute(TSpineBase<TLiveActor>*) const	target r1, -0x70(r1) / ours r1, -0x70(r1)
596	99.6	reg	0	0	0	0	10	0	Enemy/igaiga	TGorogoro::behaveToWater(THitActor*)	target r1, -0xd0(r1) / ours r1, -0xd0(r1)
592	99.49	stack+reg	0	0	0	7	5	0	MoveBG/MapObjCorona	TBathtub::getNextGrip(const JGeometry::TVec3<float>&, const JGeometry::TVec3<float>&, floa	target r1, -0x148(r1) / ours r1, -0x148(r1)
592	99.32	reg	0	0	0	0	7	0	Enemy/bosstelesa	TNerveBossTelesaSpitSlotItem::execute(TSpineBase<TLiveActor>*) const	target r1, -0x50(r1) / ours r1, -0x50(r1)
588	99.93	stack	0	0	0	11	0	0	Enemy/popo	TPopo::init(TLiveManager*)	target r1, -0xd0(r1) / ours r1, -0xd0(r1)
588	99.76	stack	0	0	0	36	0	0	Enemy/enemy	TSpineEnemy::goToExclusiveNextGraphNode()	target r1, -0x170(r1) / ours r1, -0x160(r1)
584	99.99	stack	0	0	0	2	0	0	Player/MarioRun	TMario::walkEnd()	target r1, -0x20(r1) / ours r1, -0x20(r1)
584	99.78	stack+reg	0	0	0	7	4	0	Enemy/mameGesso	TNerveMameGessoThrown::execute(TSpineBase<TLiveActor>*) const	target r1, -0x70(r1) / ours r1, -0x68(r1)
584	99.28	operand	0	0	0	53	5	2	MoveBG/MapObjBianco	TLeafBoat::bind()	target r1, -0xe8(r1) / ours r1, -0xe8(r1)
580	99.95	stack	0	0	0	7	0	0	Enemy/killer	TFlyEnemy::fly()	target r1, -0x78(r1) / ours r1, -0x78(r1)
580	99.94	stack	0	0	0	9	0	0	MoveBG/MapObjMamma	TSandBird::control()	target r1, -0x78(r1) / ours r1, -0x70(r1)
576	99.9	stack	0	0	0	15	0	0	Enemy/cannon	TCannon::setKillerGoalPoint()	target r1, -0x80(r1) / ours r1, -0x80(r1)
576	99.47	stack+reg	0	0	0	7	5	0	MoveBG/MapObjCorona	TBathtub::getNextJuncture(const JGeometry::TVec3<float>&, const JGeometry::TVec3<float>&) 	target r1, -0x130(r1) / ours r1, -0x130(r1)
572	99.92	stack	0	0	0	11	0	0	MoveBG/MapObjMonte	TFluff::move()	target r1, -0x78(r1) / ours r1, -0x28(r1)
572	99.74	stack+reg	0	0	0	3	4	0	MarioUtil/DrawUtil	TSilhouette::loadAfter()	target r1, -0x80(r1) / ours r1, -0x80(r1)
564	99.93	reg	0	0	0	0	2	0	Enemy/tinkoopa	TTinKoopaFlame::emitFlameEffects()	target r1, -0x60(r1) / ours r1, -0x60(r1)
564	99.87	stack	0	0	0	18	0	0	System/EventWatcher	evInsertTimer(TSpcTypedInterp<TEventWatcher>*, unsigned long)	target r1, -0xa0(r1) / ours r1, -0xa0(r1)
564	99.87	operand	0	0	0	0	0	3	Camera/CameraBGCheck	CPolarSubCamera::execWallCheck_(Vec*)	target r1, -0xb0(r1) / ours r1, -0xb0(r1)
564	99.79	stack	0	0	0	29	0	0	System/EventWatcher	evWarpFrontToMario(TSpcTypedInterp<TEventWatcher>*, unsigned long)	target r1, -0xb0(r1) / ours r1, -0xb0(r1)
564	99.6	stack	0	0	0	56	0	0	Enemy/graph	TSplineRail::getPosAndRot(float, JGeometry::TVec3<float>*, JGeometry::TVec3<float>*)	target r1, -0xf8(r1) / ours r1, -0xe8(r1)
560	99.97	stack	0	0	0	4	0	0	Enemy/hanasambo	TSamboFlowerManager::dropLeaf(JGeometry::TVec3<float>&, JGeometry::TVec3<float>&)	target r1, -0x110(r1) / ours r1, -0x110(r1)
560	99.94	stack	0	0	0	9	0	0	Enemy/smallEnemy	TSmallEnemy::receiveMessage(THitActor*, unsigned long)	target r1, -0x58(r1) / ours r1, -0x28(r1)
560	99.93	reg	0	0	0	0	1	0	MarioUtil/MtxUtil	MtxToQuat(float(*)[4], Quaternion*)	target r1, -0x28(r1) / ours r1, -0x28(r1)
560	99.89	reg	0	0	0	0	3	0	Enemy/killer	TFlyEnemy::calcChaseParam()	target r1, -0x90(r1) / ours r1, -0x90(r1)
556	99.98	stack	0	0	0	3	0	0	Enemy/bosseel	TBEelTearsDrop::TBEelTearsDrop(TBEelTears*, int, SDLModelData*, const char*)	target r1, -0x138(r1) / ours r1, -0x138(r1)
556	99.95	stack	0	0	0	7	0	0	Enemy/amiNoko	TAmiNoko::bind()	target r1, -0x40(r1) / ours r1, -0x40(r1)
556	99.89	stack	0	0	0	15	0	0	Enemy/hinokuri2	TNerveHino2Die::execute(TSpineBase<TLiveActor>*) const	target r1, -0x80(r1) / ours r1, -0x80(r1)
556	99.58	stack+reg	0	0	0	28	6	0	MarioUtil/MtxUtil	TRope::constraintTail(const JGeometry::TVec3<float>&)	target r1, -0x68(r1) / ours r1, -0x50(r1)
552	99.94	stack	0	0	0	8	0	0	Enemy/bosseel	TBossEelTooth::TBossEelTooth(unsigned char, TBossEel*, const char*, SDLModelData*, const c	target r1, -0x110(r1) / ours r1, -0x110(r1)
552	99.18	stack+reg	0	0	0	38	7	0	JSystem/JParticle/JPADrawVisitor	JPADrawExecRotation::exec(const JPADrawContext*, JPABaseParticle*)	target r1, -0xd8(r1) / ours r1, -0xd0(r1)
548	99.91	stack	0	0	0	13	0	0	Enemy/amiNoko	TAmiNoko::init(TLiveManager*)	target r1, -0x98(r1) / ours r1, -0x98(r1)
544	99.93	stack	0	0	0	10	0	0	System/CardManager	TCardManager::writeBlock_(unsigned long)	target r1, -0x70(r1) / ours r1, -0x58(r1)
544	99.91	stack	0	0	0	12	0	0	Enemy/wireTrap	TWireTrap::load(JSUMemoryInputStream&)	target r1, -0xa8(r1) / ours r1, -0xa8(r1)
540	99.85	reg	0	0	0	0	3	0	Strategic/liveactor	TLiveActor::calcRideMomentum()	target r1, -0xa8(r1) / ours r1, -0xa8(r1)
540	99.84	stack	0	0	0	21	0	0	MoveBG/MapObjMonte	TSwingBoard::load(JSUMemoryInputStream&)	target r1, -0x40(r1) / ours r1, -0x68(r1)
540	99.83	stack	0	0	0	23	0	0	JSystem/JParticle/JPADrawVisitor	JPADrawExecRotBillBoard::exec(const JPADrawContext*, JPABaseParticle*)	target r1, -0x80(r1) / ours r1, -0x80(r1)
540	99.81	stack	0	0	0	25	0	0	MoveBG/MapObjBall	TMapObjBall::kicked()	target r1, -0xb8(r1) / ours r1, -0x78(r1)
536	99.96	stack	0	0	0	5	0	0	GC2D/Option	TOptionControl::movementOption()	target r1, -0xa0(r1) / ours r1, -0xa0(r1)
536	99.95	stack	0	0	0	7	0	0	NPC/NpcCollision	TBaseNPC::bind()	target r1, -0x48(r1) / ours r1, -0x48(r1)
532	99.92	stack	0	0	0	11	0	0	NPC/NpcEvent	ev__ForceStartTalk__FP32TSpcTypedInterp<13TEventWatcher>Ul	target r1, -0x90(r1) / ours r1, -0x90(r1)
532	99.87	stack	0	0	0	17	0	0	Enemy/bosstelesa	TBubble::appendEnemy()	target r1, -0x50(r1) / ours r1, -0x40(r1)
532	99.86	stack	0	0	0	19	0	0	GC2D/Talk2D2	TTalk2D2::openTalkWindow(TBaseNPC*)	target r1, -0x98(r1) / ours r1, -0x60(r1)
532	99.57	operand	0	0	0	13	4	2	Enemy/elecNokonoko	TElecCarapace::reflect(THitActor*)	target r1, -0x50(r1) / ours r1, -0x50(r1)
528	99.79	stack	0	0	0	28	0	0	Camera/CameraNotice	CPolarSubCamera::ctrlLButtonCamera_()	target r1, -0x70(r1) / ours r1, -0x50(r1)
528	99.7	reg	0	0	0	0	8	0	Player/MarioCheckCol	TMario::hitNormal(THitActor*)	target r1, -0x30(r1) / ours r1, -0x30(r1)
524	99.96	stack	0	0	0	5	0	0	MoveBG/MapObjMonte	TSwingBoard::initDraw() const	target r1, -0x80(r1) / ours r1, -0x88(r1)
524	99.96	stack	0	0	0	5	0	0	MoveBG/MapObjMare	TWireBell::initDraw() const	target r1, -0x80(r1) / ours r1, -0x88(r1)
524	99.96	stack	0	0	0	5	0	0	MoveBG/MapObjMare	TCogwheel::initDraw() const	target r1, -0x80(r1) / ours r1, -0x88(r1)
520	99.9	operand	0	0	0	13	0	2	Player/MarioAutodemo	TMario::readBillboard()	target r1, -0x70(r1) / ours r1, -0x30(r1)
516	99.89	stack	0	0	0	14	0	0	Enemy/hamukuri	THamuKuri::forceRoll(JGeometry::TVec3<float>, bool)	target r1, -0xb0(r1) / ours r1, -0xb0(r1)
512	99.95	stack	0	0	0	7	0	0	Enemy/hamukuri	TDangoHamuKuri::receiveMessage(THitActor*, unsigned long)	target r1, -0x48(r1) / ours r1, -0x28(r1)
512	99.84	stack	0	0	0	21	0	0	Enemy/chuuhana	TChuuHana::willFall(long)	target r1, -0xd0(r1) / ours r1, -0xd0(r1)
512	99.15	instr	1	0	0	4	0	1	Enemy/bosstelesa	TNerveBossTelesaHideWait::execute(TSpineBase<TLiveActor>*) const	target r1, -0x78(r1) / ours r1, -0x78(r1)
508	99.94	stack	0	0	0	7	0	0	Strategic/MirrorActor	TMirrorActor::init(J3DModel*, unsigned short)	target r1, -0xd8(r1) / ours r1, -0xd8(r1)
504	99.94	stack	0	0	0	7	0	0	Enemy/elecNokonoko	TElecCarapace::sendMessage()	target r1, -0xa0(r1) / ours r1, -0xa8(r1)
504	99.63	stack+reg	0	0	0	27	4	0	Enemy/koopajr	TKoopaJrSubmarine::makeRelativeAngle()	target r1, -0xf0(r1) / ours r1, -0xd8(r1)
500	99.63	operand	0	0	0	34	0	2	Enemy/BossHanachanMain	TBossHanachan::execWalk(bool)	target r1, -0xb8(r1) / ours r1, -0xd0(r1)
496	99.91	stack	0	0	0	11	0	0	Enemy/elecNokonoko	TElecCarapace::loadInit(TSpineEnemy*, const char*)	target r1, -0xa8(r1) / ours r1, -0xa8(r1)
496	99.89	stack	0	0	0	14	0	0	Player/MarioPhysics	TMario::hangonCheck(const TBGCheckData*, const Vec&, const Vec&)	target r1, -0x60(r1) / ours r1, -0x60(r1)
492	99.97	stack	0	0	0	4	0	0	Enemy/bosstelesa	TNerveBossTelesaFallDemo::execute(TSpineBase<TLiveActor>*) const	target r1, -0x68(r1) / ours r1, -0x68(r1)
492	99.96	stack	0	0	0	5	0	0	Strategic/liveactor	TLiveActor::init(TLiveManager*)	target r1, -0x60(r1) / ours r1, -0x60(r1)
492	99.23	stack+reg	0	0	0	5	14	0	MoveBG/MapObjBianco	TLampSeesawMain::control()	target r1, -0x48(r1) / ours r1, -0x28(r1)
488	99.97	stack	0	0	0	4	0	0	System/EventWatcher	evAppear8RedCoinsAndTimer(TSpcTypedInterp<TEventWatcher>*, unsigned long)	target r1, -0xa0(r1) / ours r1, -0xa0(r1)
488	99.9	stack	0	0	0	12	0	0	Enemy/wireTrap	TNerveWireTrapReturnMove::execute(TSpineBase<TLiveActor>*) const	target r1, -0x68(r1) / ours r1, -0x60(r1)
488	99.52	stack	0	0	0	59	0	0	Player/MarioSpecial	TMario::getOnWirePosAngle(JGeometry::TVec3<float>*, short*)	target r1, -0x148(r1) / ours r1, -0x160(r1)
484	99.93	stack	0	0	0	9	0	0	System/Application	TApplication::checkAdditionalMovie()	target r1, -0x58(r1) / ours r1, -0x20(r1)
484	99.92	reg	0	0	0	0	1	0	Enemy/killer	TKiller::genEventCoin()	target r1, -0xd8(r1) / ours r1, -0xd8(r1)
484	99.9	stack	0	0	0	12	0	0	Enemy/graph	TGraphGroup::initGraphGroup()	target r1, -0xc0(r1) / ours r1, -0xc0(r1)
484	99.31	stack+reg	0	0	0	38	7	0	Enemy/tobiPuku	TTobiPukuLaunchPad::forceLaunch(TTobiPuku*)	target r1, -0xd8(r1) / ours r1, -0xa0(r1)
480	99.97	stack	0	0	0	3	0	0	Enemy/bossManta	TBossManta::moveObject()	target r1, -0x60(r1) / ours r1, -0x60(r1)
480	99.94	stack	0	0	0	7	0	0	Enemy/hamukuri	THaneHamuKuri::bind()	target r1, -0x48(r1) / ours r1, -0x48(r1)
480	99.89	stack	0	0	0	13	0	0	Enemy/BossHanachanSub	TSphereLink::TSphereLink(unsigned short, const JGeometry::TVec3<float>&, float, float, flo	target r1, -0xb8(r1) / ours r1, -0xb8(r1)
480	99.84	stack	0	0	0	19	0	0	Enemy/tinkoopa	TTinKoopaPartsBase::initTinKoopaPartsBase()	target r1, -0xa8(r1) / ours r1, -0xa8(r1)
480	99.81	stack	0	0	0	23	0	0	Enemy/bossManta	TBossMantaAdditionalCollisionSet::update(unsigned long, JDrama::TGraphics*)	target r1, -0xf0(r1) / ours r1, -0x98(r1)
480	99.5	stack+reg	0	0	0	10	7	0	Map/MapMakeList	TMapCollisionData::getGridArea(const TBGCheckData*, int, int*, int*, int*, int*)	target r1, -0xe0(r1) / ours r1, -0x70(r1)
472	99.76	stack	0	0	0	28	0	0	Strategic/ObjHitCheck	TObjHitCheck::entryGroup(TIdxGroupObj*)	target r1, -0xe0(r1) / ours r1, -0xd8(r1)
472	99.34	stack+reg	0	0	0	13	8	0	GC2D/GCConsole2	TGCConsole2::startAppearTelop(bool)	target r1, -0xf0(r1) / ours r1, -0xc0(r1)
468	99.96	stack	0	0	0	5	0	0	NPC/NpcEvent	evCheckLatestNerve4Npc(TSpcTypedInterp<TEventWatcher>*, unsigned long)	target r1, -0x98(r1) / ours r1, -0x98(r1)
468	99.85	stack+reg	0	0	0	7	1	0	Map/PollutionLayer	TPollutionLayer::initTexImage(const char*)	target r1, -0x1d8(r1) / ours r1, -0x168(r1)
468	99.27	reg	0	0	0	0	5	0	MSound/MSoundScene	MSSceneSE::sortMaxTrans(Vec*, unsigned char, unsigned char)	target r1, -0x40(r1) / ours r1, -0x40(r1)
464	99.97	stack	0	0	0	4	0	0	GC2D/PauseMenu2	TPauseMenu2::setDrawStart()	target r1, -0xb8(r1) / ours r1, -0xb8(r1)
464	99.96	stack	0	0	0	5	0	0	NPC/NpcEvent	evCheckCurNerve4Npc(TSpcTypedInterp<TEventWatcher>*, unsigned long)	target r1, -0xa0(r1) / ours r1, -0xa0(r1)
464	99.89	stack	0	0	0	13	0	0	Enemy/Koopa	TNerveKoopaTumble::execute(TSpineBase<TLiveActor>*) const	target r1, -0x78(r1) / ours r1, -0x68(r1)
460	99.87	reg	0	0	0	0	2	0	MoveBG/MapObjCorona	TBathtub::getNearGrip(const JGeometry::TVec3<float>&, float, float*) const	target r1, -0x118(r1) / ours r1, -0x118(r1)
456	99.92	stack	0	0	0	9	0	0	Enemy/tobiPuku	TNerveTobiPukuBound::execute(TSpineBase<TLiveActor>*) const	target r1, -0x68(r1) / ours r1, -0x60(r1)
456	99.92	stack	0	0	0	9	0	0	Enemy/cannon	TNerveCannonOpen::execute(TSpineBase<TLiveActor>*) const	target r1, -0x60(r1) / ours r1, -0x58(r1)
456	99.81	stack	0	0	0	22	0	0	Enemy/walker	calcFarthestVertex(const TBGCheckData*, const JGeometry::TVec3<float>&, const JGeometry::T	target r1, -0x70(r1) / ours r1, -0x58(r1)
456	99.73	stack+reg	0	0	0	11	2	0	Player/MarioMove	TMario::thinkYoshiHeadCollision()	target r1, -0x88(r1) / ours r1, -0x88(r1)
452	99.96	stack	0	0	0	5	0	0	MSound/MSoundSE	MSoundSESystem::MSRandPlay::randPlay(unsigned long)	target r1, -0x40(r1) / ours r1, -0x40(r1)
452	99.79	stack+reg	0	0	0	5	3	0	Enemy/hauntLeg	THauntLegManager::initSetEnemies()	target r1, -0xe0(r1) / ours r1, -0xe0(r1)
448	99.79	stack	0	0	0	23	0	0	Map/Map	initMonte()	target r1, -0xe8(r1) / ours r1, -0xc8(r1)
448	99.63	stack	0	0	0	41	0	0	JSystem/JParticle/JPADrawVisitor	JPADrawExecLine::exec(const JPADrawContext*, JPABaseParticle*)	target r1, -0x78(r1) / ours r1, -0x70(r1)
448	99.57	operand	0	0	0	10	1	3	Map/MapEventMare	TMareWallRock::loadAfter()	target r1, -0x170(r1) / ours r1, -0x128(r1)
440	99.91	reg	0	0	0	0	2	0	MoveBG/MapObjPinna	TMerrygoround::control()	target r1, -0x50(r1) / ours r1, -0x50(r1)
440	99.87	stack	0	0	0	14	0	0	GC2D/Talk2D2	TTalk2D2::checkBoardControler()	target r1, -0x70(r1) / ours r1, -0x38(r1)
440	99.84	stack	0	0	0	18	0	0	Enemy/bosswanwan	TBWPicket::moveRequest(const JGeometry::TVec3<float>&)	target r1, -0x68(r1) / ours r1, -0x68(r1)
440	99.83	stack	0	0	0	19	0	0	MoveBG/MapObjMare	TMuddyBoat::calc()	target r1, -0xd0(r1) / ours r1, -0xd0(r1)
440	99.29	stack+reg	0	0	0	13	11	0	Strategic/ObjHitCheck	TObjHitCheck::checkWater()	target r1, -0xb8(r1) / ours r1, -0xb0(r1)
436	99.93	stack	0	0	0	8	0	0	MoveBG/MapObjRailBlock	TNormalLift::control()	target r1, -0x78(r1) / ours r1, -0x78(r1)
436	99.92	stack	0	0	0	9	0	0	Enemy/emario	TEMario::init(TLiveManager*)	target r1, -0x88(r1) / ours r1, -0x60(r1)
436	99.89	stack	0	0	0	12	0	0	Enemy/hamukuri	THamuKuri::jumpToSearchActor()	target r1, -0x68(r1) / ours r1, -0x60(r1)
436	99.71	stack+reg	0	0	0	3	3	0	Enemy/enemymanager	TEnemyManager::copyAnmMtx(TSpineEnemy*)	target r1, -0xc0(r1) / ours r1, -0xc0(r1)
432	99.96	stack	0	0	0	4	0	0	NPC/NpcEvent	evCheckMonteClear(TSpcTypedInterp<TEventWatcher>*, unsigned long)	target r1, -0x90(r1) / ours r1, -0x90(r1)
432	99.95	stack	0	0	0	5	0	0	Enemy/TabePuku	TTabePuku::init(TLiveManager*)	target r1, -0x48(r1) / ours r1, -0x48(r1)
432	99.94	stack	0	0	0	7	0	0	Map/Map	initStage()	target r1, -0x70(r1) / ours r1, -0x58(r1)
432	99.86	reg	0	0	0	0	3	0	MoveBG/MapObjTree	TMapObjTree::initMapObj()	target r1, -0x90(r1) / ours r1, -0x90(r1)
432	99.85	stack	0	0	0	16	0	0	Enemy/enemy	TSpineEnemy::goToDirLimitedNextGraphNode(float)	target r1, -0xd8(r1) / ours r1, -0xd8(r1)
432	99.16	stack+reg	0	0	0	11	15	0	MoveBG/MapObjMare	TMuddyBoat::moveByWater()	target r1, -0x80(r1) / ours r1, -0x78(r1)
428	99.56	stack+reg	0	0	0	27	4	0	Enemy/TabePuku	TTabePuku::bind()	target r1, -0xe0(r1) / ours r1, -0xb0(r1)
428	99.21	reg	0	0	0	0	13	0	System/EventWatcher	evSetGraffitoMultiplied(TSpcTypedInterp<TEventWatcher>*, unsigned long)	target r1, -0x70(r1) / ours r1, -0x70(r1)
424	99.8	stack	0	0	0	21	0	0	Enemy/limitkoopajr	TNerveLimitKoopaJrRun::execute(TSpineBase<TLiveActor>*) const	target r1, -0x60(r1) / ours r1, -0x68(r1)
424	99.62	stack	0	0	0	40	0	0	Map/MapWireManager	TMapWireActor::getPosInWire() const	target r1, -0xb8(r1) / ours r1, -0xb8(r1)
420	99.24	operand	0	0	0	0	7	3	MoveBG/MapObjBianco	TBigWindmill::control()	target r1, -0x70(r1) / ours r1, -0x70(r1)
416	99.9	reg	0	0	0	0	2	0	Enemy/bossgesso	TBGBeakHit::moveRequest(const JGeometry::TVec3<float>&)	target r1, -0x78(r1) / ours r1, -0x78(r1)
416	99.9	reg	0	0	0	0	1	0	Map/BathWaterManager	TBathtubData::getPos(int, int, float) const	target r1, -0x70(r1) / ours r1, -0x70(r1)
412	99.91	stack	0	0	0	9	0	0	MoveBG/MapObjMamma	TMammaMirrorMapOperator::TMammaMirrorMapOperator(const char*)	target r1, -0x30(r1) / ours r1, -0x38(r1)
412	99.91	stack	0	0	0	9	0	0	Enemy/enemyMario	TEnemyMario::emWaitingToInviteMario()	target r1, -0xa8(r1) / ours r1, -0xa8(r1)
412	99.8	stack	0	0	0	21	0	0	System/CardManager	TCardManager::copyTo(TCardManager::TCriteria*, TCardBookmarkInfo*)	target r1, -0x98(r1) / ours r1, -0xa0(r1)
412	99.8	stack	0	0	0	21	0	0	Enemy/popo	PopoNonScaleCallback(J3DNode*, int)	target r1, -0xc0(r1) / ours r1, -0x80(r1)
412	99.72	stack	0	0	0	19	0	0	Enemy/igaiga	TIgaiga::walkBehavior(int, float)	target r1, -0xc8(r1) / ours r1, -0x68(r1)
408	99.96	stack	0	0	0	4	0	0	Player/MarioDraw	TMario::drawLogic()	target r1, -0x28(r1) / ours r1, -0x28(r1)
408	99.96	stack	0	0	0	4	0	0	Map/MapEventMare	TMareWallRock::appear()	target r1, -0x78(r1) / ours r1, -0x78(r1)
408	99.93	stack	0	0	0	7	0	0	Enemy/Koopa	TNerveKoopaTurnL::execute(TSpineBase<TLiveActor>*) const	target r1, -0x1a8(r1) / ours r1, -0x90(r1)
408	99.88	stack	0	0	0	12	0	0	MoveBG/MapObjPinna	TPinnaCoaster::control()	target r1, -0x88(r1) / ours r1, -0x88(r1)
408	99.85	reg	0	0	0	0	3	0	MoveBG/MapObjPinna	TFerrisWheel::control()	target r1, -0x60(r1) / ours r1, -0x60(r1)
408	99.71	stack	0	0	0	30	0	0	Map/MapMakeData	TMapCollisionBase::updateTrans(const JGeometry::TVec3<float>&)	target r1, -0x70(r1) / ours r1, -0x58(r1)
404	99.9	reg	0	0	0	0	1	0	MoveBG/MapObjLib	TMapObjTurn::touchWater(THitActor*)	target r1, -0x80(r1) / ours r1, -0x80(r1)
404	99.88	stack	0	0	0	12	0	0	Enemy/bosswanwan	TNerveBWWakeup::execute(TSpineBase<TLiveActor>*) const	target r1, -0x48(r1) / ours r1, -0x58(r1)
404	99.81	stack+reg	0	0	0	4	2	0	Enemy/tinkoopa	TTinKoopa::checkTinKoopaKillerApproachingMessage()	target r1, -0x90(r1) / ours r1, -0x90(r1)
404	99.73	stack	0	0	0	27	0	0	Player/Tongue	TYoshiTongue::emit(const JGeometry::TVec3<float>&, const JGeometry::TVec3<float>&, const J	target r1, -0x60(r1) / ours r1, -0x58(r1)
404	99.5	reg	0	0	0	0	6	0	JSystem/JDrama/JDREfbSetting	JDrama::IssueGXCopyDisp(void*, const JDrama::TRect&, const _GXRenderModeObj&, JUtility::TC	target r1, -0x50(r1) / ours r1, -0x50(r1)
400	99.93	stack	0	0	0	7	0	0	Enemy/Koopa	TNerveKoopaTurnR::execute(TSpineBase<TLiveActor>*) const	target r1, -0x1a0(r1) / ours r1, -0x90(r1)
400	99.66	stack	0	0	0	34	0	0	System/MarDirectorEvent	TMarDirector::setNextStage(unsigned short, JDrama::TActor*)	target r1, -0x50(r1) / ours r1, -0x40(r1)
400	99.25	operand	0	0	0	33	2	2	Map/MapStaticObject	TMapObjSoundGroup::perform(unsigned long, JDrama::TGraphics*)	target r1, -0xcb8(r1) / ours r1, -0xca0(r1)
396	99.29	reg	0	0	0	0	12	0	MoveBG/MapObjMonte	THangingBridgeBoard::drawOneRope(const JGeometry::TVec3<float>&) const	target r1, -0x78(r1) / ours r1, -0x78(r1)
392	99.92	stack	0	0	0	8	0	0	Enemy/enemyAttachment	TEnemyPolluteModelManager::generatePolluteModel(JGeometry::TVec3<float>&, JGeometry::TVec3	target r1, -0x98(r1) / ours r1, -0x98(r1)
392	99.89	stack	0	0	0	11	0	0	System/EventWatcher	evStartEventSE(TSpcTypedInterp<TEventWatcher>*, unsigned long)	target r1, -0x58(r1) / ours r1, -0x58(r1)
388	99.95	stack	0	0	0	5	0	0	Enemy/hanasambo	TSamboHead::attackToMario()	target r1, -0x60(r1) / ours r1, -0x50(r1)
388	99.82	stack	0	0	0	17	0	0	System/EventWatcher	evIsInsideCube(TSpcTypedInterp<TEventWatcher>*, unsigned long)	target r1, -0x60(r1) / ours r1, -0x60(r1)
388	99.78	stack	0	0	0	21	0	0	Enemy/chuuhana	TChuuHana::reset()	target r1, -0xa0(r1) / ours r1, -0xa0(r1)
388	99.55	stack+reg	0	0	0	4	6	0	MoveBG/MapObjMamma	TSandBombBase::exploding()	target r1, -0x60(r1) / ours r1, -0x60(r1)
384	99.93	stack	0	0	0	7	0	0	Enemy/pakkun	TPakkunSeed::loadInit(TSpineEnemy*, const char*)	target r1, -0xb0(r1) / ours r1, -0xb0(r1)
384	99.58	reg	0	0	0	0	7	0	NPC/NpcNerve	TNerveNPCGraphWait::execute(TSpineBase<TLiveActor>*) const	target r1, -0x68(r1) / ours r1, -0x68(r1)
380	99.05	reg	0	0	0	0	15	0	Enemy/graph	TGraphTracer::traceSpline(float)	target r1, -0xa8(r1) / ours r1, -0xa8(r1)
376	99.84	stack	0	0	0	15	0	0	MoveBG/MapObjMamma	TMammaBlockRotate::initMapObj()	target r1, -0x138(r1) / ours r1, -0xc8(r1)
376	99.79	instr	0	0	1	0	2	0	Enemy/poihana	TPoiHana::walkBehavior(int, float)	target r1, -0x60(r1) / ours r1, -0x60(r1)
376	99.49	stack	0	0	0	48	0	0	Player/MarioCollision	TMario::calcDamagePos(const JGeometry::TVec3<float>&)	target r1, -0x80(r1) / ours r1, -0x98(r1)
372	99.96	stack	0	0	0	4	0	0	Player/MarioRun	TMario::slopeProcess()	target r1, -0x90(r1) / ours r1, -0x90(r1)
372	99.72	stack	0	0	0	26	0	0	MoveBG/MapObjMare	TMapObjPuncher::touchPlayer(THitActor*)	target r1, -0x68(r1) / ours r1, -0x68(r1)
368	99.96	stack	0	0	0	4	0	0	System/EventWatcher	evIsWaterMelonIsReached(TSpcTypedInterp<TEventWatcher>*, unsigned long)	target r1, -0x68(r1) / ours r1, -0x68(r1)
364	99.98	stack	0	0	0	2	0	0	Player/MarioPhysics	TMario::jumpProcess(int)	target r1, -0x48(r1) / ours r1, -0x48(r1)
364	99.96	stack	0	0	0	4	0	0	Enemy/hauntLeg	THauntLeg::init(TLiveManager*)	target r1, -0x78(r1) / ours r1, -0x78(r1)
364	99.96	stack	0	0	0	4	0	0	Enemy/Kukku	TNerveKukkuRecoverGraph::execute(TSpineBase<TLiveActor>*) const	target r1, -0x58(r1) / ours r1, -0x58(r1)
364	99.78	reg	0	0	0	0	3	0	Camera/CameraBGCheck	CPolarSubCamera::isNeedGroundCheck_()	target r1, -0x30(r1) / ours r1, -0x30(r1)
364	99.56	stack+reg	0	0	0	15	5	0	Enemy/hinokuri2	TNerveHino2JumpIn::execute(TSpineBase<TLiveActor>*) const	target r1, -0x68(r1) / ours r1, -0x50(r1)
360	99.92	stack	0	0	0	7	0	0	Enemy/limitkoopa	TLimitKoopa::bind()	target r1, -0x40(r1) / ours r1, -0x40(r1)
360	99.5	stack	0	0	0	45	0	0	Enemy/chuuhana	TChuuHana::setGoal()	target r1, -0xa0(r1) / ours r1, -0x90(r1)
360	99.39	reg	0	0	0	0	10	0	JSystem/JParticle/JPAField	JPAVortexField::affect(JPAParticle*)	target r1, -0x88(r1) / ours r1, -0x88(r1)
360	99.3	stack+reg	0	0	0	3	12	0	Enemy/igaiga	TGorogoroManager::initSetEnemies()	target r1, -0x58(r1) / ours r1, -0x58(r1)
356	99.94	stack	0	0	0	5	0	0	Enemy/rocket	TRocketManager::initSetEnemies()	target r1, -0x90(r1) / ours r1, -0x90(r1)
356	99.92	stack	0	0	0	7	0	0	MoveBG/MapObjSirena	TPictureTelesa::touchActor(THitActor*)	target r1, -0x28(r1) / ours r1, -0x30(r1)
356	99.88	stack	0	0	0	11	0	0	System/EventWatcher	evStartSE(TSpcTypedInterp<TEventWatcher>*, unsigned long)	target r1, -0x50(r1) / ours r1, -0x50(r1)
356	99.79	stack	0	0	0	19	0	0	System/GCLogoDir	TGCLogoDir::direct()	target r1, -0x78(r1) / ours r1, -0x48(r1)
352	99.89	reg	0	0	0	0	1	0	MoveBG/MapObjGeneral	TMapObjGeneral::waitingToAppear()	target r1, -0x48(r1) / ours r1, -0x48(r1)
352	99.77	stack+reg	0	0	0	5	3	0	Player/Yoshi	TYoshi::thinkHoldOut()	target r1, -0x80(r1) / ours r1, -0x38(r1)
352	99.48	stack	0	0	0	46	0	0	MoveBG/MapObjMamma	TLeanMirror::draw() const	target r1, -0x58(r1) / ours r1, -0x50(r1)
352	99.32	stack+reg	0	0	0	0	0	0	MoveBG/MapObjSirena	partsRollCallback(J3DNode*, int)	target r1, -0x98(r1) / ours r1, -0x98(r1)
352	99.2	stack+reg	0	0	0	20	7	0	Enemy/Koopa	TKoopa::getFlameDirRate() const	target r1, -0xf0(r1) / ours r1, -0x90(r1)
348	99.95	stack	0	0	0	4	0	0	Map/MapCheck	TMapCollisionData::checkRoof(float, float, float, unsigned char, const TBGCheckData**) con	target r1, -0x90(r1) / ours r1, -0x90(r1)
348	99.72	stack	0	0	0	24	0	0	MSound/MSoundSE	MSoundSESystem::MSoundSE::checkSoundArea(unsigned long, const Vec&)	target r1, -0x58(r1) / ours r1, -0x58(r1)
344	99.93	stack	0	0	0	6	0	0	Enemy/namekuri	TNameKuri::setMeltAnm()	target r1, -0x68(r1) / ours r1, -0x68(r1)
344	99.93	stack	0	0	0	6	0	0	Enemy/namekuri	TNameKuri::setDeadAnm()	target r1, -0x68(r1) / ours r1, -0x68(r1)
344	99.92	stack	0	0	0	7	0	0	Enemy/tamaNoko	TTamaNoko::receiveMessage(THitActor*, unsigned long)	target r1, -0x40(r1) / ours r1, -0x20(r1)
344	99.65	reg	0	0	0	0	5	0	Enemy/amiNoko	TAmiNoko::isHitValid(unsigned long)	target r1, -0x60(r1) / ours r1, -0x60(r1)
344	99.3	stack+reg	0	0	0	0	0	0	MoveBG/MapObjFence	TFenceWater::initMapObj()	target r1, -0x78(r1) / ours r1, -0x78(r1)
340	99.96	stack	0	0	0	3	0	0	Animal/Bird	TAnimalBird::load(JSUMemoryInputStream&)	target r1, -0x48(r1) / ours r1, -0x48(r1)
340	99.72	stack	0	0	0	24	0	0	Enemy/enemymanager	TEnemyManager::createEnemies(int)	target r1, -0xb0(r1) / ours r1, -0x98(r1)
336	99.98	stack	0	0	0	2	0	0	Camera/CameraBGCheck	CPolarSubCamera::execGroundCheck_(Vec)	target r1, -0x50(r1) / ours r1, -0x50(r1)
336	99.74	operand	0	0	0	0	0	2	MoveBG/MapObjBall	TResetFruit::touchWater(THitActor*)	target r1, -0x38(r1) / ours r1, -0x38(r1)
332	99.94	stack	0	0	0	5	0	0	Player/WaterGun	TWaterGun::perform(unsigned long, JDrama::TGraphics*)	target r1, -0xb0(r1) / ours r1, -0x58(r1)
332	99.37	stack+reg	0	0	0	2	8	0	MoveBG/MapObjPinna	TShellCup::perform(unsigned long, JDrama::TGraphics*)	target r1, -0x68(r1) / ours r1, -0x68(r1)
328	99.89	stack	0	0	0	9	0	0	JSystem/JAudio/JASystem/JASChannel	JASystem::Driver::__UpdateJcToDSP(JASystem::TChannel*)	target r1, -0x30(r1) / ours r1, -0x20(r1)
324	99.95	stack	0	0	0	4	0	0	System/EventWatcher	evInvalidatePad(TSpcTypedInterp<TEventWatcher>*, unsigned long)	target r1, -0x68(r1) / ours r1, -0x68(r1)
320	99.95	stack	0	0	0	4	0	0	Enemy/BathtubKiller	TNerveBathtubKillerExplosion::execute(TSpineBase<TLiveActor>*) const	target r1, -0x30(r1) / ours r1, -0x30(r1)
320	99.92	stack	0	0	0	6	0	0	MSound/MSound	MSound::exitStage()	target r1, -0x40(r1) / ours r1, -0x40(r1)
320	99.91	stack	0	0	0	7	0	0	Enemy/bosswanwan	TNerveBWRoll::execute(TSpineBase<TLiveActor>*) const	target r1, -0x100(r1) / ours r1, -0x38(r1)
320	99.83	stack	0	0	0	14	0	0	Enemy/gesso	TGessoPolluteObj::set()	target r1, -0x70(r1) / ours r1, -0x70(r1)
320	99.58	stack	0	0	0	34	0	0	GC2D/GCConsole2	TGCConsole2::processMoveNozzle()	target r1, -0xa8(r1) / ours r1, -0x60(r1)
320	99.31	reg	0	0	0	0	9	0	MoveBG/MapObjMamma	TSandCastle::withering()	target r1, -0x70(r1) / ours r1, -0x70(r1)
316	99.95	stack	0	0	0	4	0	0	MoveBG/MapObjCorona	TBathtub::quake(const JGeometry::TVec3<float>&)	target r1, -0xa0(r1) / ours r1, -0xa0(r1)
316	99.85	stack	0	0	0	12	0	0	MoveBG/MapObjMamma	TLeanMirror::load(JSUMemoryInputStream&)	target r1, -0xd0(r1) / ours r1, -0xc8(r1)
316	99.85	instr	0	0	1	7	0	0	Player/Tongue	TYoshiTongue::canGo()	target r1, -0x50(r1) / ours r1, -0x50(r1)
312	99.87	stack	0	0	0	10	0	0	MoveBG/Item	TEggYoshi::decideRandomLoveFruit()	target r1, -0x68(r1) / ours r1, -0x48(r1)
312	99.78	stack	0	0	0	17	0	0	Player/MarioSpecial	TMario::wireMove(float)	target r1, -0x68(r1) / ours r1, -0x68(r1)
312	99.69	stack	0	0	0	24	0	0	Player/MarioMove	TMario::checkWallPlane(Vec*, float, float)	target r1, -0x78(r1) / ours r1, -0x88(r1)
312	99.27	stack+reg	0	0	0	17	8	0	MoveBG/MapObjBianco	TLeafBoat::touchWall(JGeometry::TVec3<float>*, TBGWallCheckRecord*)	target r1, -0x78(r1) / ours r1, -0x70(r1)
308	99.88	stack	0	0	0	9	0	0	Map/MapEventSink	TMapEventSinkInPollutionReset::loadAfter()	target r1, -0x158(r1) / ours r1, -0x120(r1)
308	99.86	stack	0	0	0	11	0	0	MarioUtil/LightUtil	TLightCommon::perform(unsigned long, JDrama::TGraphics*)	target r1, -0x80(r1) / ours r1, -0x70(r1)
308	99.79	stack	0	0	0	16	0	0	System/MovieDirector	TMovieDirector::setup(JDrama::TDisplay*, TMarioGamePad*)	target r1, -0x58(r1) / ours r1, -0x40(r1)
308	99.32	operand	0	0	0	8	4	3	Enemy/fireWanwan	TTailRubber::bindOne(TTailRubber::Node&)	target r1, -0x48(r1) / ours r1, -0x48(r1)
304	99.92	stack	0	0	0	6	0	0	JSystem/JParticle/JPADrawVisitor	JPADrawCalcScaleYBySpeed::calc(const JPADrawContext*, JPABaseParticle*)	target r1, -0x78(r1) / ours r1, -0x78(r1)
304	99.92	stack	0	0	0	6	0	0	JSystem/JParticle/JPADrawVisitor	JPADrawCalcScaleXBySpeed::calc(const JPADrawContext*, JPABaseParticle*)	target r1, -0x78(r1) / ours r1, -0x78(r1)
304	99.91	stack	0	0	0	7	0	0	Enemy/poihana	TPoiHana::genEventCoin()	target r1, -0x48(r1) / ours r1, -0x48(r1)
304	99.88	stack	0	0	0	9	0	0	Map/MapWire	TMapWire::drawUpper() const	target r1, -0x58(r1) / ours r1, -0x40(r1)
304	99.5	operand	0	0	0	20	0	3	MarioUtil/ShadowUtil	TMBindShadowManager::forceRequest(const TCircleShadowRequest&, unsigned long)	target r1, -0x58(r1) / ours r1, -0x40(r1)
300	99.88	stack	0	0	0	9	0	0	Enemy/tamaNoko	TTamaNokoManager::initSetEnemies()	target r1, -0xe0(r1) / ours r1, -0x38(r1)
300	99.79	stack	0	0	0	16	0	0	System/MenuDir	TMenuDirector::setup(JDrama::TDisplay*, TMarioGamePad*)	target r1, -0x58(r1) / ours r1, -0x40(r1)
296	99.91	stack	0	0	0	7	0	0	MoveBG/MapObjMamma	TLeanMirror::loadAfter()	target r1, -0x58(r1) / ours r1, -0x58(r1)
292	99.78	stack	0	0	0	16	0	0	Enemy/enemy	TSpineEnemy::goToShortestNextGraphNode()	target r1, -0xb8(r1) / ours r1, -0xb8(r1)
292	99.73	stack	0	0	0	20	0	0	Enemy/fireWanwan	TFireWanwanTailHit::moveRequest(const JGeometry::TVec3<float>&)	target r1, -0x48(r1) / ours r1, -0x48(r1)
288	99.94	stack	0	0	0	4	0	0	Enemy/Kukku	TKukkuBall::init()	target r1, -0x88(r1) / ours r1, -0x88(r1)
288	99.78	stack	0	0	0	16	0	0	Enemy/enemy	TSpineEnemy::jumpToNextGraphNode()	target r1, -0xc0(r1) / ours r1, -0xc0(r1)
288	99.03	operand	0	0	0	4	5	2	Enemy/bossManta	TBossManta::calcRootMatrix()	target r1, -0xa0(r1) / ours r1, -0xa0(r1)
284	99.94	stack	0	0	0	4	0	0	MoveBG/MapObjBianco	TBiancoMiniWindmill::touchWater(THitActor*)	target r1, -0x60(r1) / ours r1, -0x60(r1)
284	99.94	stack	0	0	0	4	0	0	Enemy/BathtubKiller	TNerveBathtubKillerBreak::execute(TSpineBase<TLiveActor>*) const	target r1, -0x30(r1) / ours r1, -0x30(r1)
280	99.93	stack	0	0	0	5	0	0	JSystem/JParticle/JPAEmitter	JPABaseEmitter::JPABaseEmitter()	target r1, -0x28(r1) / ours r1, -0x20(r1)
280	99.87	stack	0	0	0	9	0	0	Enemy/enemyMario	TEnemyMario::emWaiting()	target r1, -0x38(r1) / ours r1, -0x40(r1)
280	99.86	stack	0	0	0	10	0	0	Player/MarioCollision	TMario::incHP(int)	target r1, -0x50(r1) / ours r1, -0x30(r1)
276	99.7	stack	0	0	0	21	0	0	Enemy/enemy	TSpineEnemy::goToDirectedNextGraphNode(const JGeometry::TVec3<float>&)	target r1, -0x98(r1) / ours r1, -0x90(r1)
272	99.97	stack	0	0	0	2	0	0	Strategic/liveactor	TLiveActor::initAnmSound()	target r1, -0x40(r1) / ours r1, -0x40(r1)
272	99.81	stack	0	0	0	13	0	0	Enemy/bombhei	TBombHei::genEventCoin()	target r1, -0x50(r1) / ours r1, -0x50(r1)
272	99.72	stack	0	0	0	19	0	0	MSound/MSoundSE	MSoundSESystem::MSoundSE::startSoundNpcActor(unsigned long, const Vec*, unsigned long, JAI	target r1, -0x88(r1) / ours r1, -0x78(r1)
272	99.4	stack+reg	0	0	0	11	5	0	MSound/MSModBgm	MSBgmXFade::xFadeBgm(float)	target r1, -0x38(r1) / ours r1, -0x30(r1)
268	99.78	stack	0	0	0	15	0	0	MoveBG/MapObjLib	TMapObjBase::rotateVecByAxisY(JGeometry::TVec3<float>*, float)	target r1, -0xd0(r1) / ours r1, -0xf0(r1)
264	99.92	stack	0	0	0	5	0	0	Enemy/enemy	TSpineBase<TLiveActor>::update()	target r1, -0x18(r1) / ours r1, -0x20(r1)
264	99.86	stack	0	0	0	9	0	0	JSystem/JAudio/JASystem/JASChannel	JASystem::Driver::__UpdateJcToDSPInit(JASystem::TChannel*)	target r1, -0x30(r1) / ours r1, -0x20(r1)
264	99.76	stack	0	0	0	16	0	0	Enemy/enemy	TSpineEnemy::goToRandomEscapeGraphNode()	target r1, -0x90(r1) / ours r1, -0x90(r1)
264	99.7	stack+reg	0	0	0	10	2	0	MoveBG/MapObjGeneral	TMapObjGeneral::recover()	target r1, -0x50(r1) / ours r1, -0x28(r1)
260	99.75	stack	0	0	0	16	0	0	Enemy/enemy	TSpineEnemy::goToRandomNextGraphNode()	target r1, -0x98(r1) / ours r1, -0x98(r1)
260	99.38	reg	0	0	0	0	6	0	Enemy/tinkoopa	TTinKoopaManager::loadAfter()	target r1, -0x28(r1) / ours r1, -0x28(r1)
256	99.92	stack	0	0	0	5	0	0	Map/MapMakeList	TMapCollisionData::updateCheckListNode(long, long, long)	target r1, -0x60(r1) / ours r1, -0x48(r1)
256	99.67	stack	0	0	0	21	0	0	Enemy/hamukuri	THamuKuri::getTakingMtx()	target r1, -0xe0(r1) / ours r1, -0xb8(r1)
256	99.66	operand	0	0	0	0	0	2	MoveBG/MapObjBall	TMapObjBall::touchWater(THitActor*)	target r1, -0x38(r1) / ours r1, -0x38(r1)
252	99.81	stack	0	0	0	12	0	0	Enemy/Koopa	TKoopa::getTargetDir(const JGeometry::TVec3<float>&) const	target r1, -0xe8(r1) / ours r1, -0xc0(r1)
252	99.65	stack+reg	0	0	0	12	1	0	Player/ModelWaterManager	TModelWaterManager::loadAfter()	target r1, -0x70(r1) / ours r1, -0x58(r1)
248	99.76	reg	0	0	0	0	3	0	MSound/MSHandle	MSHandle::setSeDistanceVolume(unsigned char)	target r1, -0x20(r1) / ours r1, -0x20(r1)
248	99.45	stack+reg	0	0	0	9	5	0	GC2D/Option	TOptionControl::movementOption2Card()	target r1, -0x70(r1) / ours r1, -0x80(r1)
244	99.89	stack	0	0	0	7	0	0	Enemy/koopajr	TKoopaJrSubmarine::bind()	target r1, -0x40(r1) / ours r1, -0x40(r1)
240	99.97	stack	0	0	0	2	0	0	MoveBG/Item	TShine::loadBeforeInit(JSUMemoryInputStream&)	target r1, -0x50(r1) / ours r1, -0x50(r1)
240	99.88	stack	0	0	0	7	0	0	Player/MarioMove	TMario::warpRequest(const JGeometry::TVec3<float>&, float)	target r1, -0x68(r1) / ours r1, -0x68(r1)
228	99.65	stack	0	0	0	20	0	0	System/MarDirectorDirect	decideNextStage()	target r1, -0x50(r1) / ours r1, -0x48(r1)
224	99.41	stack+reg	0	0	0	8	3	0	Enemy/enemy	TSpineEnemy::calcTurnSpeedToReach(float, float) const	target r1, -0x30(r1) / ours r1, -0x28(r1)
220	99.93	stack	0	0	0	4	0	0	System/EventWatcher	evGetRestTime(TSpcTypedInterp<TEventWatcher>*, unsigned long)	target r1, -0x30(r1) / ours r1, -0x30(r1)
220	99.87	stack	0	0	0	7	0	0	Enemy/coasterkiller	TCoasterEnemy::bind()	target r1, -0x40(r1) / ours r1, -0x40(r1)
220	99.8	stack	0	0	0	11	0	0	Enemy/koopajr	TKoopaJrSubmarine::makeCollisionPositions()	target r1, -0x80(r1) / ours r1, -0x70(r1)
220	99.29	operand	0	0	0	17	0	2	MoveBG/MapObjBall	TMapObjBall::checkWallCollision(JGeometry::TVec3<float>*)	target r1, -0x68(r1) / ours r1, -0x68(r1)
216	99.89	stack	0	0	0	6	0	0	Enemy/igaiga	TGorogoro::flagJump()	target r1, -0x78(r1) / ours r1, -0x78(r1)
216	99.33	stack	0	0	0	36	0	0	System/PerformList	TPerformList::perform(unsigned long, JDrama::TGraphics*)	target r1, -0xe8(r1) / ours r1, -0xc0(r1)
212	99.79	stack	0	0	0	11	0	0	JSystem/JParticle/JPAEmitter	JPABaseEmitter::deleteAllParticle()	target r1, -0x40(r1) / ours r1, -0x48(r1)
208	99.92	stack	0	0	0	4	0	0	System/EventWatcher	evStartMontemanBGM(TSpcTypedInterp<TEventWatcher>*, unsigned long)	target r1, -0x28(r1) / ours r1, -0x28(r1)
208	99.79	stack	0	0	0	11	0	0	MoveBG/MapObjBase	TMapObjBase::initAndRegister(const char*)	target r1, -0x70(r1) / ours r1, -0x70(r1)
208	99.63	stack	0	0	0	19	0	0	System/Application	TApplication::TApplication()	target r1, -0x40(r1) / ours r1, -0x30(r1)
204	99.78	stack	0	0	0	11	0	0	JSystem/JAudio/JASystem/JASTrack	JASystem::TTrack::writeRegDirect(unsigned char, unsigned short)	target r1, -0x28(r1) / ours r1, -0x20(r1)
200	99.5	stack+reg	0	0	0	5	4	0	Enemy/Koopa	TKoopa::updateAnmSound()	target r1, -0x50(r1) / ours r1, -0x38(r1)
196	99.9	stack	0	0	0	5	0	0	MoveBG/MapObjBianco	TLampSeesawMain::loadAfter()	target r1, -0x90(r1) / ours r1, -0x88(r1)
192	99.96	stack	0	0	0	2	0	0	System/MarDirectorEvent	TMarDirector::findNearestTalkNPC()	target r1, -0x58(r1) / ours r1, -0x50(r1)
192	99.58	reg	0	0	0	0	3	0	MoveBG/MapObjMamma	TSandBombBase::expanded()	target r1, -0x40(r1) / ours r1, -0x40(r1)
188	99.79	stack	0	0	0	10	0	0	Enemy/igaiga	TIgaigaManager::initSetEnemies()	target r1, -0x98(r1) / ours r1, -0x20(r1)
188	99.79	stack	0	0	0	10	0	0	Enemy/gesso	TGessoManager::initSetEnemies()	target r1, -0xe8(r1) / ours r1, -0x20(r1)
184	99.8	stack	0	0	0	9	0	0	System/EventWatcher	evSetPollutionIncreaseCount(TSpcTypedInterp<TEventWatcher>*, unsigned long)	target r1, -0x70(r1) / ours r1, -0x58(r1)
184	99.8	stack	0	0	0	9	0	0	System/EventWatcher	evSetAttentionTime(TSpcTypedInterp<TEventWatcher>*, unsigned long)	target r1, -0x70(r1) / ours r1, -0x58(r1)
180	99.33	reg	0	0	0	0	6	0	MarioUtil/DrawUtil	SMS_UnifyMaterial(J3DModel*)	target r1, -0x58(r1) / ours r1, -0x58(r1)
180	99.11	operand	0	0	0	3	2	1	Enemy/pakkun	PakkunRootCallback2(J3DNode*, int)	target r1, -0x90(r1) / ours r1, -0x90(r1)
168	99.93	stack	0	0	0	3	0	0	MoveBG/MapObjPinna	TPinnaShell::TPinnaShell()	target r1, -0x18(r1) / ours r1, -0x18(r1)
168	99.88	stack	0	0	0	5	0	0	Player/MarioRun	TMario::getSlideStickMult()	target r1, -0x48(r1) / ours r1, -0x30(r1)
168	99.83	stack	0	0	0	7	0	0	MSound/MSoundSE	MSoundSESystem::MSRandVol::MSRandVol(unsigned long)	target r1, -0x20(r1) / ours r1, -0x18(r1)
160	99.72	stack	0	0	0	11	0	0	Enemy/poihana	TPoiHanaManager::initSetEnemies()	target r1, -0xe0(r1) / ours r1, -0x40(r1)
160	99.62	stack	0	0	0	15	0	0	MSound/MSoundSE	MSoundSESystem::MSRandPlay::MSRandPlay(unsigned long, long, long, float, float)	target r1, -0x48(r1) / ours r1, -0x40(r1)
160	99.25	reg	0	0	0	0	6	0	NPC/NpcAnm	TBaseNPC::requestNpcAnm_(EnumNpcAnmKind, EnumNpcStopMotionBlendOnOff)	target r1, -0x8(r1) / ours r1, -0x8(r1)
156	99.9	stack	0	0	0	4	0	0	System/EventWatcher	evGetTalkSelectedValue(TSpcTypedInterp<TEventWatcher>*, unsigned long)	target r1, -0x38(r1) / ours r1, -0x38(r1)
152	99.87	stack	0	0	0	5	0	0	GC2D/Menu	TMenuBase::perform(unsigned long, JDrama::TGraphics*)	target r1, -0x118(r1) / ours r1, -0x118(r1)
152	99.76	stack	0	0	0	9	0	0	Map/MapEventSink	TMapEventSinkInPollution::loadAfter()	target r1, -0xb8(r1) / ours r1, -0xa0(r1)
144	99.86	stack	0	0	0	5	0	0	Map/Map	TMap::isTouchedOneWall(float, float, float, float) const	target r1, -0x68(r1) / ours r1, -0x68(r1)
128	99.94	stack	0	0	0	2	0	0	MoveBG/MapObjMamma	TSandCastle::waitBeforeExplode()	target r1, -0x28(r1) / ours r1, -0x28(r1)
124	99.29	operand	0	0	0	0	0	4	MSound/MSoundSE	MSoundSESystem::MSRandVol::getRandVol(unsigned long)	target r1, -0x8(r1) / ours r1, -0x8(r1)
120	99.27	operand	0	0	0	0	0	2	Map/PollutionLayer	TPollutionLayer::stampModel(J3DModel*)	target r1, -0x8(r1) / ours r1, -0x8(r1)
104	99.23	reg	0	0	0	0	4	0	GC2D/ConsoleStr	__sinit_ConsoleStr_cpp	
100	99.88	stack	0	0	0	3	0	0	M3DUtil/MActorData	MActorAnmData::MActorAnmData()	target r1, -0x20(r1) / ours r1, -0x10(r1)
100	99.8	stack	0	0	0	5	0	0	MoveBG/MapObjBianco	TBiancoWatermillVertical::TBiancoWatermillVertical(const char*)	target r1, -0x28(r1) / ours r1, -0x18(r1)
92	99.7	stack	0	0	0	7	0	0	Enemy/koopajr	JGeometry::TUtil<float>::mod(float, float)	target r1, -0x28(r1) / ours r1, -0x20(r1)
52	99.62	stack	0	0	0	5	0	0	System/DrawSyncManager	TDrawSyncManager::setCallback(unsigned long, unsigned short, unsigned short, TDrawSyncCall	target r1, -0x30(r1) / ours r1, -0x30(r1)
