size	fuzzy	unit	function
13064	99.19	GC2D/CardSave	execMovement___9TCardSaveFv
8900	99.98	Player/MarioReceiveMsg	receiveMessage__6TMarioFP9THitActorUl
7452	99.95	System/MarNameRefGen	getNameRef__14TMarNameRefGenCFPCc
6796	99.07	GC2D/CardSave	waitForChoiceBM__9TCardSaveF10TEProgress10TEProgressSc
6480	99.07	GC2D/CardLoad	selectFunction__9TCardLoadFv
6060	99.68	GC2D/SelectMenu	perform__11TSelectMenuFUlPQ26JDrama9TGraphics
5956	99.96	GC2D/CardLoad	changeScene__9TCardLoadFv
5128	99.64	GC2D/GCConsole2	loadAfter__11TGCConsole2Fv
4828	99.99	MSound/MSoundSE	construct__Q214MSoundSESystem8MSoundSEFv
4712	99.90	GC2D/CardSave	initData__9TCardSaveFP13TMarioGamePad
4432	99.75	Enemy/enemyMario	initEnemyValues__11TEnemyMarioFv
4384	99.63	GC2D/SelectDir	rsetup__10TSelectDirFv
4224	99.98	Player/MarioJump	jumpMain__6TMarioFv
3984	99.64	Player/MarioDraw	initModel__6TMarioFv
3892	99.38	GC2D/SelectMenu	initData__11TSelectMenuFUcP10JKRArchiveP19TSelectShineManagerP10TSelectDir
3776	99.84	GC2D/GCConsole2	load__11TGCConsole2FR20JSUMemoryInputStream
3740	99.61	JSystem/JAudio/JAInterface/JAIGFrameSequence	checkPlayingSeqTrack__8JAIBasicFUl
3624	99.79	GC2D/CardLoad	perform__9TCardLoadFUlPQ26JDrama9TGraphics
3532	99.99	Player/MarioSpecial	specMain__6TMarioFv
3380	99.64	Player/Yoshi	movement__6TYoshiFv
3176	99.81	NPC/NpcAnm	npcWetting__8TBaseNPCFv
3168	99.22	GC2D/Guide	linkSelect__6TGuideFv
3088	99.65	Enemy/bosspakkun	execute__12TNerveBPWaitCFP24TSpineBase<10TLiveActor>
3084	99.75	System/MarDirectorInitECT	initECDisp__12TMarDirectorFP12TPerformListPQ26JDrama55TViewObjPtrListT<Q26JDrama8TViewObj,Q26JDrama8TViewObj>PQ26JDrama55TViewObjPtrListT<Q26JDrama8TViewObj,Q26JDrama8TViewObj>
3000	99.17	GC2D/Talk2D2	setTagParam__8TTalk2D2FR20JSUMemoryInputStreamR10J2DTextBoxPiPi
2928	99.17	Player/MarioDraw	calcBaseMtx__6TMarioFPA4_f
2888	99.99	GC2D/CardLoad	titleDraw__9TCardLoadFv
2816	99.52	Enemy/bosseel	init__8TBossEelFP12TLiveManager
2724	99.67	Player/Yoshi	init__6TYoshiFP6TMario
2636	99.91	GC2D/CardLoad	setupScoreScreen__9TCardLoadFv
2604	99.92	MarioUtil/ShadowUtil	drawShadow__19TMBindShadowManagerFUlPQ26JDrama9TGraphics
2588	99.33	Player/MarioRun	moveMain__6TMarioFv
2544	99.99	Camera/CameraChange	execCameraModeChangeProc___15CPolarSubCameraFi
2512	99.74	System/MSoundMainSide	setMSoundEnterStage__10MSMainProcFUcUc
2408	99.82	Map/BathWaterManager	render__22TBathWaterFlatRendererFPQ26JDrama9TGraphicsRC12TBathtubDataPP10TBathWaterPP16TBathWaterParamsi
2368	99.39	GC2D/PauseMenu2	perform__11TPauseMenu2FUlPQ26JDrama9TGraphics
2336	99.08	GC2D/GCConsole2	startCameraDemo__11TGCConsole2Fv
2316	99.77	System/MenuDir	rsetup__13TMenuDirectorFv
2280	99.99	Player/ModelWaterManager	drawWaterVolume__18TModelWaterManagerFPA4_f
2240	99.87	Enemy/bossgesso	init__10TBossGessoFP12TLiveManager
2208	99.90	Enemy/hamukuri	walkBehavior__13THaneHamuKuriFif
2200	99.34	System/MovieDirector	direct__14TMovieDirectorFv
2188	99.93	MarioUtil/ShadowUtil	drawShadowVolume__19TMBindShadowManagerFbP16TAlphaShadowQuad
2184	99.80	System/MarDirectorDirect	updateGameMode__12TMarDirectorFv
2168	99.64	MoveBG/ModelGate	loadAfter__10TModelGateFv
2148	99.97	Player/MarioMain	perform__6TMarioFUlPQ26JDrama9TGraphics
2132	99.93	Enemy/enemyMario	consider__11TEnemyMarioFv
2116	99.98	MoveBG/MapObjInit	initUnique__11TMapObjBaseFv
2096	99.58	Camera/cameragc	loadAfter__15CPolarSubCameraFv
2080	99.93	GC2D/CardLoad	drawMessageBM__9TCardLoadF10TEProgress
1980	99.52	Enemy/bgtentacle	calc__18TBGTentacleMtxCalcFUs
1968	99.88	Enemy/tamaNoko	execute__20TNerveTamaNokoAttackCFP24TSpineBase<10TLiveActor>
1952	99.77	MarioUtil/ScreenUtil	perform__12TAfterEffectFUlPQ26JDrama9TGraphics
1944	99.86	Strategic/liveinterp	linGetSRT__FP29TSpcTypedInterp<10TLiveActor>Ul
1936	99.63	Player/MarioRun	running__6TMarioFv
1936	99.57	Enemy/bosswanwan	init__11TBossWanwanFP12TLiveManager
1932	99.93	Enemy/bosstelesa	init__11TBossTelesaFP12TLiveManager
1932	99.53	Player/WaterGun	animation__13TNozzleDeformFi
1888	99.68	Enemy/gatekeeper	init__17TBiancoGateKeeperFP12TLiveManager
1872	99.76	JSystem/J3D/J3DGraphAnimator/J3DCluster	deform__11J3DDeformerFP8J3DModelUsPf
1856	99.99	PowerPC_EABI_Support/Msl/MSL_C/MSL_Common_Embedded/Math/Single_precision/exponentialsf	powf
1852	99.95	MoveBG/MapObjMonte	drawRopeBetweenBoards__14THangingBridgeCFfi
1844	99.68	Enemy/BossHanachanParts	considerSetAnm___22TBossHanachanPartsBaseF24EnumBossHanachanNerveAnm
1836	99.63	Enemy/bosspakkun	perform__10TBPTornadoFUlPQ26JDrama9TGraphics
1824	99.57	GC2D/Guide	perform__6TGuideFUlPQ26JDrama9TGraphics
1820	99.93	Enemy/bossgesso	execute__12TNerveBGRollCFP24TSpineBase<10TLiveActor>
1812	99.90	Enemy/bossgesso	execute__11TNerveBGDieCFP24TSpineBase<10TLiveActor>
1812	99.58	Enemy/hinokuri2	moveObject__10THinokuri2Fv
1808	99.97	Enemy/gesso	execute__15TNerveGessoFallCFP24TSpineBase<10TLiveActor>
1808	99.20	System/GCLogoDir	setup__10TGCLogoDirFPQ26JDrama8TDisplayP13TMarioGamePad
1768	99.82	MSound/MSound	startMarioVoice__6MSoundFUlsUc
1712	99.79	Enemy/bossManta	drawMantaShadow__17TBossMantaManagerFPQ26JDrama9TGraphics
1668	99.99	Player/MarioJump	jumpingBasic__6TMarioFiii
1668	99.93	Player/MarioCap	perform__9TMarioCapFUlPQ26JDrama9TGraphics
1652	99.61	Camera/CameraChange	changeCamModeSub___15CPolarSubCameraFiib
1652	99.46	System/EventWatcher	evSetTransScale__FP32TSpcTypedInterp<13TEventWatcher>Ul
1652	99.44	Player/MarioDraw	calcAnim__6TMarioFUlPQ26JDrama9TGraphics
1648	99.22	NPC/NpcChange	changeNerveProc___8TBaseNPCFv
1644	99.91	Enemy/BossHanachanAnm	changeAnmRateAndFrameUpdate___13TBossHanachanFv
1640	99.48	Enemy/bosstelesa	execute__27TNerveBossTelesaPrepareSlotCFP24TSpineBase<10TLiveActor>
1632	99.42	GC2D/GCConsole2	drawWater__11TGCConsole2FR13J2DOrthoGraph
1624	99.14	Enemy/bossgesso	perform__10TBGBeakHitFUlPQ26JDrama9TGraphics
1608	99.78	Player/MarioMove	checkGraffito__6TMarioFv
1588	99.94	Enemy/bosseel	execute__16TNerveBossEelEatCFP24TSpineBase<10TLiveActor>
1584	99.95	MoveBG/MapObjBall	control__11TResetFruitFv
1560	99.91	Enemy/enemyMario	initModel__11TEnemyMarioFv
1556	99.97	Enemy/cannon	execute__18TNerveCannonDamageCFP24TSpineBase<10TLiveActor>
1536	99.95	MoveBG/Item	control__6TShineFv
1508	99.81	Enemy/cannon	init__7TCannonFP12TLiveManager
1496	99.13	M3DUtil/MActorData	init__13MActorAnmDataFPCcPPCc
1484	99.85	JSystem/JAudio/JALibrary/JALModSe	append__9JALSystemFQ29JALSystem7ModTypePCcUlfffffQ27JALCalc9CurveSignffUc
1472	99.82	Enemy/enemyMario	checkController__11TEnemyMarioFPQ26JDrama9TGraphics
1468	99.76	Player/MarioJump	hipAttacking__6TMarioFv
1460	99.96	Enemy/bosseel	execute__20TNerveBossEelOutWaitCFP24TSpineBase<10TLiveActor>
1456	99.56	Enemy/enemyMario	perform__11TEnemyMarioFUlPQ26JDrama9TGraphics
1452	99.29	Enemy/graph	__ct__11TSplineRailFPC9TGraphWeb
1448	99.92	Enemy/tobiPuku	execute__18TNerveTobiPukuLandCFP24TSpineBase<10TLiveActor>
1440	99.06	JSystem/JParticle/JPADrawVisitor	exec__30JPADrawExecRotDirectionalCrossFPC14JPADrawContextP15JPABaseParticle
1436	99.73	MoveBG/MapObjMonte	loadAfter__14THangingBridgeFv
1412	99.98	JSystem/JAudio/JAInterface/JAIGFrameSe	sendPlayingSeCommand__8JAIBasicFv
1412	99.95	Enemy/igaiga	generateByGateKeeper__9TGorogoroFRCQ29JGeometry8TVec3<f>RCQ29JGeometry8TVec3<f>
1408	99.95	Enemy/bossgesso	execute__18TNerveBGBeakDamageCFP24TSpineBase<10TLiveActor>
1396	99.59	Enemy/spider	bind__7TSpiderFP10TLiveActor
1396	99.17	Enemy/bgtentacle	__ct__11TBGTentacleFP10TBossGessoii
1396	99.10	Enemy/bosstelesa	calcRootMatrix__11TBossTelesaFv
1388	99.97	MoveBG/MapObjSirena	moveObject__13TItemSlotDrumFv
1384	99.82	GC2D/GCConsole2	startAppearLife__11TGCConsole2Fi
1376	99.85	Enemy/hinokuri2	init__10THinokuri2FP12TLiveManager
1376	99.65	Player/Yoshi	doSearch__6TYoshiFv
1372	99.96	Enemy/fireWanwan	emitEffects__11TFireWanwanFv
1368	99.03	JSystem/JParticle/JPADrawVisitor	exec__27JPADrawExecDirectionalCrossFPC14JPADrawContextP15JPABaseParticle
1364	99.77	MoveBG/MapObjBall	boundByActor__11TMapObjBallFP9THitActor
1360	99.96	Player/ModelWaterManager	drawRefracAndSpec__18TModelWaterManagerCFv
1352	99.09	Enemy/BossHanachanMain	init__13TBossHanachanFP12TLiveManager
1348	99.69	GC2D/GCConsole2	drawJuice__11TGCConsole2FR13J2DOrthoGraphUl
1336	99.85	GC2D/ConsoleStr	processReady__11TConsoleStrFi
1328	99.11	Camera/lensglow	perform__9TLensGlowFUlPQ26JDrama9TGraphics
1296	99.88	Enemy/amiNoko	execute__17TNerveAmiNokoTurnCFP24TSpineBase<10TLiveActor>
1288	99.98	JSystem/JAudio/JASystem/JASTrack	writeRegParam__Q28JASystem6TTrackFUc
1288	99.89	Enemy/bosseel	execute__26TNerveBossEelMouthOpenWaitCFP24TSpineBase<10TLiveActor>
1256	99.87	Enemy/namekuri	execute__24TNerveNameKuriJumpAttackCFP24TSpineBase<10TLiveActor>
1248	99.91	Enemy/hinokuri2	execute__22TNerveHino2GraphWanderCFP24TSpineBase<10TLiveActor>
1248	99.84	Enemy/enemyMario	emRunAwayToNearestNode__11TEnemyMarioFv
1244	99.99	M3DUtil/SampleCtrlNode	__ct__18SampleCtrlMaterialFP11J3DMaterial
1236	99.73	Enemy/tamaNoko	walkBehavior__9TTamaNokoFif
1232	99.95	GC2D/Option	loadSetting__14TOptionControlFv
1232	99.70	Enemy/poihana	execute__20TNervePoihanaTrappedCFP24TSpineBase<10TLiveActor>
1228	99.64	MoveBG/MapObjSirena	moveObject__9TSlotDrumFv
1220	99.89	MarioUtil/DrawUtil	movement__19TTrembleModelEffectFv
1212	99.76	GC2D/GCConsole2	startInsertLife__11TGCConsole2Fi
1208	99.01	Player/WaterGun	animation__11TNozzleBaseFi
1196	99.97	Player/MarioMove	playerControl__6TMarioFPQ26JDrama9TGraphics
1192	99.18	Enemy/amiNoko	execute__16TNerveAmiNokoDieCFP24TSpineBase<10TLiveActor>
1188	99.98	Enemy/fruitsboat	init__11TFruitsBoatFP12TLiveManager
1184	99.98	Enemy/hamukuri	behaveToWater__14TDangoHamuKuriFP9THitActor
1164	99.91	Enemy/bossManta	collidedWithWater__10TBossMantaFv
1164	99.81	Enemy/bgtentacle	moveConstraint__11TBGTentacleFv
1152	99.95	Enemy/bosseel	execute__16TNerveBossEelDieCFP24TSpineBase<10TLiveActor>
1148	99.93	Enemy/graph	getEscapeDirLimited__9TGraphWebCFiiRCQ29JGeometry8TVec3<f>RCQ29JGeometry8TVec3<f>fUl
1148	99.18	M3DUtil/MActorData	addFileTable__13MActorAnmDataFPCc
1144	99.85	Map/MapEventMare	initCommon__21TMareEventDepressWallFv
1144	99.83	Enemy/amiNoko	execute__24TNerveAmiNokoWalkOnFenceCFP24TSpineBase<10TLiveActor>
1136	99.73	NPC/NpcChange	behaveToHitObject___8TBaseNPCFP9THitActor20EnumHitNpcObjectKind
1128	99.99	Camera/cameragc	ctrlGameCamera___15CPolarSubCameraFv
1128	99.80	GC2D/GCConsole2	setTimer__11TGCConsole2Fl
1128	99.60	Enemy/bossgesso	bind__9TBGBinderFP10TLiveActor
1116	99.30	Enemy/smallEnemy	moveObject__11TSmallEnemyFv
1116	99.05	JSystem/JParticle/JPADrawVisitor	exec__25JPADrawExecRotDirectionalFPC14JPADrawContextP15JPABaseParticle
1112	99.80	Enemy/bosstelesa	moveObject__11TTelesaSlotFv
1104	99.98	System/Application	proc__12TApplicationFv
1104	99.96	NPC/NpcBase	moveObject__8TBaseNPCFv
1100	99.94	Map/MapEventMare	depressing__21TMareEventDepressWallFv
1100	99.44	Enemy/gesso	execute__17TNerveGessoFreezeCFP24TSpineBase<10TLiveActor>
1088	99.99	Camera/cameragc	__ct__15CPolarSubCameraFPCc
1088	99.26	Enemy/Koopa	getShowered__6TKoopaFv
1080	99.93	System/MenuDir	setFixedStageValue__13TMenuDirectorFv
1076	99.98	GC2D/Option	checkInput__14TOptionControlFv
1076	99.13	Enemy/bosswanwan	execute__11TNerveBWDieCFP24TSpineBase<10TLiveActor>
1072	99.81	MoveBG/MapObjItem2	control__12TMushroom1upFv
1068	99.92	Enemy/graph	getRandomButDirLimited__9TGraphWebCFiiRCQ29JGeometry8TVec3<f>RCQ29JGeometry8TVec3<f>fUl
1068	99.60	NPC/NpcAnm	walkAnmRateChange___8TBaseNPCFv
1068	99.27	GC2D/PauseMenu2	disappearWindow__11TPauseMenu2Fv
1060	99.85	Enemy/fruitsboat	execute__27TNerveFruitsBoatGraphWanderCFP24TSpineBase<10TLiveActor>
1044	99.65	Strategic/ObjHitCheck	clearHitNum__12TObjHitCheckFv
1044	99.00	JSystem/JParticle/JPADrawVisitor	exec__22JPADrawExecDirectionalFPC14JPADrawContextP15JPABaseParticle
1040	99.33	Player/MarioRun	doSurfing__6TMarioFv
1036	99.81	System/Application	drawDVDErr__12TApplicationFv
1028	99.74	Enemy/bossgesso	execute__12TNerveBGWaitCFP24TSpineBase<10TLiveActor>
1028	99.09	GC2D/Option	__ct__17TOptionRumbleUnitFP9J2DScreen
1024	99.96	Enemy/chuuhana	execute__20TNerveChuuHanaAttackCFP24TSpineBase<10TLiveActor>
1020	99.82	Enemy/chuuhana	isCollidMove__9TChuuHanaFP9THitActor
1020	99.47	NPC/NpcChange	setPosAndInitAfterSinkBottom__8TBaseNPCFv
1016	99.82	Map/MapStaticObject	init__13TMapStaticObjFPCc
1016	99.76	GC2D/Option	__ct__16TOptionSoundUnitFP9J2DScreen
1016	99.55	GC2D/Talk2D2	setMessageID__8TTalk2D2FUlUl
1012	99.72	Enemy/enemymanager	performShared__13TEnemyManagerFUlPQ26JDrama9TGraphics
1004	99.98	Player/MarioRun	doSliding__6TMarioFf
1004	99.92	Enemy/chuuhana	execute__25TNerveChuuHanaKeepBalanceCFP24TSpineBase<10TLiveActor>
1000	99.84	Player/ModelWaterManager	__ct__14TWaterEmitInfoFPCc
1000	99.18	Enemy/tinkoopa	execute__19TNerveTinKoopaBreakCFP24TSpineBase<10TLiveActor>
988	99.96	JSystem/J3D/J3DGraphAnimator/J3DCluster	initMtxIndexArray__13J3DSkinDeformFP12J3DModelData
984	99.97	MarioUtil/ShadowUtil	__ct__16TMBindShadowBodyFP9THitActorP8J3DModelf
984	99.89	Enemy/fireWanwan	bindPoint__11TFireWanwanFPQ29JGeometry8TVec3<f>RCQ29JGeometry8TVec3<f>RCQ29JGeometry8TVec3<f>fP18TBGWallCheckRecord
972	99.88	GC2D/GCConsole2	startAppearStar__11TGCConsole2Fv
968	99.97	Enemy/bosseel	execute__23TNerveBossEelSecondSpinCFP24TSpineBase<10TLiveActor>
968	99.97	Player/MarioRun	slideProcess__6TMarioFff
968	99.81	JSystem/JParticle/JPAEmitter	loadBaseEmitterBlock__14JPABaseEmitterFP12JPADataBlock
964	99.82	MoveBG/MapObjMonte	loadAfter__13TFluffManagerFv
964	99.81	GC2D/Option	update__17TOptionRumbleUnitFv
960	99.98	GC2D/ConsoleStr	load__11TConsoleStrFR20JSUMemoryInputStream
960	99.15	MSound/MSoundSE	startSoundActorInner__Q214MSoundSESystem8MSoundSEFUlPP8JAISoundP8JAIActorUlUc
952	99.99	Enemy/hanasambo	loadAfter__19TSamboFlowerManagerFv
952	99.81	GC2D/Guide	appearGuidePane__6TGuideFi
952	99.72	GC2D/PauseMenu2	appearWindow__11TPauseMenu2Fv
936	99.80	Animal/BeeHive	reset__8TBeeHiveFv
936	99.18	System/DrawSyncManager	insert__Q27JGadget116TVector<Q216TDrawSyncManager19TDrawSyncTokenRange,Q27JGadget53TAllocator<Q216TDrawSyncManager19TDrawSyncTokenRange>>FPQ216TDrawSyncManager19TDrawSyncTokenRangeUlRCQ216TDrawSyncManager19TDrawSyncTokenRange
932	99.98	JSystem/JAudio/JASystem/JASChannel	updatecallDSPChannel__Q28JASystem6DriverFPQ28JASystem11TDSPChannelUl
932	99.97	Animal/Bird	receiveMessage__11TAnimalBirdFP9THitActorUl
928	99.90	Enemy/BossHanachanMain	execSlip__13TBossHanachanFv
924	99.95	System/MSoundMainSide	init__7MSStageFUcUc
920	99.76	Enemy/Kumokun	calcRootMatrix__8TKumokunFv
920	99.10	Player/MarioDraw	considerWaist__6TMarioFv
916	99.67	GC2D/GCConsole2	pauseOut__11TGCConsole2Fv
912	99.90	Enemy/wireTrap	execute__24TNerveWireTrapOnewayMoveCFP24TSpineBase<10TLiveActor>
912	99.77	Enemy/TabePuku	execute__20TNerveTabePukuAttackCFP24TSpineBase<10TLiveActor>
908	99.93	Enemy/smallEnemy	init__11TSmallEnemyFP12TLiveManager
908	99.52	MoveBG/MapObjSirena	moveObject__7TClosetFv
904	99.96	Map/MapEventMare	movement__13TMareWallRockFv
904	99.96	Enemy/bosspakkun	execute__13TNerveBPHoverCFP24TSpineBase<10TLiveActor>
904	99.92	Enemy/fireWanwan	behaveToWater__11TFireWanwanFP9THitActor
896	99.89	System/EventWatcher	evWarpMario__FP32TSpcTypedInterp<13TEventWatcher>Ul
892	99.39	MoveBG/MapObjCorona	__ct__12TBathtubGripFP8TBathtubfP13MActorAnmDataPCc
888	99.73	GC2D/Option	initSurroundAnm__16TOptionSoundUnitFv
888	99.56	Enemy/koopajr	checkNerve__17TKoopaJrSubmarineFv
888	99.53	Enemy/fireWanwan	bindBody__11TFireWanwanFPQ29JGeometry8TVec3<f>PQ29JGeometry8TVec3<f>RCQ29JGeometry8TVec3<f>
884	99.89	MoveBG/MapObjPinna	control__11TPinnaShellFv
876	99.68	JSystem/JParticle/JPADrawVisitor	exec__24JPADrawExecRotationCrossFPC14JPADrawContextP15JPABaseParticle
876	99.56	MoveBG/MapObjMonte	control__13TFluffManagerFv
872	99.92	MoveBG/MapObjPinna	moveObject__8TAmiKingFv
872	99.87	NPC/NpcNerve	execute__20TNerveNPCTurnToMarioCFP24TSpineBase<10TLiveActor>
872	99.67	Map/MapEventMare	rising__21TMareEventDepressWallFv
868	99.56	MarioUtil/DrawUtil	SetViewFrustumClipCheck__Fffffff
856	99.97	MSound/MSoundSE	__sinit_MSoundSE_cpp
856	99.97	Enemy/hinokuri2	calc__13THino2MtxCalcFUs
852	99.73	Camera/CameraDemo	updateDemoCamera___15CPolarSubCameraFb
848	99.55	Enemy/bosseel	perform__14TBossEelVortexFUlPQ26JDrama9TGraphics
844	99.92	Enemy/bosseel	execute__19TNerveBossEelAppearCFP24TSpineBase<10TLiveActor>
844	99.91	Enemy/conductor	genEnemyFromPollution__10TConductorFv
844	99.90	Strategic/ObjHitCheck	checkActorsHit__12TObjHitCheckFv
840	99.15	Enemy/Koopa	getDown__6TKoopaFv
836	99.97	Enemy/telesa	bind__7TTelesaFv
828	99.86	Enemy/bosswanwan	__ct__8TBWLeashFP11TBossWanwaniPCc
824	99.88	JSystem/JAudio/JASystem/JASTrack	noteOn__Q28JASystem6TTrackFUclll
820	99.04	Enemy/bosswanwan	execute__18TNerveBWJumpToBathCFP24TSpineBase<10TLiveActor>
816	99.98	GC2D/PauseMenu2	load__11TPauseMenu2FR20JSUMemoryInputStream
808	99.87	MarioUtil/ShadowUtil	request__19TMBindShadowManagerFRC20TCircleShadowRequestUl
804	99.96	System/Application	setupThreadFuncLogo__12TApplicationFv
800	99.95	GC2D/GCConsole2	startDisappearStar__11TGCConsole2Fv
800	99.94	Map/MapWarp	watchToWarp__8TMapWarpFv
800	99.76	Animal/Bird	execute__27TNerveAnimalBirdGraphWanderCFP24TSpineBase<10TLiveActor>
800	99.64	Enemy/enemy	doShortCut__11TSpineEnemyFv
796	99.97	GC2D/Talk2D2	checkControler__8TTalk2D2Fv
796	99.93	Player/MarioRun	slippingBasic__6TMarioFiii
796	99.72	Enemy/bosseel	init__10TBEelTearsFP12TLiveManager
796	99.62	Player/MarioMove	checkSink__6TMarioFv
784	99.99	JSystem/JParticle/JPAEmitter	calcCreateParticle__14JPABaseEmitterFv
780	99.85	Enemy/bosspakkun	move__10TBPPolDropFv
780	99.75	Enemy/BossHanachanMain	bind__13TBossHanachanFv
776	99.93	MoveBG/MapObjBase	makeObjAppeared__11TMapObjBaseFv
776	99.92	MoveBG/MapObjGeneral	receiveMessage__14TMapObjGeneralFP9THitActorUl
772	99.87	MoveBG/MapObjCloud	control__10TRideCloudFv
772	99.65	Enemy/smallEnemy	genEventCoin__11TSmallEnemyFv
772	99.59	MoveBG/MapObjCorona	perform__8TBathtubFUlPQ26JDrama9TGraphics
772	99.29	Enemy/Kumokun	init__12TWallAtGraphFPC9TGraphWebRCQ29JGeometry8TVec3<f>RCQ29JGeometry8TVec3<f>
768	99.85	Enemy/hamukuri	execute__29TNerveHaneHamuKuriMoveOnGraphCFP24TSpineBase<10TLiveActor>
764	99.94	Player/MarioDraw	addDamageFog__6TMarioFPQ26JDrama9TGraphics
760	99.97	Enemy/fireWanwan	init__11TFireWanwanFP12TLiveManager
756	99.87	MoveBG/MapObjMonte	control__11TSwingBoardFv
756	99.56	Enemy/Koopa	stagger__6TKoopaFb
752	99.65	Map/Map	initMare__Fv
752	99.30	Map/MapStaticObject	perform__13TMapStaticObjFUlPQ26JDrama9TGraphics
744	99.96	Enemy/chuuhana	bind__9TChuuHanaFv
744	99.65	Enemy/hinokuri2	perform__10THino2MaskFUlPQ26JDrama9TGraphics
744	99.15	Enemy/bgtentacle	moveRequest__10TBGTakeHitFRCQ29JGeometry8TVec3<f>
732	99.91	Enemy/cannon	moveObject__7TCannonFv
728	99.98	Strategic/spcinterp	execsub__10TSpcInterpFv
728	99.98	Strategic/spcinterp	execmul__10TSpcInterpFv
728	99.98	Strategic/spcinterp	execdiv__10TSpcInterpFv
728	99.98	Strategic/spcinterp	execadd__10TSpcInterpFv
728	99.96	Enemy/Amenbo	bind__7TAmenboFv
728	99.64	TRK_MINNOW_DOLPHIN/debugger/embedded/MetroTRK/Portable/support	TRKSuppAccessFile
728	99.41	MarioUtil/ShadowUtil	entryDrawShadow__16TMBindShadowBodyFv
728	99.19	GC2D/Talk2D2	moveTalkWindow__8TTalk2D2Fv
724	99.83	System/MarDirectorDirect	setMario__12TMarDirectorFv
724	99.57	GC2D/Option	update__16TOptionSoundUnitFv
720	99.98	Player/MarioMove	checkRideMovement__6TMarioFv
720	99.95	System/MarDirectorDirect	currentStateFinalize__12TMarDirectorFUc
720	99.89	Enemy/emario	load__7TEMarioFR20JSUMemoryInputStream
716	99.92	Enemy/hanasambo	genEventCoin__10TSamboHeadFv
716	99.77	Enemy/bosspakkun	execute__11TNerveBPFlyCFP24TSpineBase<10TLiveActor>
716	99.61	JSystem/JAudio/JASystem/JASChannel	updateEffectorParam__Q28JASystem8TChannelFv
716	99.61	Enemy/telesa	execute__23TNerveTelesaAttackMarioCFP24TSpineBase<10TLiveActor>
716	99.55	Enemy/koopajr	makeRoundVelocity__17TKoopaJrSubmarineFv
712	99.89	Enemy/bossgesso	execute__22TNerveBGTentacleDamageCFP24TSpineBase<10TLiveActor>
712	99.87	NPC/NpcAnm	npcMadding__8TBaseNPCFv
712	99.62	MoveBG/MapObjFence	control__12TFenceWaterHFv
708	99.83	GC2D/SelectDir	direct__10TSelectDirFv
704	99.93	Enemy/Amenbo	execute__16TNerveAmenboTurnCFP24TSpineBase<10TLiveActor>
704	99.82	Strategic/ObjHitCheck	checkAndEntryGroup__12TObjHitCheckFP12TIdxGroupObj
700	99.94	Player/MarioAutodemo	warpOut__6TMarioFv
700	99.67	Enemy/bosstelesa	rouletteStart__11TBossTelesaFv
696	99.98	Enemy/gesso	bind__6TGessoFv
696	99.96	Enemy/wireBinder	bind__11TWireBinderFP10TLiveActor
696	99.83	GC2D/SelectShine2	__ct__12TSelectShineFP12J3DModelDataP11J3DAnmColorP17JPAEmitterManagerRQ29JGeometry8TVec3<f>sUcfff
696	99.77	MoveBG/MapObjRailBlock	moveToNextNode__11TRailMapObjFf
696	99.37	Enemy/bosswanwan	slideToCurPathNode__11TBossWanwanFff
696	99.14	MoveBG/MapObjFlag	draw__11TMapObjFlagFv
692	99.95	Enemy/bossManta	setupEfbAlpha__17TBossMantaManagerFPQ26JDrama9TGraphics
692	99.93	Enemy/bossgesso	doAttackDouble__10TBossGessoFv
688	99.99	Enemy/bosseel	perform__11TBossEelEyeFUlPQ26JDrama9TGraphics
688	99.98	Enemy/yunbo	execute__18TNerveYumboDancingCFP24TSpineBase<10TLiveActor>
688	99.97	Enemy/chuuhana	execute__25TNerveChuuHanaForceJumpedCFP24TSpineBase<10TLiveActor>
688	99.65	Enemy/hanasambo	init__10THanaSamboFP12TLiveManager
688	99.53	Enemy/Kazekun	getQuat__Q29JGeometry64TRotation3<Q29JGeometry38TMatrix34<Q29JGeometry13SMatrix34C<f>>>CFRQ29JGeometry9TQuat4<f>
688	99.02	Enemy/BossHanachanSub	BHSCalcCentrifugalForce__FRCQ29JGeometry8TVec3<f>RCQ29JGeometry8TVec3<f>RCQ29JGeometry8TVec3<f>f
684	99.95	GC2D/Talk2D2	openNormalWindow__8TTalk2D2Fv
680	99.95	Enemy/pakkun	init__7TPakkunFP12TLiveManager
680	99.94	Animal/Bird	execute__28TNerveAnimalBirdWaitOnGroundCFP24TSpineBase<10TLiveActor>
680	99.93	Enemy/chuuhana	execute__19TNerveChuuHanaStickCFP24TSpineBase<10TLiveActor>
680	99.85	Enemy/popo	behaveToWater__5TPopoFP9THitActor
680	99.79	Player/MarioJump	slipFalling__6TMarioFv
680	99.76	Enemy/TabePuku	execute__19TNerveTabePukuFoundCFP24TSpineBase<10TLiveActor>
680	99.22	Enemy/popo	attackToMario__5TPopoFv
676	99.95	Enemy/killer	execute__21TNerveKillerExplosionCFP24TSpineBase<10TLiveActor>
676	99.85	MarioUtil/MathUtil	matan__Fff
676	99.17	Enemy/enemyMario	drawHPMeter__11TEnemyMarioFPA4_f
668	99.95	Enemy/rocket	execute__27TNerveRocketPossessedNozzleCFP24TSpineBase<10TLiveActor>
668	99.94	Enemy/popo	execute__13TNervePopoFlyCFP24TSpineBase<10TLiveActor>
664	99.52	MoveBG/MapObjMamma	control__13TSandBombBaseFv
660	99.14	Enemy/bossManta	init__10TBossMantaFP12TLiveManager
656	99.92	Enemy/telesa	behaveToWater__7TTelesaFP9THitActor
656	99.89	Enemy/bossManta	getIntoGraphVec__10TBossMantaFPQ29JGeometry8TVec3<f>
656	99.82	Animal/AnimalBase	init__11TAnimalBaseFP12TLiveManager
656	99.62	Player/MarioDraw	MarioFootDirRCtrl__FP7J3DNodei
656	99.62	Player/MarioDraw	MarioFootDirLCtrl__FP7J3DNodei
652	99.59	Enemy/igaiga	moveObject__7TIgaigaFv
648	99.03	Enemy/wireTrap	execute__20TNerveWireTrapSearchCFP24TSpineBase<10TLiveActor>
644	99.98	Enemy/poihana	init__8TPoiHanaFP12TLiveManager
644	99.92	Enemy/tamaNoko	execute__18TNerveTamaNokoDownCFP24TSpineBase<10TLiveActor>
644	99.68	GC2D/Option	update__19TOptionSubtitleUnitFv
640	99.96	Enemy/enemyAttachment	bind__16TEnemyAttachmentFv
640	99.66	MoveBG/MapObjGeneral	bind__14TMapObjGeneralFv
636	99.47	Player/ModelWaterManager	perform__18TModelWaterManagerFUlPQ26JDrama9TGraphics
628	99.96	Enemy/bosspakkun	execute__17TNerveBPTumbleOutCFP24TSpineBase<10TLiveActor>
628	99.63	Player/MarioDraw	MarioWaistCtrl__FP7J3DNodei
624	99.23	JSystem/JParticle/JPAMath	JPAGetRMtxTVecElement__FPA4_fPA4_fRQ29JGeometry8TVec3<f>
620	99.13	System/CardManager	readBlock___12TCardManagerFUl
616	99.84	System/EventWatcher	evIsOnLiveActorFlag__FP32TSpcTypedInterp<13TEventWatcher>Ul
616	99.79	JSystem/JParticle/JPADrawVisitor	exec__24JPADrawExecRotYBillBoardFPC14JPADrawContextP15JPABaseParticle
612	99.95	Enemy/chuuhana	attackToMario__9TChuuHanaFv
612	99.94	Map/Map	update__4TMapFv
612	99.86	GC2D/GCConsole2	endCameraDemo__11TGCConsole2Fv
608	99.97	Map/MapMakeList	removeCheckListData__17TMapCollisionDataFUsl
608	99.95	Enemy/hamukuri	bind__9THamuKuriFv
608	99.82	MarioUtil/MtxUtil	calcLocalXY__11TMtxSwingRZFPA4_fP3VecP3Vec
608	99.78	Animal/BeeHive	bind__8TBeeHiveFv
604	99.95	Strategic/liveactor	bind__10TLiveActorFv
604	99.93	JSystem/JParticle/JPAField	loadFieldBlock__12JPABaseFieldFP12JPADataBlock
604	99.79	Enemy/bossManta	control__10TBossMantaFv
600	99.79	MSound/MSoundStruct	__ct__26MSSetSoundTL<10MSSetSound>FUlPCcP10MSSetSoundUcUcUcUcfUcffffflflfffb
600	99.79	MSound/MSoundSE	__ct__29MSSetSoundTL<13MSSetSoundGrp>FUlPCcP13MSSetSoundGrpUcUcUcUcfUcffffflflfffb
600	99.50	MSound/MAnmSound	startAnimSound__12MAnmSoundNPCFPvUlPP8JAISoundP8JAIActorUc
596	99.87	MoveBG/MapObjMonte	initDraw__14THangingBridgeCFv
596	99.83	Enemy/tobiPuku	execute__26TNerveTobiPukuReturnLaunchCFP24TSpineBase<10TLiveActor>
596	99.60	Enemy/igaiga	behaveToWater__9TGorogoroFP9THitActor
592	99.49	MoveBG/MapObjCorona	getNextGrip__8TBathtubCFRCQ29JGeometry8TVec3<f>RCQ29JGeometry8TVec3<f>fPf
592	99.37	Enemy/killer	execute__23TNerveFlyEnemyNormalFlyCFP24TSpineBase<10TLiveActor>
588	99.93	Enemy/popo	init__5TPopoFP12TLiveManager
588	99.76	Enemy/enemy	goToExclusiveNextGraphNode__11TSpineEnemyFv
584	99.99	Player/MarioRun	walkEnd__6TMarioFv
584	99.81	Enemy/Kukku	updateRotation__6TKukkuFv
584	99.79	Enemy/fireWanwan	slerp__Q29JGeometry9TQuat4<f>FRCQ29JGeometry9TQuat4<f>f
584	99.78	Enemy/mameGesso	execute__21TNerveMameGessoThrownCFP24TSpineBase<10TLiveActor>
584	99.28	MoveBG/MapObjBianco	bind__9TLeafBoatFv
580	99.95	Enemy/killer	fly__9TFlyEnemyFv
576	99.81	Enemy/cannon	setKillerGoalPoint__7TCannonFv
576	99.47	MoveBG/MapObjCorona	getNextJuncture__8TBathtubCFRCQ29JGeometry8TVec3<f>RCQ29JGeometry8TVec3<f>
572	99.92	MoveBG/MapObjMonte	move__6TFluffFv
572	99.74	MarioUtil/DrawUtil	loadAfter__11TSilhouetteFv
568	99.99	MarioUtil/ShadowUtil	__ct__19TMBindShadowManagerFPCc
564	99.93	Enemy/tinkoopa	emitFlameEffects__14TTinKoopaFlameFv
564	99.87	System/EventWatcher	evInsertTimer__FP32TSpcTypedInterp<13TEventWatcher>Ul
564	99.79	System/EventWatcher	evWarpFrontToMario__FP32TSpcTypedInterp<13TEventWatcher>Ul
564	99.60	Enemy/graph	getPosAndRot__11TSplineRailFfPQ29JGeometry8TVec3<f>PQ29JGeometry8TVec3<f>
560	99.97	Enemy/hanasambo	dropLeaf__19TSamboFlowerManagerFRQ29JGeometry8TVec3<f>RQ29JGeometry8TVec3<f>
560	99.94	Enemy/smallEnemy	receiveMessage__11TSmallEnemyFP9THitActorUl
560	99.93	MarioUtil/MtxUtil	MtxToQuat__FPA4_fP10Quaternion
560	99.89	Enemy/killer	calcChaseParam__9TFlyEnemyFv
560	99.57	GC2D/Option	initSteleoAnm__16TOptionSoundUnitFv
556	99.98	Enemy/bosseel	__ct__14TBEelTearsDropFP10TBEelTearsiP12SDLModelDataPCc
556	99.95	System/EventWatcher	evSetHide4LiveActor__FP32TSpcTypedInterp<13TEventWatcher>Ul
556	99.95	System/EventWatcher	evSetDead4LiveActor__FP32TSpcTypedInterp<13TEventWatcher>Ul
556	99.95	Enemy/amiNoko	bind__8TAmiNokoFv
556	99.89	Enemy/hinokuri2	execute__14TNerveHino2DieCFP24TSpineBase<10TLiveActor>
552	99.94	Enemy/bosseel	__ct__13TBossEelToothFUcP8TBossEelPCcP12SDLModelDataPCc
552	99.18	JSystem/JParticle/JPADrawVisitor	exec__19JPADrawExecRotationFPC14JPADrawContextP15JPABaseParticle
548	99.95	Enemy/koopajr	checkNerveKillerLaunchNormal__8TKoopaJrFv
548	99.95	Enemy/koopajr	checkNerveKillerLaunchFast__8TKoopaJrFv
548	99.93	GC2D/Talk2D2	eraseNormalWindow__8TTalk2D2Fv
548	99.91	Enemy/amiNoko	init__8TAmiNokoFP12TLiveManager
548	99.89	Enemy/elecNokonoko	execute__22TNerveElecNokonokoTurnCFP24TSpineBase<10TLiveActor>
548	99.72	JSystem/JParticle/JPADrawVisitor	exec__21JPADrawExecYBillBoardFPC14JPADrawContextP15JPABaseParticle
544	99.93	System/CardManager	writeBlock___12TCardManagerFUl
540	99.96	NPC/NpcChange	behaveToSandBomb___8TBaseNPCFPC10TLiveActor
540	99.85	Strategic/liveactor	calcRideMomentum__10TLiveActorFv
540	99.83	JSystem/JParticle/JPADrawVisitor	exec__23JPADrawExecRotBillBoardFPC14JPADrawContextP15JPABaseParticle
540	99.77	MoveBG/MapObjBall	kicked__11TMapObjBallFv
540	99.70	MoveBG/MapObjMonte	load__11TSwingBoardFR20JSUMemoryInputStream
536	99.96	GC2D/Option	movementOption__14TOptionControlFv
536	99.95	NPC/NpcCollision	bind__8TBaseNPCFv
532	99.95	System/EventWatcher	evSetFlagNPCCanTaken__FP32TSpcTypedInterp<13TEventWatcher>Ul
532	99.92	NPC/NpcEvent	ev__ForceStartTalk__FP32TSpcTypedInterp<13TEventWatcher>Ul
532	99.87	Enemy/bosstelesa	appendEnemy__7TBubbleFv
532	99.86	GC2D/Talk2D2	openTalkWindow__8TTalk2D2FP8TBaseNPC
532	99.46	Enemy/elecNokonoko	reflect__13TElecCarapaceFP9THitActor
528	99.79	Camera/CameraNotice	ctrlLButtonCamera___15CPolarSubCameraFv
528	99.70	Player/MarioCheckCol	hitNormal__6TMarioFP9THitActor
528	99.70	Enemy/pakkun	isHitValid__11TStayPakkunFUl
524	99.96	MoveBG/MapObjMonte	initDraw__11TSwingBoardCFv
524	99.96	MoveBG/MapObjMare	initDraw__9TWireBellCFv
524	99.96	MoveBG/MapObjMare	initDraw__9TCogwheelCFv
524	99.96	Enemy/bossgesso	doAttackShoot__10TBossGessoFv
524	99.79	Enemy/wireTrap	receiveMessage__9TWireTrapFP9THitActorUl
524	99.76	Map/MapWire	drawLower__8TMapWireCFv
520	99.92	Enemy/smallEnemy	execute__28TNerveSmallEnemyHitWaterJumpCFP24TSpineBase<10TLiveActor>
516	99.89	Enemy/hamukuri	forceRoll__9THamuKuriFQ29JGeometry8TVec3<f>b
516	99.77	Enemy/fireWanwan	initEscapeNextGraphNode__11TFireWanwanFv
512	99.95	Enemy/hamukuri	receiveMessage__14TDangoHamuKuriFP9THitActorUl
512	99.84	Enemy/chuuhana	willFall__9TChuuHanaFl
508	99.94	Strategic/MirrorActor	init__12TMirrorActorFP8J3DModelUs
504	99.63	Enemy/koopajr	makeRelativeAngle__17TKoopaJrSubmarineFv
504	99.07	Enemy/elecNokonoko	sendMessage__13TElecCarapaceFv
500	99.63	Enemy/BossHanachanMain	execWalk__13TBossHanachanFb
496	99.91	Enemy/elecNokonoko	loadInit__13TElecCarapaceFP11TSpineEnemyPCc
496	99.89	Player/MarioPhysics	hangonCheck__6TMarioFPC12TBGCheckDataRC3VecRC3Vec
492	99.96	Strategic/liveactor	init__10TLiveActorFP12TLiveManager
492	99.88	Enemy/popo	behaveToFindMario__5TPopoFv
488	99.97	System/EventWatcher	evAppear8RedCoinsAndTimer__FP32TSpcTypedInterp<13TEventWatcher>Ul
488	99.93	NPC/NpcChange	changeNerveFromTalk___8TBaseNPCFv
488	99.84	Enemy/wireTrap	execute__24TNerveWireTrapReturnMoveCFP24TSpineBase<10TLiveActor>
488	99.47	Player/MarioSpecial	getOnWirePosAngle__6TMarioFPQ29JGeometry8TVec3<f>Ps
484	99.93	System/Application	checkAdditionalMovie__12TApplicationFv
484	99.90	Enemy/graph	initGraphGroup__11TGraphGroupFv
484	99.67	Enemy/killer	genEventCoin__7TKillerFv
484	99.31	Enemy/tobiPuku	forceLaunch__18TTobiPukuLaunchPadFP9TTobiPuku
480	99.97	Enemy/bossManta	moveObject__10TBossMantaFv
480	99.94	Enemy/hamukuri	bind__13THaneHamuKuriFv
480	99.89	Enemy/BossHanachanSub	__ct__11TSphereLinkFUsRCQ29JGeometry8TVec3<f>ffffff
480	99.84	Enemy/tinkoopa	initTinKoopaPartsBase__18TTinKoopaPartsBaseFv
480	99.50	Map/MapMakeList	getGridArea__17TMapCollisionDataFPC12TBGCheckDataiPiPiPiPi
480	99.47	Enemy/bossManta	update__32TBossMantaAdditionalCollisionSetFUlPQ26JDrama9TGraphics
472	99.76	Strategic/ObjHitCheck	entryGroup__12TObjHitCheckFP12TIdxGroupObj
472	99.75	JSystem/JParticle/JPADrawVisitor	exec__20JPADrawExecBillBoardFPC14JPADrawContextP15JPABaseParticle
472	99.42	MoveBG/MapObjPlane	draw__12TMapObjPlaneFv
472	99.34	GC2D/GCConsole2	startAppearTelop__11TGCConsole2Fb
468	99.96	NPC/NpcEvent	evCheckLatestNerve4Npc__FP32TSpcTypedInterp<13TEventWatcher>Ul
468	99.85	Map/PollutionLayer	initTexImage__15TPollutionLayerFPCc
468	99.27	MSound/MSoundScene	sortMaxTrans__9MSSceneSEFP3VecUcUc
464	99.97	GC2D/PauseMenu2	setDrawStart__11TPauseMenu2Fv
464	99.96	NPC/NpcEvent	evCheckCurNerve4Npc__FP32TSpcTypedInterp<13TEventWatcher>Ul
464	99.89	Enemy/Koopa	execute__17TNerveKoopaTumbleCFP24TSpineBase<10TLiveActor>
464	99.84	JSystem/JParticle/JPAEmitter	calcKeyFrameAnime__14JPABaseEmitterFv
464	99.69	MoveBG/MapObjPlane	updateCheckData__12TMapObjPlaneFii
460	99.87	MoveBG/MapObjCorona	getNearGrip__8TBathtubCFRCQ29JGeometry8TVec3<f>fPf
456	99.92	Enemy/tobiPuku	execute__19TNerveTobiPukuBoundCFP24TSpineBase<10TLiveActor>
456	99.81	Enemy/walker	calcFarthestVertex__FPC12TBGCheckDataRCQ29JGeometry8TVec3<f>RCQ29JGeometry8TVec3<f>
456	99.71	Player/MarioMove	thinkYoshiHeadCollision__6TMarioFv
452	99.96	MoveBG/MapObjSirena	initMapObj__9TRouletteFv
452	99.96	Enemy/TabePuku	execute__18TNerveTabePukuDiveCFP24TSpineBase<10TLiveActor>
452	99.96	MSound/MSoundSE	randPlay__Q214MSoundSESystem10MSRandPlayFUl
452	99.79	Enemy/hauntLeg	initSetEnemies__16THauntLegManagerFv
448	99.79	Map/Map	initMonte__Fv
448	99.63	JSystem/JParticle/JPADrawVisitor	exec__15JPADrawExecLineFPC14JPADrawContextP15JPABaseParticle
448	99.57	Map/MapEventMare	loadAfter__13TMareWallRockFv
444	99.96	MoveBG/MapObjFence	control__10TRailFenceFv
444	99.78	Enemy/amiNoko	perform__7TAmiHitFUlPQ26JDrama9TGraphics
444	99.76	MoveBG/MapObjMamma	controlGoTarget__11TLeanMirrorFv
440	99.91	MoveBG/MapObjPinna	control__13TMerrygoroundFv
440	99.87	GC2D/Talk2D2	checkBoardControler__8TTalk2D2Fv
440	99.84	Enemy/bosswanwan	moveRequest__9TBWPicketFRCQ29JGeometry8TVec3<f>
440	99.51	MoveBG/MapObjMare	calc__10TMuddyBoatFv
440	99.29	Strategic/ObjHitCheck	checkWater__12TObjHitCheckFv
436	99.93	MoveBG/MapObjRailBlock	control__11TNormalLiftFv
436	99.92	Enemy/namekuri	init__9TNameKuriFP12TLiveManager
436	99.92	Enemy/emario	init__7TEMarioFP12TLiveManager
436	99.81	Enemy/hamukuri	jumpToSearchActor__9THamuKuriFv
436	99.71	Enemy/enemymanager	copyAnmMtx__13TEnemyManagerFP11TSpineEnemy
432	99.96	NPC/NpcEvent	evCheckMonteClear__FP32TSpcTypedInterp<13TEventWatcher>Ul
432	99.95	Enemy/TabePuku	init__9TTabePukuFP12TLiveManager
432	99.94	Map/Map	initStage__Fv
432	99.89	MoveBG/MapObjBianco	touchActor__9TLeafBoatFP9THitActor
432	99.86	MoveBG/MapObjTree	initMapObj__11TMapObjTreeFv
432	99.77	Player/MarioPhysics	checkDescent__6TMarioFv
432	99.59	Enemy/enemy	goToDirLimitedNextGraphNode__11TSpineEnemyFf
432	99.16	MoveBG/MapObjMare	moveByWater__10TMuddyBoatFv
428	99.93	Enemy/tobiPuku	execute__22TNerveTobiPukuGenerateCFP24TSpineBase<10TLiveActor>
428	99.75	JSystem/JParticle/JPADrawVisitor	exec__23JPADrawExecGenPrjTexMtxFPC14JPADrawContext
428	99.56	Enemy/TabePuku	bind__9TTabePukuFv
424	99.93	Map/MapCheck	checkGround__17TMapCollisionDataCFfffUcPPC12TBGCheckData
424	99.80	Enemy/limitkoopajr	execute__21TNerveLimitKoopaJrRunCFP24TSpineBase<10TLiveActor>
424	99.62	Map/MapWireManager	getPosInWire__13TMapWireActorCFv
420	99.89	Enemy/fruitsboat	setGroundCollision__11TFruitsBoatFv
420	99.24	MoveBG/MapObjBianco	control__12TBigWindmillFv
416	99.90	Map/BathWaterManager	getPos__12TBathtubDataCFiif
416	99.90	Enemy/bossgesso	moveRequest__10TBGBeakHitFRCQ29JGeometry8TVec3<f>
412	99.91	MoveBG/MapObjMamma	__ct__23TMammaMirrorMapOperatorFPCc
412	99.91	Enemy/enemyMario	emWaitingToInviteMario__11TEnemyMarioFv
412	99.80	System/CardManager	copyTo__12TCardManagerFPQ212TCardManager9TCriteriaP17TCardBookmarkInfo
412	99.80	Enemy/popo	PopoNonScaleCallback__FP7J3DNodei
412	99.72	Enemy/igaiga	walkBehavior__7TIgaigaFif
412	99.42	MoveBG/MapObjDolpic	ring__11TBellDolpicFRCQ29JGeometry8TVec3<f>
408	99.96	Player/MarioDraw	drawLogic__6TMarioFv
408	99.96	Map/MapEventMare	appear__13TMareWallRockFv
408	99.88	MoveBG/MapObjPinna	control__13TPinnaCoasterFv
408	99.85	MoveBG/MapObjPinna	control__12TFerrisWheelFv
408	99.85	Enemy/popo	execute__16TNervePopoAttackCFP24TSpineBase<10TLiveActor>
408	99.71	Map/MapMakeData	updateTrans__17TMapCollisionBaseFRCQ29JGeometry8TVec3<f>
404	99.88	Enemy/bosswanwan	execute__14TNerveBWWakeupCFP24TSpineBase<10TLiveActor>
404	99.86	MoveBG/MapObjLib	touchWater__11TMapObjTurnFP9THitActor
404	99.81	Enemy/tinkoopa	checkTinKoopaKillerApproachingMessage__9TTinKoopaFv
404	99.73	Player/Tongue	emit__12TYoshiTongueFRCQ29JGeometry8TVec3<f>RCQ29JGeometry8TVec3<f>RCQ29JGeometry8TVec3<f>
404	99.50	JSystem/JDrama/JDREfbSetting	IssueGXCopyDisp__6JDramaFPvRCQ26JDrama5TRectRC16_GXRenderModeObjQ28JUtility6TColorUl10_GXFBClampUs
400	99.25	Map/MapStaticObject	perform__17TMapObjSoundGroupFUlPQ26JDrama9TGraphics
396	99.78	Enemy/namekuri	execute__19TNerveNKFollowMarioCFP24TSpineBase<10TLiveActor>
396	99.29	MoveBG/MapObjMonte	drawOneRope__19THangingBridgeBoardCFRCQ29JGeometry8TVec3<f>
392	99.92	Enemy/enemyAttachment	generatePolluteModel__25TEnemyPolluteModelManagerFRQ29JGeometry8TVec3<f>RQ29JGeometry8TVec3<f>
392	99.89	System/EventWatcher	evStartEventSE__FP32TSpcTypedInterp<13TEventWatcher>Ul
392	99.87	Player/Yoshi	appearFromEgg__6TYoshiFRCQ29JGeometry8TVec3<f>fP9TEggYoshi
388	99.95	Enemy/hanasambo	attackToMario__10TSamboHeadFv
388	99.82	System/EventWatcher	evIsInsideCube__FP32TSpcTypedInterp<13TEventWatcher>Ul
388	99.78	Enemy/chuuhana	reset__9TChuuHanaFv
388	99.55	MoveBG/MapObjMamma	exploding__13TSandBombBaseFv
384	99.93	Enemy/pakkun	loadInit__11TPakkunSeedFP11TSpineEnemyPCc
384	99.58	NPC/NpcNerve	execute__18TNerveNPCGraphWaitCFP24TSpineBase<10TLiveActor>
380	99.79	Enemy/bosswanwan	shakeCamera__11TBossWanwanFi
380	99.42	Enemy/graph	traceSpline__12TGraphTracerFf
376	99.84	MoveBG/MapObjMamma	initMapObj__17TMammaBlockRotateFv
376	99.49	Player/MarioCollision	calcDamagePos__6TMarioFRCQ29JGeometry8TVec3<f>
376	99.47	Enemy/poihana	walkBehavior__8TPoiHanaFif
372	99.96	Player/MarioRun	slopeProcess__6TMarioFv
372	99.87	MoveBG/MapObjRailBlock	initGraphTracer__11TRailMapObjFP9TGraphWeb
372	99.72	MoveBG/MapObjMare	touchPlayer__14TMapObjPuncherFP9THitActor
368	99.36	System/EventWatcher	evIsWaterMelonIsReached__FP32TSpcTypedInterp<13TEventWatcher>Ul
364	99.98	Player/MarioPhysics	jumpProcess__6TMarioFi
364	99.96	Enemy/hauntLeg	init__9THauntLegFP12TLiveManager
364	99.81	Enemy/Kukku	execute__23TNerveKukkuRecoverGraphCFP24TSpineBase<10TLiveActor>
364	99.78	Camera/CameraBGCheck	isNeedGroundCheck___15CPolarSubCameraFv
360	99.92	Enemy/limitkoopa	bind__11TLimitKoopaFv
360	99.50	Enemy/chuuhana	setGoal__9TChuuHanaFv
360	99.26	Enemy/igaiga	initSetEnemies__16TGorogoroManagerFv
360	99.22	JSystem/JParticle/JPAField	affect__14JPAVortexFieldFP11JPAParticle
356	99.94	Enemy/rocket	initSetEnemies__14TRocketManagerFv
356	99.93	Enemy/Kazekun	execute__21TNerveKazekunHitWaterCFP24TSpineBase<10TLiveActor>
356	99.88	System/EventWatcher	evStartSE__FP32TSpcTypedInterp<13TEventWatcher>Ul
356	99.79	System/GCLogoDir	direct__10TGCLogoDirFv
352	99.94	Enemy/Amenbo	calcRootMatrix__7TAmenboFv
352	99.89	MoveBG/MapObjGeneral	waitingToAppear__14TMapObjGeneralFv
352	99.77	Player/Yoshi	thinkHoldOut__6TYoshiFv
352	99.20	Enemy/Koopa	getFlameDirRate__6TKoopaCFv
352	99.12	MoveBG/MapObjSirena	partsRollCallback__FP7J3DNodei
348	99.95	Map/MapCheck	checkRoof__17TMapCollisionDataCFfffUcPPC12TBGCheckData
348	99.90	Enemy/enemyMario	emJumping__11TEnemyMarioFv
348	99.75	Enemy/pakkun	onShootLiner__7TPakkunFRQ29JGeometry8TVec3<f>
348	99.72	MSound/MSoundSE	checkSoundArea__Q214MSoundSESystem8MSoundSEFUlRC3Vec
344	99.93	Enemy/namekuri	setMeltAnm__9TNameKuriFv
344	99.93	Enemy/namekuri	setDeadAnm__9TNameKuriFv
344	99.92	Enemy/tamaNoko	receiveMessage__9TTamaNokoFP9THitActorUl
344	99.87	Enemy/Koopa	__ct__11TKoopaPartsFPCcUlP6TKoopaf
344	99.65	Enemy/amiNoko	isHitValid__8TAmiNokoFUl
344	99.30	MoveBG/MapObjFence	initMapObj__11TFenceWaterFv
340	99.96	Animal/Bird	load__11TAnimalBirdFR20JSUMemoryInputStream
340	99.72	Enemy/enemymanager	createEnemies__13TEnemyManagerFi
336	99.98	Camera/CameraBGCheck	execGroundCheck___15CPolarSubCameraF3Vec
336	99.74	MoveBG/MapObjBall	touchWater__11TResetFruitFP9THitActor
332	99.99	Enemy/bosspakkun	setGroundCollision__11TBossPakkunFv
332	99.94	Player/WaterGun	perform__9TWaterGunFUlPQ26JDrama9TGraphics
332	99.81	Enemy/popo	explosion__5TPopoFv
332	99.37	MoveBG/MapObjPinna	perform__9TShellCupFUlPQ26JDrama9TGraphics
328	99.89	JSystem/JAudio/JASystem/JASChannel	__UpdateJcToDSP__Q28JASystem6DriverFPQ28JASystem8TChannel
324	99.95	System/EventWatcher	evInvalidatePad__FP32TSpcTypedInterp<13TEventWatcher>Ul
324	99.75	Enemy/koopajr	appearShineKiller__17TKoopaJrSubmarineFi
320	99.95	Enemy/BathtubKiller	execute__28TNerveBathtubKillerExplosionCFP24TSpineBase<10TLiveActor>
320	99.92	MSound/MSound	exitStage__6MSoundFv
320	99.91	Enemy/bosswanwan	execute__12TNerveBWRollCFP24TSpineBase<10TLiveActor>
320	99.75	Enemy/gesso	set__16TGessoPolluteObjFv
320	99.75	Enemy/enemyMario	checkReturn__11TEnemyMarioFv
320	99.58	GC2D/GCConsole2	processMoveNozzle__11TGCConsole2Fv
320	99.31	MoveBG/MapObjMamma	withering__11TSandCastleFv
316	99.95	MoveBG/MapObjCorona	quake__8TBathtubFRCQ29JGeometry8TVec3<f>
316	99.85	Player/Tongue	canGo__12TYoshiTongueFv
316	99.41	MoveBG/MapObjMamma	load__11TLeanMirrorFR20JSUMemoryInputStream
312	99.87	MoveBG/Item	decideRandomLoveFruit__9TEggYoshiFv
312	99.69	Player/MarioMove	checkWallPlane__6TMarioFP3Vecff
308	99.88	Map/MapEventSink	loadAfter__29TMapEventSinkInPollutionResetFv
308	99.86	MarioUtil/LightUtil	perform__12TLightCommonFUlPQ26JDrama9TGraphics
308	99.79	System/MovieDirector	setup__14TMovieDirectorFPQ26JDrama8TDisplayP13TMarioGamePad
308	99.32	Enemy/fireWanwan	bindOne__11TTailRubberFRQ211TTailRubber4Node
304	99.92	JSystem/JParticle/JPADrawVisitor	calc__24JPADrawCalcScaleYBySpeedFPC14JPADrawContextP15JPABaseParticle
304	99.92	JSystem/JParticle/JPADrawVisitor	calc__24JPADrawCalcScaleXBySpeedFPC14JPADrawContextP15JPABaseParticle
304	99.91	Enemy/poihana	genEventCoin__8TPoiHanaFv
304	99.62	Map/MapWire	drawUpper__8TMapWireCFv
304	99.50	MarioUtil/ShadowUtil	forceRequest__19TMBindShadowManagerFRC20TCircleShadowRequestUl
300	99.88	Enemy/tamaNoko	initSetEnemies__16TTamaNokoManagerFv
300	99.79	System/MenuDir	setup__13TMenuDirectorFPQ26JDrama8TDisplayP13TMarioGamePad
296	99.91	MoveBG/MapObjMamma	loadAfter__11TLeanMirrorFv
292	99.78	Enemy/enemy	goToShortestNextGraphNode__11TSpineEnemyFv
292	99.73	Enemy/fireWanwan	moveRequest__18TFireWanwanTailHitFRCQ29JGeometry8TVec3<f>
292	99.08	GC2D/GCConsole2	startAppearTank__11TGCConsole2Fv
288	99.94	Enemy/Kukku	init__10TKukkuBallFv
288	99.68	Enemy/enemy	jumpToNextGraphNode__11TSpineEnemyFv
288	99.03	Enemy/bossManta	calcRootMatrix__10TBossMantaFv
284	99.94	MoveBG/MapObjBianco	touchWater__19TBiancoMiniWindmillFP9THitActor
284	99.94	Enemy/BathtubKiller	execute__24TNerveBathtubKillerBreakCFP24TSpineBase<10TLiveActor>
284	99.93	GC2D/GCConsole2	processDisappearBalloon__11TGCConsole2Fv
280	99.93	JSystem/JParticle/JPAEmitter	__ct__14JPABaseEmitterFv
280	99.87	Enemy/enemyMario	emWaiting__11TEnemyMarioFv
280	99.86	Player/MarioCollision	incHP__6TMarioFi
276	99.94	MoveBG/MapObjLib	throwObjToFrontFromPoint__11TMapObjBaseCFP11TMapObjBaseRCQ29JGeometry8TVec3<f>ff
276	99.93	GC2D/GCConsole2	processAppearBalloon__11TGCConsole2Fv
276	99.80	MoveBG/MapObjMonte	draw__11TSwingBoardCFv
276	99.70	Enemy/enemy	goToDirectedNextGraphNode__11TSpineEnemyFRCQ29JGeometry8TVec3<f>
276	99.13	Enemy/popo	possessedIn__5TPopoFv
272	99.97	Strategic/liveactor	initAnmSound__10TLiveActorFv
272	99.75	System/MarDirectorInitECT	setupPerformList_console__12TMarDirectorFv
272	99.72	MSound/MSoundSE	startSoundNpcActor__Q214MSoundSESystem8MSoundSEFUlPC3VecUlPP8JAISoundUlUc
272	99.71	Enemy/bombhei	genEventCoin__8TBombHeiFv
272	99.40	MSound/MSModBgm	xFadeBgm__10MSBgmXFadeFf
268	99.78	MoveBG/MapObjLib	rotateVecByAxisY__11TMapObjBaseFPQ29JGeometry8TVec3<f>f
264	99.92	Enemy/enemy	update__24TSpineBase<10TLiveActor>Fv
264	99.86	JSystem/JAudio/JASystem/JASChannel	__UpdateJcToDSPInit__Q28JASystem6DriverFPQ28JASystem8TChannel
264	99.76	Enemy/enemy	goToRandomEscapeGraphNode__11TSpineEnemyFv
264	99.74	Enemy/BossHanachanMain	checkFallDecideAndSetup__13TBossHanachanFv
264	99.70	MoveBG/MapObjGeneral	recover__14TMapObjGeneralFv
260	99.83	NPC/NpcBase	getAnmOffDist___8TBaseNPCFv
260	99.75	Enemy/enemy	goToRandomNextGraphNode__11TSpineEnemyFv
260	99.38	Enemy/tinkoopa	loadAfter__16TTinKoopaManagerFv
260	99.38	Enemy/gesso	execute__15TNerveGessoTurnCFP24TSpineBase<10TLiveActor>
256	99.92	Map/MapMakeList	updateCheckListNode__17TMapCollisionDataFlll
256	99.67	Enemy/hamukuri	getTakingMtx__9THamuKuriFv
256	99.66	MoveBG/MapObjBall	touchWater__11TMapObjBallFP9THitActor
252	99.65	Player/ModelWaterManager	loadAfter__18TModelWaterManagerFv
248	99.85	GC2D/GCConsole2	processAppearLife__11TGCConsole2Fi
248	99.76	MSound/MSHandle	setSeDistanceVolume__8MSHandleFUc
248	99.45	GC2D/Option	movementOption2Card__14TOptionControlFv
244	99.89	Enemy/koopajr	bind__17TKoopaJrSubmarineFv
244	99.79	Enemy/bosstelesa	forceAllItemKill__11TBossTelesaFv
240	99.97	MoveBG/Item	loadBeforeInit__6TShineFR20JSUMemoryInputStream
240	99.88	Player/MarioMove	warpRequest__6TMarioFRCQ29JGeometry8TVec3<f>f
224	99.41	Enemy/enemy	calcTurnSpeedToReach__11TSpineEnemyCFff
220	99.87	Enemy/coasterkiller	bind__13TCoasterEnemyFv
220	99.80	System/EventWatcher	evGetRestTime__FP32TSpcTypedInterp<13TEventWatcher>Ul
220	99.80	Enemy/koopajr	makeCollisionPositions__17TKoopaJrSubmarineFv
220	99.29	MoveBG/MapObjBall	checkWallCollision__11TMapObjBallFPQ29JGeometry8TVec3<f>
216	99.89	Enemy/igaiga	flagJump__9TGorogoroFv
216	99.78	Enemy/igaiga	flagJump__10TRollEnemyFv
216	99.33	System/PerformList	perform__12TPerformListFUlPQ26JDrama9TGraphics
212	99.79	JSystem/JParticle/JPAEmitter	deleteAllParticle__14JPABaseEmitterFv
208	99.92	System/EventWatcher	evStartMontemanBGM__FP32TSpcTypedInterp<13TEventWatcher>Ul
208	99.79	MoveBG/MapObjBase	initAndRegister__11TMapObjBaseFPCc
208	99.63	System/Application	__ct__12TApplicationFv
204	99.78	JSystem/JAudio/JASystem/JASTrack	writeRegDirect__Q28JASystem6TTrackFUcUs
200	99.50	Enemy/Koopa	updateAnmSound__6TKoopaFv
196	99.90	MoveBG/MapObjBianco	loadAfter__15TLampSeesawMainFv
192	99.58	MoveBG/MapObjMamma	expanded__13TSandBombBaseFv
188	99.79	Enemy/igaiga	initSetEnemies__14TIgaigaManagerFv
188	99.79	Enemy/gesso	initSetEnemies__13TGessoManagerFv
184	99.80	System/EventWatcher	evSetPollutionIncreaseCount__FP32TSpcTypedInterp<13TEventWatcher>Ul
184	99.80	System/EventWatcher	evSetAttentionTime__FP32TSpcTypedInterp<13TEventWatcher>Ul
184	99.78	Enemy/bosseel	createEnemies__17TBEelTearsManagerFi
184	99.76	Map/MapMirror	perform__13TMirrorCameraFUlPQ26JDrama9TGraphics
184	99.67	Enemy/killer	flyBehavior__7TKillerFv
180	99.91	Animal/BeeHive	receiveMessage__4TBeeFP9THitActorUl
180	99.89	Map/MapMirror	setPlane__15TMirrorModelObjFv
180	99.33	MarioUtil/DrawUtil	SMS_UnifyMaterial__FP8J3DModel
172	99.91	System/MSoundMainSide	getMonteVillageActorArea__10MSMainProcFRC3Vec
168	99.93	MoveBG/MapObjPinna	__ct__11TPinnaShellFv
168	99.88	Player/MarioRun	getSlideStickMult__6TMarioFv
168	99.83	MSound/MSoundSE	__ct__Q214MSoundSESystem9MSRandVolFUl
168	99.74	JSystem/JParticle/JPADrawVisitor	dirTypePrevPtcl__FP15JPABaseParticleP14JPABaseEmitterRQ29JGeometry8TVec3<f>
164	99.63	MoveBG/MapObjLib	joinToGroup__11TMapObjBaseFPCcP9THitActor
160	99.95	MoveBG/MapObjMare	control__9TWireBellFv
160	99.72	Enemy/poihana	initSetEnemies__15TPoiHanaManagerFv
160	99.62	MSound/MSoundSE	__ct__Q214MSoundSESystem10MSRandPlayFUlllff
160	99.25	NPC/NpcAnm	requestNpcAnm___8TBaseNPCF14EnumNpcAnmKind27EnumNpcStopMotionBlendOnOff
156	99.90	System/EventWatcher	evGetTalkSelectedValue__FP32TSpcTypedInterp<13TEventWatcher>Ul
152	99.87	GC2D/Menu	perform__9TMenuBaseFUlPQ26JDrama9TGraphics
152	99.76	System/EventWatcher	evGetTalkMode__FP32TSpcTypedInterp<13TEventWatcher>Ul
152	99.76	Map/MapEventSink	loadAfter__24TMapEventSinkInPollutionFv
144	99.86	Map/Map	isTouchedOneWall__4TMapCFffff
128	99.94	MoveBG/MapObjMamma	waitBeforeExplode__11TSandCastleFv
124	99.29	MSound/MSoundSE	getRandVol__Q214MSoundSESystem9MSRandVolFUl
120	99.27	Map/PollutionLayer	stampModel__15TPollutionLayerFP8J3DModel
104	99.23	GC2D/ConsoleStr	__sinit_ConsoleStr_cpp
100	99.88	M3DUtil/MActorData	__ct__13MActorAnmDataFv
100	99.80	MoveBG/MapObjBianco	__ct__24TBiancoWatermillVerticalFPCc
92	99.70	Enemy/koopajr	mod__Q29JGeometry8TUtil<f>Fff
52	99.62	System/DrawSyncManager	setCallback__16TDrawSyncManagerFUlUsUsP17TDrawSyncCallback
